// Generated by tools/import_faces.py; do not edit by hand.
#ifndef FACE_ASSETS_H
#define FACE_ASSETS_H
#include <pgmspace.h>
#include "face_bitmap.h"

static const uint16_t FACE_00_PALETTE[16] PROGMEM = {
  0x0000, 0x167f, 0x059c, 0xef9f, 0x026d, 0x0189, 0x0c96, 0x0372, 0xa599, 0x5bb1, 0x94f6, 0x7433, 0xb63a, 0x4aef, 0x03f8, 0x7cf8
};
static const uint8_t FACE_00_RUNS[] PROGMEM = {
  0xf0, 0xf0, 0xf0, 0xf0, 0xf0, 0xf0, 0xf0, 0xf0, 0xf0, 0xf0, 0xf0, 0xf0, 0xf0, 0xf0, 0xf0, 0xf0, 0xf0, 0xf0, 0xf0, 0xf0, 0xf0, 0xf0, 0xf0, 0xf0,
  0xf0, 0xf0, 0xf0, 0xf0, 0xf0, 0xf0, 0xf0, 0xf0, 0xf0, 0xf0, 0xf0, 0xf0, 0xf0, 0xf0, 0xf0, 0xf0, 0xf0, 0xf0, 0xf0, 0xf0, 0xf0, 0xf0, 0xf0, 0xf0,
  0xf0, 0xf0, 0xf0, 0xf0, 0xf0, 0xf0, 0xf0, 0xf0, 0xf0, 0xf0, 0xf0, 0xf0, 0xf0, 0xf0, 0xf0, 0xf0, 0xf0, 0xf0, 0xf0, 0xf0, 0xf0, 0xf0, 0xf0, 0xf0,
  0xf0, 0xf0, 0xf0, 0xf0, 0xf0, 0xf0, 0xf0, 0xf0, 0xf0, 0xf0, 0xf0, 0xf0, 0xf0, 0xf0, 0xf0, 0xf0, 0xf0, 0xf0, 0xf0, 0xf0, 0xf0, 0xf0, 0xf0, 0xf0,
  0xf0, 0xf0, 0xf0, 0xf0, 0xf0, 0xf0, 0xf0, 0xf0, 0xf0, 0xf0, 0xf0, 0xf0, 0xf0, 0xf0, 0xf0, 0xf0, 0xf0, 0xf0, 0xf0, 0xf0, 0xf0, 0xf0, 0xf0, 0xf0,
  0xf0, 0xf0, 0xf0, 0xf0, 0xf0, 0xf0, 0xf0, 0xf0, 0xf0, 0xf0, 0xf0, 0xf0, 0xf0, 0xf0, 0xf0, 0xf0, 0xf0, 0xf0, 0xf0, 0xf0, 0xf0, 0xf0, 0xf0, 0xf0,
  0xf0, 0xf0, 0xf0, 0xf0, 0xf0, 0xf0, 0xf0, 0xf0, 0xf0, 0xf0, 0xf0, 0xf0, 0xf0, 0xf0, 0xf0, 0xf0, 0xf0, 0xf0, 0xf0, 0xf0, 0xf0, 0xf0, 0xf0, 0xf0,
  0xf0, 0xf0, 0xf0, 0xf0, 0xf0, 0xf0, 0xf0, 0xf0, 0xf0, 0xf0, 0xf0, 0xf0, 0xf0, 0xf0, 0xf0, 0xf0, 0xf0, 0xf0, 0xf0, 0xf0, 0xf0, 0xf0, 0xf0, 0xf0,
  0xf0, 0xf0, 0xf0, 0xf0, 0xf0, 0xf0, 0xf0, 0xf0, 0xf0, 0xf0, 0xf0, 0xf0, 0xf0, 0xf0, 0xf0, 0xf0, 0xf0, 0xf0, 0xf0, 0xf0, 0xf0, 0xf0, 0xf0, 0xf0,
  0xf0, 0xf0, 0xf0, 0xf0, 0xf0, 0xf0, 0xf0, 0xf0, 0xf0, 0xf0, 0xf0, 0xf0, 0xf0, 0xf0, 0xf0, 0xf0, 0xf0, 0xf0, 0xf0, 0xf0, 0xf0, 0xf0, 0xf0, 0xf0,
  0xf0, 0xf0, 0xf0, 0xf0, 0xf0, 0xf0, 0xf0, 0xf0, 0xf0, 0xf0, 0xf0, 0xf0, 0xf0, 0xf0, 0xf0, 0xf0, 0xf0, 0xf0, 0xf0, 0xf0, 0xf0, 0xf0, 0xf0, 0xf0,
  0xf0, 0xf0, 0xf0, 0xf0, 0xf0, 0xf0, 0xf0, 0xf0, 0xf0, 0xf0, 0xf0, 0xf0, 0xf0, 0xf0, 0xf0, 0xf0, 0xf0, 0xf0, 0xf0, 0xf0, 0xf0, 0xf0, 0xf0, 0xf0,
  0xf0, 0xf0, 0xf0, 0xf0, 0xf0, 0xf0, 0xf0, 0xf0, 0xf0, 0xf0, 0xf0, 0xf0, 0xf0, 0xf0, 0xf0, 0xf0, 0xf0, 0xf0, 0xf0, 0xf0, 0xf0, 0xf0, 0xf0, 0xf0,
  0xf0, 0xf0, 0xf0, 0xf0, 0xf0, 0xf0, 0xf0, 0xf0, 0xf0, 0xf0, 0xf0, 0xf0, 0xf0, 0xf0, 0xf0, 0xf0, 0xf0, 0xf0, 0xf0, 0xf0, 0xf0, 0xf0, 0xf0, 0xf0,
  0xf0, 0xf0, 0xf0, 0xf0, 0xf0, 0xf0, 0xf0, 0xf0, 0xf0, 0xf0, 0xf0, 0xf0, 0xf0, 0xf0, 0xf0, 0xf0, 0xf0, 0xf0, 0xf0, 0xf0, 0xf0, 0xf0, 0xf0, 0xf0,
  0xf0, 0xf0, 0xf0, 0xf0, 0xf0, 0xf0, 0xf0, 0xf0, 0xf0, 0xf0, 0xf0, 0xf0, 0xf0, 0xf0, 0xf0, 0xf0, 0xf0, 0xf0, 0xf0, 0xf0, 0xf0, 0xf0, 0xf0, 0xf0,
  0xf0, 0xf0, 0xf0, 0xf0, 0xf0, 0xf0, 0xf0, 0xf0, 0xf0, 0xf0, 0xf0, 0xf0, 0xf0, 0xf0, 0xf0, 0xf0, 0xf0, 0xf0, 0xf0, 0xf0, 0xf0, 0xf0, 0xf0, 0xf0,
  0xf0, 0xf0, 0xf0, 0xf0, 0xf0, 0xf0, 0xf0, 0xf0, 0xf0, 0xf0, 0xf0, 0xf0, 0xf0, 0xf0, 0xf0, 0x40, 0xe4, 0x05, 0xf0, 0xf0, 0xf0, 0xf0, 0xf0, 0xf0,
  0x00, 0xe4, 0xf0, 0xf0, 0xf0, 0xa0, 0xf0, 0xf0, 0xf0, 0x30, 0x07, 0xe1, 0x02, 0x10, 0x05, 0xf0, 0xf0, 0xf0, 0xf0, 0xf0, 0xc0, 0x02, 0xe1, 0x02,
  0xf0, 0xf0, 0xf0, 0x90, 0xf0, 0xf0, 0xf0, 0xf2, 0x62, 0x01, 0x04, 0xf0, 0xf0, 0xf0, 0xf0, 0xf0, 0x70, 0x05, 0xf2, 0x42, 0x26, 0x07, 0xf0, 0xf0,
  0xf0, 0x40, 0xf0, 0xf0, 0xc0, 0x04, 0x06, 0x02, 0x71, 0x92, 0x51, 0x02, 0x06, 0x07, 0xf0, 0xf0, 0xf0, 0xf0, 0xf0, 0x30, 0x05, 0x06, 0x02, 0x31,
  0x52, 0x51, 0x22, 0x51, 0x07, 0x04, 0x05, 0xf0, 0xf0, 0xf0, 0x10, 0xf0, 0xf0, 0xa0, 0x14, 0x02, 0x11, 0x42, 0x31, 0x92, 0x01, 0x32, 0x11, 0x02,
  0x05, 0xf0, 0xf0, 0xf0, 0xf0, 0xf0, 0x20, 0x06, 0x11, 0x22, 0x01, 0x42, 0x91, 0x42, 0x31, 0x05, 0xf0, 0xf0, 0xf0, 0x00, 0xf0, 0xf0, 0x90, 0x07,
  0x21, 0x02, 0x91, 0xc2, 0x21, 0x02, 0x11, 0x05, 0xf0, 0xf0, 0xf0, 0xf0, 0xf0, 0x04, 0x81, 0x32, 0x61, 0x62, 0x41, 0x12, 0x07, 0xf0, 0xf0, 0xe0,
  0xf0, 0xf0, 0x70, 0x04, 0x06, 0x02, 0x01, 0x12, 0xb1, 0xb2, 0x41, 0x02, 0x04, 0xf0, 0xf0, 0xf0, 0xf0, 0xf0, 0x04, 0x81, 0x22, 0x71, 0x52, 0x81,
  0x07, 0xf0, 0xf0, 0xd0, 0xf0, 0xf0, 0x60, 0x05, 0xf1, 0x01, 0xc2, 0x21, 0x02, 0x01, 0x02, 0x04, 0xf0, 0xf0, 0xf0, 0xf0, 0xf0, 0x04, 0x71, 0x42,
  0x01, 0x12, 0x21, 0x52, 0x71, 0x02, 0x11, 0x02, 0x05, 0xf0, 0xf0, 0xb0, 0xf0, 0xf0, 0x50, 0x07, 0x32, 0xf1, 0xf1, 0x01, 0x04, 0xf0, 0xf0, 0xf0,
  0xf0, 0xf0, 0x04, 0xf1, 0x41, 0x42, 0xa1, 0x02, 0xf0, 0xf0, 0xb0, 0xf0, 0xf0, 0x40, 0x07, 0x02, 0x01, 0x02, 0x01, 0x02, 0x01, 0x22, 0x71, 0xe2,
  0x01, 0x02, 0x21, 0x02, 0x05, 0xf0, 0xf0, 0xf0, 0xf0, 0xf0, 0x04, 0x61, 0xd2, 0x01, 0x32, 0x91, 0x02, 0x01, 0x02, 0xf0, 0xf0, 0xa0, 0xf0, 0xf0,
  0x30, 0x06, 0xa2, 0x51, 0x02, 0xd0, 0x07, 0x31, 0x02, 0xf0, 0xf0, 0xf0, 0xf0, 0xf0, 0x20, 0x04, 0x02, 0x41, 0x05, 0xb0, 0x05, 0x02, 0x31, 0x22,
  0x81, 0x12, 0xf0, 0xf0, 0x90, 0xf0, 0xf0, 0x20, 0x05, 0x11, 0x82, 0x21, 0x16, 0x02, 0x0e, 0x04, 0xd0, 0x04, 0x02, 0x16, 0x02, 0x07, 0xf0, 0xf0,
  0xf0, 0xf0, 0xf0, 0x30, 0x07, 0x02, 0x16, 0x02, 0x07, 0xd0, 0x07, 0x02, 0x16, 0x02, 0xd1, 0x07, 0xf0, 0xf0, 0x80, 0xf0, 0xf0, 0x10, 0x07, 0x12,
  0x11, 0x62, 0x21, 0x06, 0xf0, 0xf0, 0xf0, 0xf0, 0xf0, 0xf0, 0xf0, 0xf0, 0x40, 0x05, 0x31, 0x02, 0x91, 0x02, 0xf0, 0xf0, 0x70, 0xf0, 0xf0, 0x10,
  0x02, 0x01, 0x02, 0x51, 0x02, 0x11, 0x02, 0x15, 0xf0, 0xf0, 0xf0, 0xf0, 0xf0, 0xf0, 0xf0, 0xf0, 0x60, 0x15, 0x07, 0x11, 0x12, 0x71, 0x02, 0x05,
  0xf0, 0xf0, 0x60, 0xf0, 0xf0, 0x04, 0x06, 0x02, 0x51, 0x02, 0x11, 0x12, 0x05, 0xf0, 0xf0, 0xf0, 0xf0, 0xf0, 0xf0, 0xf0, 0xf0, 0xb0, 0x04, 0x12,
  0x01, 0x02, 0x81, 0x04, 0xf0, 0xf0, 0x50, 0xf0, 0xf0, 0x04, 0x91, 0x02, 0x05, 0xf0, 0xf0, 0xf0, 0xf0, 0xf0, 0xf0, 0xf0, 0xf0, 0xf0, 0x04, 0x22,
  0x71, 0x04, 0xf0, 0xf0, 0x50, 0xf0, 0xf0, 0x04, 0x01, 0x02, 0x61, 0x02, 0x04, 0xf0, 0xf0, 0xf0, 0xf0, 0xf0, 0xf0, 0xf0, 0xf0, 0xf0, 0x10, 0x05,
  0x02, 0x01, 0x12, 0x21, 0x02, 0x11, 0x04, 0xf0, 0xf0, 0x50, 0xf0, 0xf0, 0x04, 0x01, 0x02, 0x51, 0x02, 0x05, 0xf0, 0xf0, 0xf0, 0xf0, 0xf0, 0xf0,
  0xf0, 0xf0, 0xf0, 0x30, 0x05, 0x07, 0x02, 0x31, 0x02, 0x11, 0x04, 0xf0, 0xf0, 0x50, 0xf0, 0xf0, 0x04, 0x01, 0x42, 0x11, 0x04, 0xf0, 0xf0, 0xf0,
  0xf0, 0xf0, 0xf0, 0xf0, 0xf0, 0xf0, 0x60, 0x02, 0x01, 0x32, 0x11, 0x04, 0xf0, 0xf0, 0x50, 0xf0, 0xf0, 0x00, 0x07, 0x02, 0x31, 0x06, 0x05, 0xf0,
  0xf0, 0xf0, 0xf0, 0xf0, 0xf0, 0xf0, 0xf0, 0xf0, 0x80, 0x07, 0x31, 0x02, 0x07, 0xf0, 0xf0, 0x60, 0xf0, 0xf0, 0x10, 0x07, 0x01, 0x22, 0x05, 0xf0,
  0xf0, 0xf0, 0xf0, 0xf0, 0xf0, 0xf0, 0xf0, 0xf0, 0xa0, 0x06, 0x01, 0x02, 0x01, 0x06, 0xf0, 0xf0, 0x70, 0xf0, 0xf0, 0x20, 0x35, 0xf0, 0xf0, 0xf0,
  0xf0, 0xf0, 0xf0, 0xf0, 0xf0, 0xf0, 0xc0, 0x35, 0xf0, 0xf0, 0x70, 0xf0, 0xf0, 0xf0, 0xf0, 0xf0, 0xf0, 0xf0, 0xf0, 0xf0, 0xf0, 0xf0, 0xf0, 0xf0,
  0xf0, 0xf0, 0xf0, 0xf0, 0xf0, 0xf0, 0xf0, 0xf0, 0xf0, 0xf0, 0xf0, 0xf0, 0xf0, 0xf0, 0xf0, 0xf0, 0xf0, 0xf0, 0xf0, 0xf0, 0xf0, 0xf0, 0xf0, 0xf0,
  0xf0, 0xf0, 0xf0, 0xf0, 0xf0, 0xf0, 0xf0, 0xf0, 0xf0, 0xf0, 0xf0, 0xf0, 0xf0, 0xf0, 0xf0, 0xf0, 0xf0, 0xf0, 0xf0, 0xf0, 0xf0, 0xf0, 0xf0, 0xf0,
  0xf0, 0xf0, 0xf0, 0xf0, 0xf0, 0xf0, 0xf0, 0xf0, 0xf0, 0xf0, 0xf0, 0xf0, 0xf0, 0xf0, 0xf0, 0xf0, 0xf0, 0xf0, 0xf0, 0xf0, 0xf0, 0xf0, 0xf0, 0xf0,
  0xf0, 0xf0, 0xf0, 0xf0, 0xf0, 0xf0, 0xf0, 0xf0, 0xf0, 0xf0, 0xf0, 0xf0, 0xf0, 0xf0, 0xf0, 0xf0, 0xf0, 0xf0, 0xf0, 0xf0, 0xf0, 0xf0, 0xf0, 0xf0,
  0xf0, 0xf0, 0xf0, 0xf0, 0xf0, 0xf0, 0xf0, 0xf0, 0xf0, 0xf0, 0xf0, 0xf0, 0xf0, 0xf0, 0xf0, 0xf0, 0xf0, 0xf0, 0xf0, 0xf0, 0xf0, 0xf0, 0xf0, 0xf0,
  0xf0, 0xf0, 0xf0, 0xf0, 0xf0, 0xf0, 0xf0, 0xf0, 0xf0, 0xf0, 0xf0, 0xf0, 0xf0, 0xf0, 0xf0, 0xf0, 0xf0, 0xf0, 0xf0, 0xf0, 0xf0, 0xf0, 0xf0, 0xf0,
  0xf0, 0xf0, 0xf0, 0xf0, 0xf0, 0xf0, 0xf0, 0xf0, 0xf0, 0xf0, 0xf0, 0xf0, 0xf0, 0xf0, 0xf0, 0xf0, 0xf0, 0xf0, 0xf0, 0xf0, 0xf0, 0xf0, 0xf0, 0xf0,
  0xf0, 0xf0, 0x06, 0x37, 0xa6, 0x17, 0x06, 0x04, 0xf0, 0xf0, 0xf0, 0xf0, 0xf0, 0xf0, 0xf0, 0xf0, 0xf0, 0xf0, 0xb0, 0xf0, 0xf0, 0xe0, 0x05, 0xf1,
  0x21, 0x02, 0xf0, 0xf0, 0xf0, 0xf0, 0xf0, 0xf0, 0x10, 0x14, 0x45, 0x50, 0x45, 0x04, 0x05, 0xf0, 0xf0, 0xf0, 0x50, 0xf0, 0xf0, 0x90, 0x04, 0x37,
  0x06, 0xf1, 0x21, 0x02, 0x06, 0x27, 0x06, 0xf0, 0xf0, 0xf0, 0xf0, 0xf0, 0xb0, 0x05, 0x41, 0xa2, 0x21, 0x02, 0xf0, 0xf0, 0xf0, 0x50, 0xf0, 0xf0,
  0x90, 0x02, 0xf1, 0xd1, 0x07, 0xf0, 0xf0, 0xf0, 0xf0, 0xf0, 0x60, 0x35, 0x07, 0xf1, 0x21, 0x02, 0x04, 0xf0, 0xf0, 0xf0, 0x40, 0xf0, 0xf0, 0x60,
  0x04, 0x06, 0x02, 0xf1, 0xe1, 0x22, 0x04, 0xf0, 0xf0, 0xf0, 0xf0, 0xf0, 0x20, 0x07, 0xf1, 0xa1, 0x02, 0x11, 0x07, 0xf0, 0xf0, 0xf0, 0xf0, 0xf0,
  0x50, 0x05, 0x02, 0xf1, 0xf1, 0x31, 0x02, 0x04, 0xf0, 0xf0, 0xf0, 0xf0, 0xe0, 0x05, 0x17, 0xf1, 0xe1, 0x02, 0x04, 0x05, 0xf0, 0xf0, 0xd0, 0xf0,
  0xf0, 0x30, 0x04, 0xf1, 0xf1, 0x81, 0x06, 0xf0, 0xf0, 0xf0, 0xf0, 0xd0, 0x02, 0xf1, 0xf1, 0x31, 0x07, 0xf0, 0xf0, 0xc0, 0xf0, 0xf0, 0x30, 0x06,
  0xf1, 0xf1, 0x81, 0x02, 0x27, 0xf0, 0xf0, 0xf0, 0xf0, 0x80, 0x07, 0x02, 0xf1, 0xf1, 0x41, 0x02, 0x14, 0xf0, 0xf0, 0xa0, 0xf0, 0xf0, 0x00, 0x06,
  0x01, 0x02, 0xf1, 0xf1, 0xd1, 0x07, 0xf0, 0xf0, 0xf0, 0xf0, 0x50, 0x15, 0xf1, 0xf1, 0x91, 0x05, 0xf0, 0xf0, 0x90, 0xf0, 0xf0, 0x04, 0xf1, 0xf1,
  0xf1, 0x11, 0x06, 0xf0, 0xf0, 0xf0, 0xf0, 0x30, 0x02, 0xf1, 0xf1, 0xa1, 0x12, 0x16, 0x04, 0xf0, 0xf0, 0x60, 0xf0, 0xe0, 0x07, 0xf1, 0xf1, 0xf1,
  0x31, 0x02, 0xf0, 0xf0, 0xf0, 0xf0, 0x00, 0x05, 0x02, 0xf1, 0xf1, 0xf1, 0x02, 0x05, 0xf0, 0xf0, 0x50, 0xf0, 0xd0, 0x04, 0x02, 0xf1, 0xf1, 0xf1,
  0x41, 0x06, 0xf0, 0xf0, 0xf0, 0xe0, 0x05, 0x02, 0xf1, 0xf1, 0xf1, 0x21, 0x04, 0xf0, 0xf0, 0x40, 0xf0, 0xc0, 0x04, 0x02, 0xf1, 0x71, 0x02, 0x95,
  0x02, 0xf1, 0x21, 0x02, 0xf0, 0xf0, 0xf0, 0xc0, 0x05, 0xf1, 0xf1, 0xf1, 0x51, 0x04, 0xf0, 0xf0, 0x30, 0xf0, 0xb0, 0x04, 0xf1, 0x61, 0x22, 0x04,
  0x90, 0x07, 0x11, 0x02, 0xf1, 0x01, 0x06, 0xf0, 0xf0, 0xf0, 0xa0, 0x04, 0x02, 0xf1, 0x01, 0x07, 0x34, 0x57, 0xf1, 0xa1, 0x05, 0xf0, 0xf0, 0x20,
  0xf0, 0xa0, 0x07, 0xf1, 0x71, 0x05, 0x00, 0x05, 0xa0, 0x25, 0x00, 0x06, 0xf1, 0x01, 0x06, 0xf0, 0xf0, 0xf0, 0x80, 0x05, 0xc1, 0x52, 0x90, 0x05,
  0x02, 0xf1, 0x91, 0x02, 0x05, 0xf0, 0xf0, 0x10, 0xf0, 0xa0, 0x06, 0xf1, 0x41, 0x02, 0x07, 0x04, 0x90, 0x05, 0x10, 0x05, 0x30, 0x04, 0x22, 0xd1,
  0x02, 0xf0, 0xf0, 0xf0, 0x70, 0x04, 0x02, 0xe1, 0x04, 0x00, 0x15, 0x70, 0x05, 0x00, 0x35, 0x07, 0xf1, 0x71, 0x02, 0x05, 0xf0, 0xf0, 0x00, 0xf0,
  0xa0, 0x06, 0xf1, 0x21, 0x12, 0x04, 0x30, 0x09, 0x0c, 0x48, 0x09, 0x10, 0x05, 0x70, 0x02, 0xd1, 0x06, 0xf0, 0xf0, 0xf0, 0x70, 0x06, 0xc1, 0x12,
  0x07, 0xf0, 0x20, 0x22, 0xf1, 0x51, 0x07, 0xf0, 0xf0, 0x00, 0xf0, 0x90, 0x06, 0xf1, 0x31, 0x07, 0x30, 0x15, 0x08, 0x53, 0x0a, 0x15, 0x80, 0x05,
  0x07, 0x02, 0xc1, 0x02, 0x05, 0xf0, 0xf0, 0xf0, 0x50, 0x07, 0xc1, 0x02, 0x05, 0x20, 0x04, 0x0b, 0x59, 0x05, 0x90, 0x07, 0x11, 0x02, 0xf1, 0x21,
  0x07, 0xf0, 0xf0, 0x00, 0xf0, 0x80, 0x05, 0xf1, 0x31, 0x06, 0x30, 0x05, 0x1c, 0x83, 0x09, 0xa0, 0x04, 0xd1, 0x07, 0xf0, 0xf0, 0xf0, 0x40, 0x04,
  0x02, 0xa1, 0x02, 0x07, 0x05, 0x30, 0x0f, 0x63, 0x05, 0x90, 0x05, 0x07, 0x02, 0xf1, 0x41, 0x06, 0xf0, 0xf0, 0xf0, 0x70, 0x04, 0x02, 0xf1, 0x21,
  0x02, 0x04, 0x20, 0x09, 0x08, 0xa3, 0x08, 0x04, 0x90, 0x05, 0x07, 0x02, 0xc1, 0x07, 0xf0, 0xf0, 0xf0, 0x20, 0x05, 0xc1, 0x07, 0x20, 0x05, 0x0a,
  0x08, 0x73, 0x08, 0x09, 0xa0, 0x04, 0x02, 0xf1, 0x41, 0xf0, 0xf0, 0xf0, 0x70, 0x02, 0xf1, 0x21, 0x02, 0x30, 0x05, 0x08, 0xd3, 0xb0, 0x07, 0xc1,
  0x04, 0xf0, 0xf0, 0xf0, 0x10, 0x04, 0x02, 0xa1, 0x02, 0x07, 0x04, 0x10, 0x04, 0x08, 0xb3, 0x05, 0xa0, 0x07, 0xf1, 0x41, 0x06, 0x04, 0xf0, 0xd0,
  0xf0, 0x70, 0x02, 0xf1, 0x21, 0x04, 0x20, 0x0d, 0x0c, 0xe3, 0x05, 0xb0, 0x02, 0xb1, 0x07, 0xf0, 0xf0, 0xf0, 0x10, 0x07, 0xa1, 0x02, 0x07, 0x05,
  0x10, 0x05, 0x08, 0xc3, 0x0a, 0x04, 0x90, 0x05, 0x07, 0xf1, 0x41, 0x06, 0xf0, 0xd0, 0xf0, 0x60, 0x07, 0x02, 0xf1, 0x01, 0x02, 0x07, 0x30, 0x0b,
  0xf3, 0x05, 0xb0, 0x07, 0x02, 0xb1, 0x02, 0xf0, 0xf0, 0xf0, 0x00, 0x04, 0xa1, 0x02, 0x05, 0x10, 0x04, 0x08, 0xe3, 0x0b, 0xb0, 0x06, 0xf1, 0x31,
  0x07, 0xf0, 0xd0, 0xf0, 0x50, 0x04, 0xf1, 0x21, 0x06, 0x30, 0x09, 0x08, 0xf3, 0x05, 0xc0, 0x05, 0x02, 0xb1, 0x04, 0xf0, 0xf0, 0xe0, 0x07, 0x02,
  0x91, 0x02, 0x07, 0x20, 0x09, 0xf3, 0x0b, 0xb0, 0x04, 0x02, 0xf1, 0x21, 0x02, 0x04, 0xf0, 0xc0, 0xf0, 0x50, 0x07, 0xf1, 0x21, 0x02, 0x05, 0x10,
  0x05, 0xf3, 0x13, 0x05, 0xc0, 0x05, 0xc1, 0x04, 0xf0, 0xf0, 0xd0, 0x04, 0xa1, 0x02, 0x05, 0x20, 0x05, 0x09, 0xf3, 0x0b, 0xc0, 0x05, 0xf1, 0x41,
  0x04, 0xf0, 0xb0, 0xf0, 0x50, 0x07, 0xf1, 0x11, 0x07, 0x15, 0x10, 0x05, 0xf3, 0x13, 0xd0, 0x05, 0x07, 0x02, 0xa1, 0x05, 0xf0, 0xf0, 0xd0, 0x04,
  0xa1, 0x02, 0x05, 0x20, 0x08, 0xf3, 0x03, 0x0b, 0xc0, 0x04, 0xf1, 0x41, 0x04, 0xf0, 0xb0, 0xf0, 0x50, 0x07, 0xf1, 0x11, 0x04, 0x30, 0x04, 0xf3,
  0x13, 0xf0, 0x07, 0xa1, 0x05, 0xf0, 0xf0, 0xd0, 0x04, 0x91, 0x02, 0x07, 0x05, 0x20, 0x0c, 0xf3, 0x03, 0x0b, 0xc0, 0x05, 0x04, 0x02, 0xf1, 0x21,
  0x05, 0xf0, 0xb0, 0xf0, 0x50, 0x07, 0xf1, 0x11, 0x04, 0x30, 0x04, 0xf3, 0x03, 0x0a, 0xf0, 0x07, 0xa1, 0x06, 0x04, 0xf0, 0xf0, 0xc0, 0x04, 0x91,
  0x07, 0x30, 0x05, 0x0c, 0xf3, 0x03, 0x0b, 0xe0, 0x07, 0xf1, 0x21, 0x05, 0xf0, 0xb0, 0xf0, 0x30, 0x04, 0x06, 0x02, 0xf1, 0x11, 0x04, 0x30, 0x04,
  0xf3, 0x08, 0xf0, 0x00, 0x07, 0xc1, 0x05, 0xf0, 0xf0, 0xb0, 0x07, 0x91, 0x04, 0x30, 0x05, 0x0c, 0xf3, 0x03, 0x09, 0xe0, 0x07, 0xf1, 0x21, 0x04,
  0xf0, 0xb0, 0xf0, 0x30, 0x07, 0xf1, 0x11, 0x02, 0x06, 0x05, 0x30, 0x04, 0xe3, 0x08, 0x0d, 0xf0, 0x00, 0x04, 0x12, 0xa1, 0x05, 0xf0, 0xf0, 0x90,
  0x05, 0xb1, 0x07, 0x40, 0x08, 0xf3, 0x09, 0xf0, 0x06, 0xf1, 0x31, 0x06, 0x05, 0xf0, 0x90, 0xf0, 0x30, 0x04, 0xf1, 0x11, 0x07, 0x50, 0x05, 0xe3,
  0x05, 0xf0, 0x30, 0x06, 0xa1, 0x05, 0xf0, 0xf0, 0x90, 0x05, 0xa1, 0x02, 0x04, 0x40, 0x08, 0xe3, 0x0c, 0x04, 0xf0, 0x04, 0x06, 0x02, 0xf1, 0x21,
  0x04, 0xf0, 0x90, 0xf0, 0x30, 0x04, 0xf1, 0x11, 0x07, 0x70, 0x0a, 0xa3, 0x0b, 0x0d, 0xf0, 0x40, 0x06, 0xa1, 0x05, 0xf0, 0xf0, 0x90, 0x05, 0x02,
  0x81, 0x02, 0x05, 0x50, 0x08, 0xd3, 0x0b, 0xf0, 0x30, 0x02, 0xf1, 0x21, 0x05, 0xf0, 0x90, 0xf0, 0x30, 0x04, 0xf1, 0x11, 0x07, 0x70, 0x0d, 0xa3,
  0xf0, 0x60, 0x06, 0xa1, 0x05, 0xf0, 0xf0, 0xa0, 0x02, 0x81, 0x06, 0x70, 0x09, 0xb3, 0x0c, 0x04, 0xf0, 0x30, 0x02, 0xf1, 0x21, 0x05, 0xf0, 0x90,
  0xf0, 0x30, 0x04, 0xf1, 0x11, 0x07, 0x90, 0x0a, 0x63, 0x05, 0xf0, 0x70, 0x06, 0xa1, 0x04, 0xf0, 0xf0, 0xa0, 0x02, 0x81, 0x06, 0x70, 0x05, 0xa3,
  0x0a, 0xf0, 0x50, 0x02, 0xf1, 0x21, 0x04, 0xf0, 0x90, 0xf0, 0x30, 0x04, 0xf1, 0x11, 0x06, 0x90, 0x0d, 0x5a, 0x0b, 0xf0, 0x80, 0x06, 0xa1, 0x04,
  0xf0, 0xf0, 0xa0, 0x02, 0x81, 0x06, 0x90, 0x0d, 0x63, 0x0c, 0x0d, 0x04, 0xf0, 0x50, 0x02, 0xf1, 0x21, 0x04, 0xf0, 0x90, 0xf0, 0x30, 0x04, 0xf1,
  0x11, 0x06, 0xf0, 0xf0, 0xa0, 0x06, 0xa1, 0x04, 0xf0, 0xf0, 0xa0, 0x02, 0x81, 0x07, 0x90, 0x05, 0x08, 0x03, 0x0c, 0x33, 0x09, 0xf0, 0x70, 0x02,
  0xf1, 0x21, 0x04, 0xf0, 0x90, 0xf0, 0x30, 0x04, 0xf1, 0x11, 0x06, 0xf0, 0xf0, 0xa0, 0x06, 0xa1, 0x04, 0xf0, 0xf0, 0xa0, 0x02, 0x81, 0x07, 0xa0,
  0x55, 0xf0, 0x90, 0x06, 0xf1, 0x21, 0x04, 0xf0, 0x90, 0xf0, 0x30, 0x04, 0xf1, 0x11, 0x07, 0xf0, 0xf0, 0xa0, 0x06, 0xa1, 0x04, 0xf0, 0xf0, 0xa0,
  0x02, 0x81, 0x07, 0xf0, 0xf0, 0xa0, 0x06, 0xf1, 0x21, 0x04, 0xf0, 0x90, 0xf0, 0x30, 0x04, 0xf1, 0x11, 0x07, 0xf0, 0xf0, 0xa0, 0x06, 0xa1, 0x04,
  0xf0, 0xf0, 0xa0, 0x02, 0x81, 0x07, 0xf0, 0xf0, 0xa0, 0x06, 0xf1, 0x21, 0x04, 0xf0, 0x90, 0xf0, 0x30, 0x04, 0xf1, 0x11, 0x07, 0xf0, 0xf0, 0xa0,
  0x06, 0xa1, 0x04, 0xf0, 0xf0, 0xa0, 0x02, 0x81, 0x07, 0xf0, 0xf0, 0xa0, 0x06, 0xf1, 0x21, 0x04, 0xf0, 0x90, 0xf0, 0x30, 0x04, 0xf1, 0x11, 0x07,
  0xf0, 0xf0, 0xa0, 0x06, 0xa1, 0x04, 0xf0, 0xf0, 0xa0, 0x02, 0x81, 0x07, 0xf0, 0xf0, 0xa0, 0x06, 0xf1, 0x21, 0x04, 0xf0, 0x90, 0xf0, 0x30, 0x04,
  0xf1, 0x11, 0x07, 0xf0, 0xf0, 0xa0, 0x06, 0xa1, 0x04, 0xf0, 0xf0, 0xa0, 0x02, 0x81, 0x07, 0xf0, 0xf0, 0xa0, 0x06, 0xf1, 0x21, 0x04, 0xf0, 0x90,
  0xf0, 0x30, 0x04, 0xf1, 0x11, 0x07, 0xf0, 0xf0, 0xa0, 0x06, 0xa1, 0x04, 0xf0, 0xf0, 0xa0, 0x02, 0x81, 0x06, 0xf0, 0xf0, 0xa0, 0x02, 0xf1, 0x21,
  0x04, 0xf0, 0x90, 0xf0, 0x30, 0x04, 0xf1, 0x11, 0x07, 0xf0, 0xf0, 0xa0, 0x06, 0xa1, 0x05, 0xf0, 0xf0, 0xa0, 0x02, 0x81, 0x06, 0xf0, 0xf0, 0xa0,
  0x02, 0xf1, 0x21, 0x04, 0xf0, 0x90, 0xf0, 0x30, 0x04, 0xf1, 0x11, 0x07, 0xf0, 0xf0, 0xa0, 0x06, 0xa1, 0x05, 0xf0, 0xf0, 0xa0, 0x02, 0x81, 0x06,
  0xf0, 0xf0, 0xa0, 0x02, 0xf1, 0x21, 0x05, 0xf0, 0x90, 0xf0, 0x30, 0x04, 0xf1, 0x11, 0x06, 0x05, 0xf0, 0xf0, 0x90, 0x06, 0xa1, 0x05, 0xf0, 0xf0,
  0xa0, 0x02, 0x81, 0x06, 0xf0, 0xf0, 0xa0, 0x02, 0xf1, 0x21, 0x05, 0xf0, 0x90, 0xf0, 0x30, 0x04, 0xf1, 0x31, 0x04, 0xf0, 0xf0, 0x60, 0x04, 0x12,
  0xa1, 0x04, 0xf0, 0xf0, 0xa0, 0x02, 0x81, 0x02, 0x07, 0x05, 0xf0, 0xf0, 0x60, 0x04, 0x07, 0x02, 0xf1, 0x21, 0x05, 0xf0, 0x90, 0xf0, 0x30, 0x04,
  0xf1, 0x31, 0x05, 0xf0, 0xf0, 0x60, 0x07, 0xa1, 0x02, 0x06, 0xf0, 0xf0, 0xb0, 0xb1, 0x07, 0xf0, 0xf0, 0x60, 0x06, 0xf1, 0x41, 0x05, 0xf0, 0x90,
  0xf0, 0x40, 0x04, 0x02, 0xf1, 0x11, 0x05, 0xf0, 0xf0, 0x60, 0x04, 0xa1, 0x04, 0xf0, 0xf0, 0xc0, 0x06, 0xa1, 0x04, 0xf0, 0xf0, 0x60, 0x07, 0xf1,
  0x31, 0x02, 0xf0, 0xa0, 0xf0, 0x50, 0x07, 0xf1, 0x11, 0x04, 0xf0, 0xf0, 0x60, 0x04, 0xa1, 0x05, 0xf0, 0xf0, 0xd0, 0x04, 0x91, 0x04, 0xf0, 0xf0,
  0x60, 0x07, 0xf1, 0x21, 0x07, 0x05, 0xf0, 0xa0, 0xf0, 0x50, 0x07, 0xf1, 0x11, 0x02, 0x04, 0xf0, 0xf0, 0x50, 0x07, 0xa1, 0x05, 0xf0, 0xf0, 0xd0,
  0x05, 0x02, 0x81, 0x07, 0xf0, 0xf0, 0x50, 0x05, 0x06, 0xf1, 0x21, 0x05, 0xf0, 0xb0, 0xf0, 0x50, 0x07, 0xf1, 0x21, 0x02, 0xf0, 0xf0, 0x30, 0x05,
  0x02, 0xb1, 0xf0, 0xf0, 0xe0, 0x05, 0xa1, 0x07, 0xf0, 0xf0, 0x30, 0x04, 0x02, 0xf1, 0x31, 0x04, 0xf0, 0xb0, 0xf0, 0x50, 0x07, 0xf1, 0x21, 0x06,
  0xf0, 0xf0, 0x40, 0x02, 0xa1, 0x02, 0xf0, 0xf0, 0xe0, 0x05, 0xa1, 0x02, 0xf0, 0xf0, 0x30, 0x07, 0xf1, 0x41, 0x05, 0xf0, 0xb0, 0xf0, 0x50, 0x04,
  0xf1, 0x21, 0x02, 0x07, 0xf0, 0xf0, 0x30, 0x02, 0x91, 0x06, 0xf0, 0xf0, 0xf0, 0x00, 0xa1, 0x06, 0xf0, 0xf0, 0x30, 0x07, 0xf1, 0x41, 0x05, 0xf0,
  0xb0, 0xf0, 0x60, 0x05, 0x02, 0xf1, 0x21, 0x05, 0xf0, 0xf0, 0x00, 0x05, 0x02, 0xa1, 0x04, 0xf0, 0xf0, 0xf0, 0x00, 0x04, 0x02, 0x91, 0x07, 0x05,
  0xf0, 0xf0, 0x00, 0x07, 0x02, 0xf1, 0x21, 0x06, 0x04, 0xf0, 0xc0, 0xf0, 0x70, 0x06, 0xf1, 0x21, 0x06, 0x05, 0xf0, 0xf0, 0x07, 0xb1, 0x04, 0xf0,
  0xf0, 0xf0, 0x10, 0x07, 0xa1, 0x05, 0xf0, 0xf0, 0x00, 0x02, 0xf1, 0x31, 0x04, 0xf0, 0xd0, 0xf0, 0x70, 0x06, 0xf1, 0x31, 0x07, 0xf0, 0xe0, 0x07,
  0xa1, 0x02, 0x06, 0x05, 0xf0, 0xf0, 0xf0, 0x10, 0x07, 0xa1, 0x07, 0xf0, 0xf0, 0x04, 0x02, 0xf1, 0x31, 0x07, 0xf0, 0xd0, 0xf0, 0x70, 0x05, 0x07,
  0xf1, 0x21, 0x02, 0x05, 0xf0, 0xc0, 0x04, 0x02, 0xa1, 0x02, 0xf0, 0xf0, 0xf0, 0x30, 0x04, 0x06, 0xa1, 0x07, 0xf0, 0xd0, 0x07, 0xf1, 0x41, 0x02,
  0x04, 0xf0, 0xd0, 0xf0, 0x80, 0x05, 0xf1, 0x31, 0x02, 0x07, 0xf0, 0xa0, 0x05, 0xc1, 0x07, 0xf0, 0xf0, 0xf0, 0x40, 0x05, 0xa1, 0x02, 0x07, 0xf0,
  0xb0, 0x04, 0x02, 0xf1, 0x41, 0x05, 0xf0, 0xe0, 0xf0, 0x90, 0x04, 0x02, 0xf1, 0x21, 0x02, 0x15, 0xf0, 0x70, 0x06, 0x02, 0xb1, 0x04, 0xf0, 0xf0,
  0xf0, 0x60, 0x07, 0x02, 0xa1, 0x07, 0xf0, 0x90, 0x07, 0xf1, 0x51, 0x06, 0xf0, 0xf0, 0xf0, 0xa0, 0x06, 0xf1, 0x41, 0x06, 0x30, 0x05, 0xf0, 0x10,
  0x04, 0xd1, 0x04, 0xf0, 0xf0, 0xf0, 0x70, 0x07, 0xa1, 0x02, 0x04, 0xf0, 0x70, 0x06, 0x02, 0xf1, 0x41, 0x07, 0xf0, 0xf0, 0x00, 0xf0, 0xa0, 0x02,
  0xf1, 0x51, 0x02, 0x06, 0xf0, 0x20, 0x06, 0x12, 0xc1, 0x02, 0x04, 0xf0, 0xf0, 0xf0, 0x70, 0x06, 0xc1, 0x07, 0x05, 0xf0, 0x30, 0x04, 0x06, 0xf1,
  0x61, 0x07, 0xf0, 0xf0, 0x00, 0xf0, 0xa0, 0x04, 0x02, 0xf1, 0x61, 0x07, 0x05, 0x04, 0x05, 0xa0, 0x05, 0x04, 0x05, 0x04, 0xe1, 0x02, 0xf0, 0xf0,
  0xf0, 0x90, 0x07, 0xe1, 0x04, 0xf0, 0x10, 0x04, 0xf1, 0x71, 0x02, 0x04, 0xf0, 0xf0, 0x00, 0xf0, 0xc0, 0x02, 0xf1, 0x81, 0x07, 0xa0, 0x07, 0x01,
  0x02, 0xe1, 0x02, 0xf0, 0xf0, 0xf0, 0xb0, 0x04, 0xd1, 0x02, 0x07, 0x16, 0x05, 0xa0, 0x07, 0x06, 0x07, 0x02, 0xf1, 0x71, 0x05, 0xf0, 0xf0, 0x10,
  0xf0, 0xc0, 0x04, 0xf1, 0x81, 0x02, 0x05, 0x94, 0x02, 0xf1, 0x02, 0xf0, 0xf0, 0xf0, 0xd0, 0x07, 0xf1, 0x01, 0x07, 0x90, 0x04, 0xf1, 0xa1, 0x04,
  0xf0, 0xf0, 0x20, 0xf0, 0xd0, 0x04, 0x02, 0xf1, 0xf1, 0xf1, 0x21, 0x02, 0x04, 0xf0, 0xf0, 0xf0, 0xe0, 0x04, 0xf1, 0xb2, 0xf1, 0x91, 0x04, 0xf0,
  0xf0, 0x30, 0xf0, 0xe0, 0x04, 0x02, 0xf1, 0xf1, 0xf1, 0x01, 0x02, 0x05, 0xf0, 0xf0, 0xf0, 0xf0, 0x00, 0x04, 0x02, 0xf1, 0xf1, 0xf1, 0x11, 0x02,
  0x04, 0xf0, 0xf0, 0x40, 0xf0, 0xf0, 0x04, 0xf1, 0xf1, 0xf1, 0x01, 0x04, 0xf0, 0xf0, 0xf0, 0xf0, 0x20, 0x04, 0x02, 0xf1, 0xf1, 0xf1, 0x01, 0x04,
  0xf0, 0xf0, 0x50, 0xf0, 0xf0, 0x00, 0x16, 0x02, 0xf1, 0xf1, 0x91, 0x02, 0x07, 0x04, 0x07, 0xf0, 0xf0, 0xf0, 0xf0, 0x40, 0x04, 0xf1, 0xf1, 0xf1,
  0x04, 0xf0, 0xf0, 0x60, 0xf0, 0xf0, 0x20, 0x05, 0xf1, 0xf1, 0x91, 0x06, 0xf0, 0xf0, 0xf0, 0xf0, 0x80, 0x04, 0x05, 0x07, 0xf1, 0xf1, 0x81, 0x02,
  0x05, 0x14, 0xf0, 0xf0, 0x70, 0xf0, 0xf0, 0x40, 0x04, 0x02, 0xf1, 0xf1, 0x41, 0x02, 0x05, 0xf0, 0xf0, 0xf0, 0xf0, 0xc0, 0x06, 0xf1, 0xf1, 0x51,
  0x02, 0x06, 0x04, 0xf0, 0xf0, 0xa0, 0xf0, 0xf0, 0x50, 0x07, 0x12, 0xf1, 0xf1, 0x02, 0x07, 0x02, 0x04, 0xf0, 0xf0, 0xf0, 0xf0, 0xe0, 0x05, 0x02,
  0xf1, 0xf1, 0x31, 0x06, 0xf0, 0xf0, 0xc0, 0xf0, 0xf0, 0x80, 0x07, 0xf1, 0xe1, 0x04, 0xf0, 0xf0, 0xf0, 0xf0, 0xf0, 0x20, 0x05, 0x17, 0x02, 0xf1,
  0xd1, 0x02, 0x15, 0xf0, 0xf0, 0xd0, 0xf0, 0xf0, 0x90, 0x46, 0xf1, 0x31, 0x02, 0x47, 0xf0, 0xf0, 0xf0, 0xf0, 0xf0, 0x60, 0x06, 0xf1, 0xd1, 0x07,
  0xf0, 0xf0, 0xf0, 0xf0, 0xf0, 0xe0, 0x02, 0xf1, 0x21, 0x04, 0xf0, 0xf0, 0xf0, 0xf0, 0xf0, 0xc0, 0x04, 0x05, 0x04, 0x05, 0x07, 0xf1, 0x31, 0x04,
  0x00, 0x25, 0xf0, 0xf0, 0xf0, 0x00, 0xf0, 0xf0, 0xe0, 0x06, 0x02, 0x16, 0x32, 0x46, 0x22, 0x16, 0x02, 0x06, 0x05, 0xf0, 0xf0, 0xf0, 0xf0, 0xf0,
  0xf0, 0x00, 0x05, 0xf1, 0x21, 0x02, 0xf0, 0xf0, 0xf0, 0x50, 0xf0, 0xf0, 0xf0, 0xf0, 0xf0, 0xf0, 0xf0, 0xf0, 0xf0, 0xf0, 0x50, 0xf4, 0x24, 0x05,
  0xf0, 0xf0, 0xf0, 0x50, 0xf0, 0xf0, 0xf0, 0xf0, 0xf0, 0xf0, 0xf0, 0xf0, 0xf0, 0xf0, 0xf0, 0xf0, 0xf0, 0xf0, 0xf0, 0xf0, 0xf0, 0xf0, 0xf0, 0xf0,
  0xf0, 0xf0, 0xf0, 0xf0, 0xf0, 0xf0, 0xf0, 0xf0, 0xf0, 0xf0, 0xf0, 0xf0, 0xf0, 0xf0, 0xf0, 0xf0, 0xf0, 0xf0, 0xf0, 0xf0, 0xf0, 0xf0, 0xf0, 0xf0,
  0xf0, 0xf0, 0xf0, 0xf0, 0xf0, 0xf0, 0xf0, 0xf0, 0xf0, 0xf0, 0xf0, 0xf0, 0xf0, 0xf0, 0xf0, 0xf0, 0xf0, 0xf0, 0xf0, 0xf0, 0xf0, 0xf0, 0xf0, 0xf0,
  0xf0, 0xf0, 0xf0, 0xf0, 0xf0, 0xf0, 0xf0, 0xf0, 0xf0, 0xf0, 0xf0, 0xf0, 0xf0, 0xf0, 0xf0, 0xf0, 0xf0, 0xf0, 0xf0, 0xf0, 0xf0, 0xf0, 0xf0, 0xf0,
  0xf0, 0xf0, 0xf0, 0xf0, 0xf0, 0xf0, 0xf0, 0xf0, 0xf0, 0xf0, 0xf0, 0xf0, 0xf0, 0xf0, 0xf0, 0xf0, 0xf0, 0xf0, 0xf0, 0xf0, 0xf0, 0xf0, 0xf0, 0xf0,
  0xf0, 0xf0, 0xf0, 0xf0, 0xf0, 0xf0, 0xf0, 0xf0, 0xf0, 0xf0, 0xf0, 0xf0, 0xf0, 0xf0, 0xf0, 0xf0, 0xf0, 0xf0, 0xf0, 0xf0, 0xf0, 0xf0, 0xf0, 0xf0,
  0xf0, 0xf0, 0xf0, 0xf0, 0xf0, 0xf0, 0xf0, 0xf0, 0xf0, 0xf0, 0xf0, 0xf0, 0xf0, 0xf0, 0xf0, 0xf0, 0xf0, 0xf0, 0xf0, 0xf0, 0xf0, 0xf0, 0xf0, 0xf0,
  0xf0, 0xf0, 0xf0, 0xf0, 0xf0, 0xf0, 0xb0, 0xf5, 0xf5, 0xf5, 0x15, 0xf0, 0xf0, 0xf0, 0xf0, 0xf0, 0xf0, 0x10, 0xf0, 0xf0, 0xf0, 0xf0, 0xf0, 0xa0,
  0x02, 0xf1, 0xf1, 0xf1, 0x11, 0x06, 0xf0, 0xf0, 0xf0, 0xf0, 0xf0, 0xf0, 0x00, 0xf0, 0xf0, 0xf0, 0xf0, 0xf0, 0x80, 0x04, 0x06, 0xf1, 0xf1, 0xf1,
  0x31, 0x04, 0xf0, 0xf0, 0xf0, 0xf0, 0xf0, 0xf0, 0xf0, 0xf0, 0xf0, 0xf0, 0xf0, 0x80, 0x02, 0xf1, 0xf1, 0xf1, 0x51, 0x06, 0xf0, 0xf0, 0xf0, 0xf0,
  0xf0, 0xe0, 0xf0, 0xf0, 0xf0, 0xf0, 0xf0, 0x80, 0x02, 0xf1, 0xf1, 0xf1, 0x51, 0x06, 0xf0, 0xf0, 0xf0, 0xf0, 0xf0, 0xe0, 0xf0, 0xf0, 0xf0, 0xf0,
  0xf0, 0x80, 0x02, 0xf1, 0xf1, 0xf1, 0x51, 0x06, 0xf0, 0xf0, 0xf0, 0xf0, 0xf0, 0xe0, 0xf0, 0xf0, 0xf0, 0xf0, 0xf0, 0x80, 0x02, 0xf1, 0xf1, 0xf1,
  0x51, 0x06, 0xf0, 0xf0, 0xf0, 0xf0, 0xf0, 0xe0, 0xf0, 0xf0, 0xf0, 0xf0, 0xf0, 0x80, 0x02, 0xf1, 0xf1, 0xf1, 0x51, 0x06, 0xf0, 0xf0, 0xf0, 0xf0,
  0xf0, 0xe0, 0xf0, 0xf0, 0xf0, 0xf0, 0xf0, 0x80, 0x06, 0xf1, 0xf1, 0xf1, 0x51, 0x06, 0xf0, 0xf0, 0xf0, 0xf0, 0xf0, 0xe0, 0xf0, 0xf0, 0xf0, 0xf0,
  0xf0, 0x90, 0x04, 0xf1, 0xf1, 0xf1, 0x31, 0x07, 0xf0, 0xf0, 0xf0, 0xf0, 0xf0, 0xf0, 0xf0, 0xf0, 0xf0, 0xf0, 0xf0, 0xa0, 0x06, 0x02, 0xf6, 0xf6,
  0xf6, 0x16, 0xf0, 0xf0, 0xf0, 0xf0, 0xf0, 0xf0, 0x00, 0xf0, 0xf0, 0xf0, 0xf0, 0xf0, 0xf0, 0xf0, 0xf0, 0xf0, 0xf0, 0xf0, 0xf0, 0xf0, 0xf0, 0xf0,
  0xf0, 0xf0, 0xf0, 0xf0, 0xf0, 0xf0, 0xf0, 0xf0, 0xf0, 0xf0, 0xf0, 0xf0, 0xf0, 0xf0, 0xf0, 0xf0, 0xf0, 0xf0, 0xf0, 0xf0, 0xf0, 0xf0, 0xf0, 0xf0,
  0xf0, 0xf0, 0xf0, 0xf0, 0xf0, 0xf0, 0xf0, 0xf0, 0xf0, 0xf0, 0xf0, 0xf0, 0xf0, 0xf0, 0xf0, 0xf0, 0xf0, 0xf0, 0xf0, 0xf0, 0xf0, 0xf0, 0xf0, 0xf0,
  0xf0, 0xf0, 0xf0, 0xf0, 0xf0, 0xf0, 0xf0, 0xf0, 0xf0, 0xf0, 0xf0, 0xf0, 0xf0, 0xf0, 0xf0, 0xf0, 0xf0, 0xf0, 0xf0, 0xf0, 0xf0, 0xf0, 0xf0, 0xf0,
  0xf0, 0xf0, 0xf0, 0xf0, 0xf0, 0xf0, 0xf0, 0xf0, 0xf0, 0xf0, 0xf0, 0xf0, 0xf0, 0xf0, 0xf0, 0xf0, 0xf0, 0xf0, 0xf0, 0xf0, 0xf0, 0xf0, 0xf0, 0xf0,
  0xf0, 0xf0, 0xf0, 0xf0, 0xf0, 0xf0, 0xf0, 0xf0, 0xf0, 0xf0, 0xf0, 0xf0, 0xf0, 0xf0, 0xf0, 0xf0, 0xf0, 0xf0, 0xf0, 0xf0, 0xf0, 0xf0, 0xf0, 0xf0,
  0xf0, 0xf0, 0xf0, 0xf0, 0xf0, 0xf0, 0xf0, 0xf0, 0xf0, 0xf0, 0xf0, 0xf0, 0xf0, 0xf0, 0xf0, 0xf0, 0xf0, 0xf0, 0xf0, 0xf0, 0xf0, 0xf0, 0xf0, 0xf0,
  0xf0, 0xf0, 0xf0, 0xf0, 0xf0, 0xf0, 0xf0, 0xf0, 0xf0, 0xf0, 0xf0, 0xf0, 0xf0, 0xf0, 0xf0, 0xf0, 0xf0, 0xf0, 0xf0, 0xf0, 0xf0, 0xf0, 0xf0, 0xf0,
  0xf0, 0xf0, 0xf0, 0xf0, 0xf0, 0xf0, 0xf0, 0xf0, 0xf0, 0xf0, 0xf0, 0xf0, 0xf0, 0xf0, 0xf0, 0xf0, 0xf0, 0xf0, 0xf0, 0xf0, 0xf0, 0xf0, 0xf0, 0xf0,
  0xf0, 0xf0, 0xf0, 0xf0, 0xf0, 0xf0, 0xf0, 0xf0, 0xf0, 0xf0, 0xf0, 0xf0, 0xf0, 0xf0, 0xf0, 0xf0, 0xf0, 0xf0, 0xf0, 0xf0, 0xf0, 0xf0, 0xf0, 0xf0,
  0xf0, 0xf0, 0xf0, 0xf0, 0xf0, 0xf0, 0xf0, 0xf0, 0xf0, 0xf0, 0xf0, 0xf0, 0xf0, 0xf0, 0xf0, 0xf0, 0xf0, 0xf0, 0xf0, 0xf0, 0xf0, 0xf0, 0xf0, 0xf0,
  0xf0, 0xf0, 0xf0, 0xf0, 0xf0, 0xf0, 0xf0, 0xf0, 0xf0, 0xf0, 0xf0, 0xf0, 0xf0, 0xf0, 0xf0, 0xf0, 0xf0, 0xf0, 0xf0, 0xf0, 0xf0, 0xf0, 0xf0, 0xf0,
  0xf0, 0xf0, 0xf0, 0xf0, 0xf0, 0xf0, 0xf0, 0xf0, 0xf0, 0xf0, 0xf0, 0xf0, 0xf0, 0xf0, 0xf0, 0xf0, 0xf0, 0xf0, 0xf0, 0xf0, 0xf0, 0xf0, 0xf0, 0xf0,
  0xf0, 0xf0, 0xf0, 0xf0, 0xf0, 0xf0, 0xf0, 0xf0, 0xf0, 0xf0, 0xf0, 0xf0, 0xf0, 0xf0, 0xf0, 0xf0, 0xf0, 0xf0, 0xf0, 0xf0, 0xf0, 0xf0, 0xf0, 0xf0,
  0xf0, 0xf0, 0xf0, 0xf0, 0xf0, 0xf0, 0xf0, 0xf0, 0xf0, 0xf0, 0xf0, 0xf0, 0xf0, 0xf0, 0xf0, 0xf0, 0xf0, 0xf0, 0xf0, 0xf0, 0xf0, 0xf0, 0xf0, 0xf0,
  0xf0, 0xf0, 0xf0, 0xf0, 0xf0, 0xf0, 0xf0, 0xf0, 0xf0, 0xf0, 0xf0, 0xf0, 0xf0, 0xf0, 0xf0, 0xf0, 0xf0, 0xf0, 0xf0, 0xf0, 0xf0, 0xf0, 0xf0, 0xf0,
  0xf0, 0xf0, 0xf0, 0xf0, 0xf0, 0xf0, 0xf0, 0xf0, 0xf0, 0xf0, 0xf0, 0xf0, 0xf0, 0xf0, 0xf0, 0xf0, 0xf0, 0xf0, 0xf0, 0xf0, 0xf0, 0xf0, 0xf0, 0xf0,
  0xf0, 0xf0, 0xf0, 0xf0, 0xf0, 0xf0, 0xf0, 0xf0, 0xf0, 0xf0, 0xf0, 0xf0, 0xf0, 0xf0, 0xf0, 0xf0, 0xf0, 0xf0, 0xf0, 0xf0, 0xf0, 0xf0, 0xf0, 0xf0,
  0xf0, 0xf0, 0xf0, 0xf0, 0xf0, 0xf0, 0xf0, 0xf0, 0xf0, 0xf0, 0xf0, 0xf0, 0xf0, 0xf0, 0xf0, 0xf0, 0xf0, 0xf0, 0xf0, 0xf0, 0xf0, 0xf0, 0xf0, 0xf0,
  0xf0, 0xf0, 0xf0, 0xf0, 0xf0, 0xf0, 0xf0, 0xf0, 0xf0, 0xf0, 0xf0, 0xf0, 0xf0, 0xf0, 0xf0, 0xf0, 0xf0, 0xf0, 0xf0, 0xf0, 0xf0, 0xf0, 0xf0, 0xf0,
  0xf0, 0xf0, 0xf0, 0xf0, 0xf0, 0xf0, 0xf0, 0xf0, 0xf0, 0xf0, 0xf0, 0xf0, 0xf0, 0xf0, 0xf0, 0xf0, 0xf0, 0xf0, 0xf0, 0xf0, 0xf0, 0xf0, 0xf0, 0xf0,
  0xf0, 0xf0, 0xf0, 0xf0, 0xf0, 0xf0, 0xf0, 0xf0, 0xf0, 0xf0, 0xf0, 0xf0, 0xf0, 0xf0, 0xf0, 0xf0, 0xf0, 0xf0, 0xf0, 0xf0, 0xf0, 0xf0, 0xf0, 0xf0,
  0xf0, 0xf0, 0xf0, 0xf0, 0xf0, 0xf0, 0xf0, 0xf0, 0xf0, 0xf0, 0xf0, 0xf0, 0xf0, 0xf0, 0xf0, 0xf0, 0xf0, 0xf0, 0xf0, 0xf0, 0xf0, 0xf0, 0xf0, 0xf0,
  0xf0, 0xf0, 0xf0, 0xf0, 0xf0, 0xf0, 0xf0, 0xf0, 0xf0, 0xf0, 0xf0, 0xf0, 0xf0, 0xf0, 0xf0, 0xf0, 0xf0, 0xf0, 0xf0, 0xf0, 0xf0, 0xf0, 0xf0, 0xf0,
  0xf0, 0xf0, 0xf0, 0xf0, 0xf0, 0xf0, 0xf0, 0xf0, 0xf0, 0xf0, 0xf0, 0xf0, 0xf0, 0xf0, 0xf0, 0xf0, 0xf0, 0xf0, 0xf0, 0xf0, 0xf0, 0xf0, 0xf0, 0xf0,
  0xf0, 0xf0, 0xf0, 0xf0, 0xf0, 0xf0, 0xf0, 0xf0, 0xf0, 0xf0, 0xf0, 0xf0, 0xf0, 0xf0, 0xf0, 0xf0, 0xf0, 0xf0, 0xf0, 0xf0, 0xf0, 0xf0, 0xf0, 0xf0,
};

static const uint16_t FACE_01_PALETTE[16] PROGMEM = {
  0x0000, 0x167f, 0x059d, 0xef9f, 0x0352, 0x0169, 0x0a6d, 0x0c56, 0x6391, 0x7434, 0xb65b, 0x4ace, 0x8cf6, 0x9d99, 0x475f, 0x03f8
};
static const uint8_t FACE_01_RUNS[] PROGMEM = {
  0xf0, 0xf0, 0xf0, 0xf0, 0xf0, 0xf0, 0xf0, 0xf0, 0xf0, 0xf0, 0xf0, 0xf0, 0xf0, 0xf0, 0xf0, 0xf0, 0xf0, 0xf0, 0xf0, 0xf0, 0xf0, 0xf0, 0xf0, 0xf0,
  0xf0, 0xf0, 0xf0, 0xf0, 0xf0, 0xf0, 0xf0, 0xf0, 0xf0, 0xf0, 0xf0, 0xf0, 0xf0, 0xf0, 0xf0, 0xf0, 0xf0, 0xf0, 0xf0, 0xf0, 0xf0, 0xf0, 0xf0, 0xf0,
  0xf0, 0xf0, 0xf0, 0xf0, 0xf0, 0xf0, 0xf0, 0xf0, 0xf0, 0xf0, 0xf0, 0xf0, 0xf0, 0xf0, 0xf0, 0xf0, 0xf0, 0xf0, 0xf0, 0xf0, 0xf0, 0xf0, 0xf0, 0xf0,
  0xf0, 0xf0, 0xf0, 0xf0, 0xf0, 0xf0, 0xf0, 0xf0, 0xf0, 0xf0, 0xf0, 0xf0, 0xf0, 0xf0, 0xf0, 0xf0, 0xf0, 0xf0, 0xf0, 0xf0, 0xf0, 0xf0, 0xf0, 0xf0,
  0xf0, 0xf0, 0xf0, 0xf0, 0xf0, 0xf0, 0xf0, 0xf0, 0xf0, 0xf0, 0xf0, 0xf0, 0xf0, 0xf0, 0xf0, 0xf0, 0xf0, 0xf0, 0xf0, 0xf0, 0xf0, 0xf0, 0xf0, 0xf0,
  0xf0, 0xf0, 0xf0, 0xf0, 0xf0, 0xf0, 0xf0, 0xf0, 0xf0, 0xf0, 0xf0, 0xf0, 0xf0, 0xf0, 0xf0, 0xf0, 0xf0, 0xf0, 0xf0, 0xf0, 0xf0, 0xf0, 0xf0, 0xf0,
  0xf0, 0xf0, 0xf0, 0xf0, 0xf0, 0xf0, 0xf0, 0xf0, 0xf0, 0xf0, 0xf0, 0xf0, 0xf0, 0xf0, 0xf0, 0xf0, 0xf0, 0xf0, 0xf0, 0xf0, 0xf0, 0xf0, 0xf0, 0xf0,
  0xf0, 0xf0, 0xf0, 0xf0, 0xf0, 0xf0, 0xf0, 0xf0, 0xf0, 0xf0, 0xf0, 0xf0, 0xf0, 0xf0, 0xf0, 0xf0, 0xf0, 0xf0, 0xf0, 0xf0, 0xf0, 0xf0, 0xf0, 0xf0,
  0xf0, 0xf0, 0xf0, 0xf0, 0xf0, 0xf0, 0xf0, 0xf0, 0xf0, 0xf0, 0xf0, 0xf0, 0xf0, 0xf0, 0xf0, 0xf0, 0xf0, 0xf0, 0xf0, 0xf0, 0xf0, 0xf0, 0xf0, 0xf0,
  0xf0, 0xf0, 0xf0, 0xf0, 0xf0, 0xf0, 0xf0, 0xf0, 0xf0, 0xf0, 0xf0, 0xf0, 0xf0, 0xf0, 0xf0, 0xf0, 0xf0, 0xf0, 0xf0, 0xf0, 0xf0, 0xf0, 0xf0, 0xf0,
  0xf0, 0xf0, 0xf0, 0xf0, 0xf0, 0xf0, 0xf0, 0xf0, 0xf0, 0xf0, 0xf0, 0xf0, 0xf0, 0xf0, 0xf0, 0xf0, 0xf0, 0xf0, 0xf0, 0xf0, 0xf0, 0xf0, 0xf0, 0xf0,
  0xf0, 0xf0, 0xf0, 0xf0, 0xf0, 0xf0, 0xf0, 0xf0, 0xf0, 0xf0, 0xf0, 0xf0, 0xf0, 0xf0, 0xf0, 0xf0, 0xf0, 0xf0, 0xf0, 0xf0, 0xf0, 0xf0, 0xf0, 0xf0,
  0xf0, 0xf0, 0xf0, 0xf0, 0xf0, 0xf0, 0xf0, 0xf0, 0xf0, 0xf0, 0xf0, 0xf0, 0xf0, 0xf0, 0xf0, 0xf0, 0xf0, 0xf0, 0xf0, 0xf0, 0xf0, 0xf0, 0xf0, 0xf0,
  0xf0, 0xf0, 0xf0, 0xf0, 0xf0, 0xf0, 0xf0, 0xf0, 0xf0, 0xf0, 0xf0, 0xf0, 0xf0, 0xf0, 0xf0, 0xf0, 0xf0, 0xf0, 0xf0, 0xf0, 0xf0, 0xf0, 0xf0, 0xf0,
  0xf0, 0xf0, 0xf0, 0xf0, 0xf0, 0xf0, 0xf0, 0xf0, 0xf0, 0xf0, 0xf0, 0xf0, 0xf0, 0xf0, 0xf0, 0xf0, 0xf0, 0xf0, 0xf0, 0xf0, 0xf0, 0xf0, 0xf0, 0xf0,
  0xf0, 0xf0, 0xf0, 0xf0, 0xf0, 0xf0, 0xf0, 0xf0, 0xf0, 0xf0, 0xf0, 0xf0, 0xf0, 0xf0, 0xf0, 0xf0, 0xf0, 0xf0, 0xf0, 0xf0, 0xf0, 0xf0, 0xf0, 0xf0,
  0xf0, 0xf0, 0xf0, 0xf0, 0xf0, 0xf0, 0xf0, 0xf0, 0xf0, 0xf0, 0xf0, 0xf0, 0xf0, 0xf0, 0xf0, 0xf0, 0xf0, 0xf0, 0xf0, 0xf0, 0xf0, 0xf0, 0xf0, 0xf0,
  0xf0, 0xf0, 0xf0, 0xf0, 0xf0, 0xf0, 0xf0, 0xf0, 0xf0, 0xf0, 0xf0, 0xf0, 0xf0, 0xf0, 0xf0, 0xf0, 0xf0, 0xf0, 0xf0, 0xf0, 0xf0, 0xf0, 0xf0, 0xf0,
  0xf0, 0xf0, 0xf0, 0xf0, 0xf0, 0xf0, 0xf0, 0xf0, 0xf0, 0xf0, 0xf0, 0xf0, 0xf0, 0xf0, 0xf0, 0xf0, 0xf0, 0xf0, 0xf0, 0xf0, 0xf0, 0xf0, 0xf0, 0xf0,
  0xf0, 0xf0, 0xf0, 0xf0, 0xf0, 0xf0, 0xf0, 0xf0, 0xf0, 0xf0, 0xf0, 0xf0, 0xf0, 0xf0, 0xf0, 0xf0, 0xf0, 0xf0, 0xf0, 0xf0, 0xf0, 0xf0, 0xf0, 0xf0,
  0xf0, 0xf0, 0xf0, 0xf0, 0xf0, 0xf0, 0xf0, 0xf0, 0xf0, 0xf0, 0xf0, 0xf0, 0xf0, 0xf0, 0xf0, 0xf0, 0xf0, 0xf0, 0xf0, 0xf0, 0xf0, 0xf0, 0xf0, 0xf0,
  0xf0, 0xf0, 0xf0, 0xf0, 0xf0, 0xf0, 0xf0, 0xf0, 0xf0, 0xf0, 0xf0, 0xf0, 0xf0, 0xf0, 0xf0, 0xf0, 0xf0, 0xf0, 0xf0, 0xf0, 0xf0, 0xf0, 0xf0, 0xf0,
  0xf0, 0xf0, 0xf0, 0xf0, 0xf0, 0xf0, 0xf0, 0xf0, 0xf0, 0xf0, 0xf0, 0xf0, 0xf0, 0xf0, 0xf0, 0xf0, 0xf0, 0xf0, 0xf0, 0xf0, 0xf0, 0xf0, 0xf0, 0xf0,
  0xf0, 0xf0, 0xf0, 0xf0, 0xf0, 0xf0, 0xf0, 0xf0, 0xf0, 0xf0, 0xf0, 0xf0, 0xf0, 0xf0, 0xf0, 0xf0, 0xf0, 0xf0, 0xf0, 0xf0, 0xf0, 0xf0, 0xf0, 0xf0,
  0xf0, 0xf0, 0xf0, 0xf0, 0xf0, 0xf0, 0xf0, 0xf0, 0xf0, 0xf0, 0xf0, 0xf0, 0x60, 0x05, 0xf0, 0xf0, 0xf0, 0xf0, 0xf0, 0xf0, 0xe0, 0x15, 0x00, 0xd5,
  0xf0, 0xf0, 0xf0, 0x70, 0xf0, 0xf0, 0xf0, 0x50, 0x04, 0x01, 0xf2, 0x05, 0xf0, 0xf0, 0xf0, 0xf0, 0xf0, 0xc0, 0x05, 0xf2, 0x01, 0x06, 0xf0, 0xf0,
  0xf0, 0x60, 0xf0, 0xf0, 0xf0, 0x00, 0x06, 0x24, 0x06, 0x02, 0xf1, 0x01, 0x02, 0x04, 0x07, 0x04, 0xf0, 0xf0, 0xf0, 0xf0, 0xf0, 0x50, 0x05, 0x12,
  0x14, 0xf1, 0x01, 0x02, 0x26, 0x04, 0x05, 0xf0, 0xf0, 0xf0, 0x10, 0xf0, 0xf0, 0xf0, 0x05, 0x02, 0x41, 0xf2, 0x02, 0x31, 0x04, 0x06, 0xf0, 0xf0,
  0xf0, 0xf0, 0xf0, 0x20, 0x05, 0x07, 0x31, 0x42, 0x11, 0xa2, 0x31, 0x07, 0xf0, 0xf0, 0xf0, 0x10, 0xf0, 0xf0, 0xc0, 0x05, 0x22, 0xa1, 0xa2, 0x31,
  0x02, 0x11, 0x05, 0xf0, 0xf0, 0xf0, 0xf0, 0xf0, 0x00, 0x07, 0x01, 0x72, 0x91, 0x72, 0x01, 0x02, 0x04, 0x02, 0x04, 0xf0, 0xf0, 0xe0, 0xf0, 0xf0,
  0xb0, 0x05, 0x02, 0x31, 0x42, 0x31, 0xb2, 0x11, 0x02, 0x01, 0x02, 0x11, 0x0f, 0x05, 0xf0, 0xf0, 0xf0, 0xf0, 0xd0, 0x06, 0x04, 0x02, 0x01, 0x92,
  0x61, 0x92, 0x21, 0x02, 0x05, 0xf0, 0xf0, 0xd0, 0xf0, 0xf0, 0x90, 0x05, 0x07, 0x42, 0x11, 0x02, 0x01, 0x02, 0x51, 0xa2, 0x01, 0x02, 0x31, 0x02,
  0x01, 0x02, 0xf0, 0xf0, 0xf0, 0xf0, 0xd0, 0x04, 0x11, 0x12, 0x01, 0xf2, 0x62, 0x31, 0x02, 0x01, 0x12, 0x04, 0xf0, 0xf0, 0xb0, 0xf0, 0xf0, 0x80,
  0x05, 0x04, 0x11, 0x32, 0x71, 0xe2, 0x41, 0x02, 0x01, 0x02, 0xf0, 0xf0, 0xf0, 0xf0, 0xd0, 0x04, 0x01, 0x02, 0x41, 0xf2, 0x22, 0x91, 0x02, 0x06,
  0xf0, 0xf0, 0xa0, 0xf0, 0xf0, 0x70, 0x07, 0x62, 0x61, 0xf2, 0x22, 0x21, 0x02, 0x01, 0x02, 0xf0, 0xf0, 0xf0, 0xf0, 0xd0, 0x04, 0x01, 0x02, 0x41,
  0xf2, 0x02, 0x91, 0x42, 0xf0, 0xf0, 0x90, 0xf0, 0xf0, 0x60, 0x04, 0x02, 0x11, 0x42, 0x11, 0x02, 0x11, 0x32, 0xf1, 0x01, 0x12, 0x01, 0x02, 0x01,
  0x02, 0xf0, 0xf0, 0xf0, 0xf0, 0xd0, 0x04, 0xf1, 0x61, 0x02, 0x91, 0x22, 0x11, 0x04, 0xf0, 0xf0, 0x80, 0xf0, 0xf0, 0x50, 0x04, 0x11, 0x22, 0x01,
  0x32, 0x51, 0x02, 0x01, 0xf2, 0x42, 0x01, 0x02, 0xf0, 0xf0, 0xf0, 0xf0, 0xd0, 0x04, 0x52, 0x11, 0xe2, 0x01, 0x02, 0x81, 0x62, 0xf0, 0xf0, 0x70,
  0xf0, 0xf0, 0x40, 0x12, 0x31, 0x82, 0x31, 0x02, 0x05, 0xa0, 0x05, 0x10, 0x04, 0x41, 0x02, 0x05, 0xf0, 0xf0, 0xf0, 0xf0, 0xe0, 0x05, 0x02, 0x41,
  0x04, 0xd0, 0x06, 0x51, 0x12, 0x21, 0x22, 0x31, 0x02, 0xf0, 0xf0, 0x60, 0xf0, 0xf0, 0x30, 0x04, 0x11, 0x02, 0x21, 0x52, 0x21, 0x02, 0x16, 0x04,
  0x06, 0xe0, 0x05, 0x22, 0x07, 0x02, 0x06, 0xf0, 0xf0, 0xf0, 0xf0, 0xf0, 0x00, 0x04, 0x17, 0x22, 0xf0, 0x34, 0x02, 0x41, 0x72, 0x01, 0x04, 0xf0,
  0xf0, 0x50, 0xf0, 0xf0, 0x20, 0x06, 0x02, 0x81, 0x52, 0x06, 0xf0, 0xf0, 0xf0, 0xf0, 0xf0, 0xf0, 0xf0, 0xf0, 0x40, 0x04, 0x21, 0x82, 0x01, 0x02,
  0x01, 0x02, 0xf0, 0xf0, 0x40, 0xf0, 0xf0, 0x10, 0x04, 0x91, 0x02, 0x21, 0x04, 0x15, 0xf0, 0xf0, 0xf0, 0xf0, 0xf0, 0xf0, 0xf0, 0xf0, 0x60, 0x04,
  0x06, 0x04, 0x01, 0x72, 0x11, 0x12, 0x04, 0xf0, 0xf0, 0x30, 0xf0, 0xf0, 0x10, 0x02, 0x01, 0x02, 0x81, 0x02, 0x04, 0x06, 0xf0, 0xf0, 0xf0, 0xf0,
  0xf0, 0xf0, 0xf0, 0xf0, 0xc0, 0x02, 0x01, 0x62, 0x11, 0x02, 0x11, 0x06, 0xf0, 0xf0, 0x20, 0xf0, 0xf0, 0x06, 0x12, 0x81, 0x02, 0x01, 0x04, 0xf0,
  0xf0, 0xf0, 0xf0, 0xf0, 0xf0, 0xf0, 0xf0, 0xe0, 0x05, 0x06, 0x04, 0x52, 0x31, 0x12, 0x04, 0xf0, 0xf0, 0x10, 0xf0, 0xf0, 0x04, 0xa1, 0x02, 0x05,
  0xf0, 0xf0, 0xf0, 0xf0, 0xf0, 0xf0, 0xf0, 0xf0, 0xf0, 0x20, 0x07, 0x02, 0x01, 0x22, 0x31, 0x02, 0x01, 0x02, 0x05, 0xf0, 0xf0, 0x00, 0xf0, 0xd0,
  0x05, 0x04, 0x02, 0x81, 0x12, 0x06, 0xf0, 0xf0, 0xf0, 0xf0, 0xf0, 0xf0, 0xf0, 0xf0, 0xf0, 0x40, 0x04, 0x22, 0x61, 0x12, 0x05, 0xf0, 0xf0, 0xf0,
  0xd0, 0x06, 0x11, 0x02, 0x71, 0x04, 0xf0, 0xf0, 0xf0, 0xf0, 0xf0, 0xf0, 0xf0, 0xf0, 0xf0, 0x70, 0x04, 0x02, 0x91, 0x06, 0xf0, 0xf0, 0xf0, 0xd0,
  0x06, 0x11, 0x02, 0x61, 0x02, 0xf0, 0xf0, 0xf0, 0xf0, 0xf0, 0xf0, 0xf0, 0xf0, 0xf0, 0x90, 0x07, 0x02, 0x81, 0x06, 0xf0, 0xf0, 0xf0, 0xd0, 0x06,
  0x01, 0x12, 0x31, 0x02, 0x01, 0x04, 0x05, 0xf0, 0xf0, 0xf0, 0xf0, 0xf0, 0xf0, 0xf0, 0xf0, 0xf0, 0xa0, 0x04, 0x02, 0x71, 0x06, 0xf0, 0xf0, 0xf0,
  0xd0, 0x04, 0x01, 0x22, 0x11, 0x02, 0x01, 0x02, 0xf0, 0xf0, 0xf0, 0xf0, 0xf0, 0xf0, 0xf0, 0xf0, 0xf0, 0xd0, 0x02, 0x01, 0x02, 0x51, 0x06, 0xf0,
  0xf0, 0xf0, 0xd0, 0x05, 0x07, 0x02, 0x01, 0x02, 0x21, 0x02, 0x06, 0xf0, 0xf0, 0xf0, 0xf0, 0xf0, 0xf0, 0xf0, 0xf0, 0xf0, 0xd0, 0x06, 0x04, 0x02,
  0x31, 0x02, 0x04, 0xf0, 0xf0, 0x00, 0xf0, 0xf0, 0x02, 0x31, 0x02, 0x05, 0xf0, 0xf0, 0xf0, 0xf0, 0xf0, 0xf0, 0xf0, 0xf0, 0xf0, 0xf0, 0x00, 0x02,
  0x31, 0x02, 0xf0, 0xf0, 0x10, 0xf0, 0xf0, 0x06, 0x34, 0x06, 0xf0, 0xf0, 0xf0, 0xf0, 0xf0, 0xf0, 0xf0, 0xf0, 0xf0, 0xf0, 0x10, 0x05, 0x14, 0x06,
  0x04, 0x05, 0xf0, 0xf0, 0x10, 0xf0, 0xf0, 0xf0, 0xf0, 0xf0, 0xf0, 0xf0, 0xf0, 0xf0, 0xf0, 0xf0, 0xf0, 0xf0, 0xf0, 0xf0, 0xf0, 0xf0, 0xf0, 0xf0,
  0xf0, 0xf0, 0xf0, 0xf0, 0xf0, 0xf0, 0xf0, 0xf0, 0xf0, 0xf0, 0xf0, 0xf0, 0xf0, 0xf0, 0xf0, 0xf0, 0xf0, 0xf0, 0xf0, 0xf0, 0xf0, 0xf0, 0xf0, 0xf0,
  0xf0, 0xf0, 0xf0, 0xf0, 0xf0, 0xf0, 0xf0, 0xf0, 0xf0, 0xf0, 0xf0, 0xf0, 0xf0, 0xf0, 0xf0, 0xf0, 0xf0, 0xf0, 0xf0, 0xf0, 0xf0, 0xf0, 0xf0, 0xf0,
  0xf0, 0xf0, 0xf0, 0xf0, 0xf0, 0xf0, 0xf0, 0xf0, 0xf0, 0xf0, 0xf0, 0xf0, 0xf0, 0xf0, 0xf0, 0xf0, 0xf0, 0xf0, 0xf0, 0xf0, 0xf0, 0xf0, 0xf0, 0xf0,
  0xf0, 0xf0, 0xf0, 0xf0, 0xf0, 0xf0, 0xf0, 0xf0, 0xf0, 0xf0, 0xf0, 0xf0, 0xf0, 0xf0, 0xf0, 0xf0, 0xf0, 0xf0, 0xf0, 0xf0, 0xf0, 0xf0, 0xf0, 0xf0,
  0xf0, 0xf0, 0xf0, 0xf0, 0xf0, 0xf0, 0xf0, 0xf0, 0xf0, 0xf0, 0xf0, 0xf0, 0xf0, 0xf0, 0xf0, 0xf0, 0xf0, 0xf0, 0xf0, 0xf0, 0xf0, 0xf0, 0xf0, 0xf0,
  0xf0, 0xf0, 0xf0, 0xf0, 0xf0, 0xf0, 0xf0, 0xf0, 0xf0, 0xf0, 0xf0, 0xf0, 0xf0, 0xf0, 0xf0, 0xf0, 0xf0, 0xf0, 0xf0, 0xf0, 0xf0, 0xf0, 0xf0, 0xf0,
  0xf0, 0xf0, 0xf0, 0xf0, 0xf0, 0xf0, 0xf0, 0xf0, 0xf0, 0xf0, 0xf0, 0xf0, 0xf0, 0xf0, 0xf0, 0xf0, 0xf0, 0xf0, 0xf0, 0xf0, 0xf0, 0xf0, 0xf0, 0xf0,
  0xf0, 0xf0, 0xf0, 0xf0, 0xf0, 0xf0, 0xf0, 0xf0, 0xf0, 0xf0, 0xf0, 0xf0, 0xf0, 0xf0, 0xf0, 0xf0, 0xf0, 0xf0, 0xf0, 0xf0, 0xf0, 0xf0, 0xf0, 0xf0,
  0xf0, 0xf0, 0xf0, 0xf0, 0xf0, 0xf0, 0xf0, 0xf0, 0xf0, 0xf0, 0xf0, 0xf0, 0xf0, 0xf0, 0xf0, 0xf0, 0xf0, 0x10, 0x05, 0x06, 0xf5, 0x06, 0x05, 0xf0,
  0xf0, 0xf0, 0xf0, 0xf0, 0xf0, 0x10, 0xf5, 0x35, 0xf0, 0xf0, 0xf0, 0x30, 0xf0, 0xf0, 0xf0, 0x10, 0x02, 0xf1, 0x11, 0x02, 0xf0, 0xf0, 0xf0, 0xf0,
  0xf0, 0xf0, 0x10, 0xf1, 0x21, 0x02, 0xf0, 0xf0, 0xf0, 0x30, 0xf0, 0xf0, 0xf0, 0x00, 0x06, 0xf1, 0x31, 0x06, 0xf0, 0xf0, 0xf0, 0xf0, 0xf0, 0xc0,
  0x05, 0x10, 0x06, 0xf1, 0x21, 0x02, 0xf0, 0xf0, 0xf0, 0x30, 0xf0, 0xf0, 0xb0, 0x06, 0x01, 0x22, 0xf1, 0x91, 0x04, 0xf0, 0xf0, 0xf0, 0xf0, 0xf0,
  0x50, 0x04, 0x01, 0x02, 0x01, 0x12, 0xf1, 0x31, 0x02, 0x37, 0x06, 0xf0, 0xf0, 0xd0, 0xf0, 0xf0, 0xa0, 0x05, 0x02, 0xf1, 0xd1, 0x02, 0x15, 0xf0,
  0xf0, 0xf0, 0xf0, 0xf0, 0x20, 0x05, 0xf1, 0xe1, 0x02, 0xf0, 0xf0, 0xd0, 0xf0, 0xf0, 0x80, 0x06, 0x02, 0xf1, 0xf1, 0x21, 0x04, 0xf0, 0xf0, 0xf0,
  0xf0, 0xf0, 0x07, 0xf1, 0xf1, 0x11, 0x12, 0x06, 0xf0, 0xf0, 0xa0, 0xf0, 0xf0, 0x60, 0x05, 0x06, 0x02, 0xf1, 0xf1, 0x31, 0x02, 0x07, 0x06, 0xf0,
  0xf0, 0xf0, 0xf0, 0xb0, 0x05, 0x06, 0xf1, 0xf1, 0x41, 0x02, 0x05, 0xf0, 0xf0, 0x90, 0xf0, 0xf0, 0x60, 0x02, 0xf1, 0xf1, 0x71, 0x02, 0xf0, 0xf0,
  0xf0, 0xf0, 0xa0, 0x05, 0xf1, 0xf1, 0x81, 0x07, 0xf0, 0xf0, 0x80, 0xf0, 0xf0, 0x30, 0x16, 0x07, 0xf1, 0xf1, 0x91, 0x27, 0x06, 0xf0, 0xf0, 0xf0,
  0xf0, 0x40, 0x16, 0x07, 0xf1, 0xf1, 0x81, 0x02, 0x04, 0x06, 0x05, 0xf0, 0xf0, 0x50, 0xf0, 0xf0, 0x20, 0x05, 0xf1, 0xf1, 0xf1, 0x02, 0xf0, 0xf0,
  0xf0, 0xf0, 0x30, 0x02, 0xf1, 0xf1, 0xf1, 0xf0, 0xf0, 0x50, 0xf0, 0xf0, 0x10, 0x06, 0x02, 0xf1, 0xf1, 0xf1, 0x01, 0x02, 0x06, 0xf0, 0xf0, 0xf0,
  0xf0, 0x00, 0x04, 0xf1, 0xf1, 0xf1, 0x01, 0x04, 0xf0, 0xf0, 0x40, 0xf0, 0xf0, 0x00, 0x06, 0xf1, 0x81, 0x92, 0xf1, 0x01, 0x02, 0xf0, 0xf0, 0xf0,
  0xf0, 0x07, 0xf1, 0x01, 0xa2, 0xf1, 0x61, 0x07, 0xf0, 0xf0, 0x30, 0xf0, 0xf0, 0x05, 0x02, 0xf1, 0x71, 0x04, 0x90, 0x02, 0xf1, 0x01, 0x02, 0x05,
  0xf0, 0xf0, 0xf0, 0xc0, 0x04, 0xf1, 0x01, 0x02, 0x25, 0x60, 0x04, 0xf1, 0x71, 0x02, 0xf0, 0xf0, 0x20, 0xf0, 0xe0, 0x06, 0xf1, 0x61, 0x02, 0x01,
  0x02, 0x05, 0x90, 0x04, 0x02, 0x07, 0x02, 0xd1, 0x0e, 0x07, 0xf0, 0xf0, 0xf0, 0xb0, 0x07, 0xe1, 0x04, 0x12, 0x04, 0x90, 0x06, 0x07, 0x04, 0x02,
  0xf1, 0x51, 0x02, 0xf0, 0xf0, 0x10, 0xf0, 0xd0, 0x05, 0x02, 0xf1, 0x21, 0x0e, 0x11, 0x04, 0x25, 0x50, 0x35, 0x40, 0x07, 0xe1, 0x07, 0xf0, 0xf0,
  0xf0, 0x90, 0x04, 0xe1, 0x04, 0x00, 0x65, 0x80, 0x05, 0x02, 0xf1, 0x51, 0x02, 0xf0, 0xf0, 0x00, 0xf0, 0xc0, 0x06, 0x02, 0xf1, 0x21, 0x0e, 0x01,
  0x02, 0x07, 0x06, 0xf0, 0x10, 0x05, 0x04, 0x02, 0xd1, 0x07, 0xf0, 0xf0, 0xf0, 0x70, 0x07, 0xd1, 0x14, 0x05, 0x00, 0x05, 0xf0, 0x14, 0x02, 0xf1,
  0x41, 0x07, 0xf0, 0xf0, 0xf0, 0xc0, 0x07, 0xf1, 0x41, 0x07, 0x05, 0x20, 0x05, 0x06, 0x0b, 0x26, 0x05, 0x16, 0x05, 0x80, 0x04, 0xe1, 0x04, 0xf0,
  0xf0, 0xf0, 0x60, 0xd1, 0x02, 0x05, 0x20, 0x05, 0x66, 0x05, 0x90, 0x04, 0xf1, 0x51, 0x06, 0xf0, 0xe0, 0xf0, 0xc0, 0x06, 0xf1, 0x31, 0x02, 0x06,
  0x30, 0x05, 0x0a, 0x63, 0x0b, 0x80, 0x15, 0x07, 0xc1, 0x05, 0xf0, 0xf0, 0xf0, 0x60, 0x04, 0xb1, 0x04, 0x06, 0x05, 0x20, 0x05, 0x0a, 0x53, 0x0a,
  0x05, 0x80, 0x15, 0x02, 0xf1, 0x31, 0x06, 0xf0, 0xe0, 0xf0, 0xb0, 0x06, 0x02, 0xf1, 0x21, 0x04, 0x05, 0x20, 0x06, 0x08, 0x09, 0x73, 0x0c, 0x15,
  0x80, 0x06, 0x02, 0xb1, 0x04, 0xf0, 0xf0, 0xf0, 0x50, 0x04, 0x02, 0xa1, 0x02, 0x05, 0x20, 0x06, 0x18, 0x73, 0x08, 0x05, 0x90, 0x04, 0xf1, 0x31,
  0x02, 0x06, 0xf0, 0xd0, 0xf0, 0xb0, 0xf1, 0x31, 0x07, 0x05, 0x30, 0x09, 0xb3, 0x0b, 0x90, 0x05, 0x04, 0xb1, 0x04, 0xf0, 0xf0, 0xf0, 0x30, 0x04,
  0xa1, 0x02, 0x04, 0x05, 0x20, 0x05, 0x09, 0xa3, 0x0a, 0x80, 0x05, 0x00, 0x05, 0x02, 0xf1, 0x21, 0x04, 0xf0, 0xd0, 0xf0, 0xa0, 0x06, 0x02, 0xf1,
  0x11, 0x02, 0x05, 0x20, 0x06, 0x0c, 0xc3, 0x09, 0x05, 0x90, 0x05, 0x02, 0xa1, 0x02, 0x05, 0xf0, 0xf0, 0xf0, 0x20, 0x04, 0xa1, 0x04, 0x30, 0x05,
  0x0d, 0xc3, 0x08, 0x05, 0x90, 0x04, 0xf1, 0x21, 0x02, 0x04, 0xf0, 0xc0, 0xf0, 0x90, 0x04, 0xf1, 0x21, 0x02, 0x05, 0x30, 0x09, 0xe3, 0x0a, 0x05,
  0x90, 0x04, 0x02, 0x31, 0x02, 0x31, 0x02, 0x01, 0x02, 0x05, 0xf0, 0xf0, 0xf0, 0x00, 0x02, 0xb1, 0x04, 0x20, 0x05, 0x09, 0xe3, 0x09, 0x70, 0x05,
  0x00, 0x05, 0x04, 0xf1, 0x21, 0x02, 0xf0, 0xc0, 0xf0, 0x90, 0x04, 0xf1, 0x21, 0x04, 0x20, 0x06, 0x0c, 0xf3, 0x03, 0x05, 0xa0, 0x06, 0x81, 0x02,
  0x01, 0x02, 0xf0, 0xf0, 0xf0, 0x10, 0x02, 0x91, 0x02, 0x04, 0x05, 0x10, 0x05, 0x0d, 0xf3, 0x08, 0x80, 0x05, 0x00, 0x05, 0x02, 0xf1, 0x11, 0x02,
  0xf0, 0xc0, 0xf0, 0x90, 0x04, 0xf1, 0x01, 0x02, 0x04, 0x05, 0x20, 0x0b, 0xf3, 0x13, 0x05, 0xa0, 0x05, 0x04, 0x02, 0x81, 0x02, 0x04, 0x05, 0xf0,
  0xf0, 0xe0, 0x04, 0x02, 0x91, 0x04, 0x40, 0x0a, 0xf3, 0x08, 0xa0, 0x05, 0x06, 0x02, 0xf1, 0x01, 0x02, 0x04, 0x06, 0xf0, 0xa0, 0xf0, 0x70, 0x05,
  0x02, 0xf1, 0x21, 0x05, 0x20, 0x08, 0x0c, 0xf3, 0x13, 0x05, 0xc0, 0x02, 0x01, 0x02, 0x81, 0x07, 0xf0, 0xf0, 0xd0, 0x04, 0xa1, 0x02, 0x04, 0x20,
  0x05, 0x08, 0xf3, 0x03, 0x08, 0xa0, 0x05, 0x00, 0x04, 0xf1, 0x21, 0x02, 0xf0, 0xa0, 0xf0, 0x70, 0x06, 0xf1, 0x31, 0x04, 0x10, 0x05, 0x0a, 0xf3,
  0x23, 0x05, 0xc0, 0x02, 0x81, 0x02, 0x01, 0x07, 0xf0, 0xf0, 0xd0, 0x07, 0xa1, 0x02, 0x05, 0x20, 0x08, 0xf3, 0x13, 0x08, 0xa0, 0x05, 0x00, 0x02,
  0xf1, 0x21, 0x02, 0xf0, 0xa0, 0xf0, 0x70, 0x06, 0xf1, 0x11, 0x02, 0x15, 0x10, 0x05, 0x0a, 0xf3, 0x23, 0x05, 0xc0, 0x04, 0x02, 0x71, 0x02, 0x01,
  0x07, 0xf0, 0xf0, 0xd0, 0x04, 0x91, 0x02, 0x04, 0x30, 0x09, 0xf3, 0x13, 0x08, 0xc0, 0x05, 0x04, 0xf1, 0x11, 0x02, 0xf0, 0xa0, 0xf0, 0x70, 0x05,
  0xf1, 0x11, 0x04, 0x30, 0x05, 0xf3, 0x23, 0x0c, 0xe0, 0x05, 0x51, 0x22, 0x01, 0x07, 0xf0, 0xf0, 0xd0, 0x04, 0x91, 0x05, 0x40, 0x09, 0xf3, 0x13,
  0x08, 0xd0, 0x05, 0x02, 0xf1, 0x01, 0x02, 0xf0, 0xa0, 0xf0, 0x70, 0x05, 0xf1, 0x11, 0x04, 0x30, 0x05, 0xf3, 0x13, 0x08, 0xd0, 0x05, 0x00, 0x05,
  0x02, 0x41, 0x22, 0x01, 0x04, 0xf0, 0xf0, 0xd0, 0x04, 0x81, 0x02, 0x50, 0x09, 0xf3, 0x13, 0x0b, 0xe0, 0x02, 0xf1, 0x01, 0x02, 0xf0, 0xa0, 0xf0,
  0x60, 0x05, 0x04, 0xf1, 0x11, 0x04, 0x30, 0x05, 0xf3, 0x13, 0x06, 0xf0, 0x05, 0x22, 0x31, 0x12, 0x01, 0x02, 0x04, 0x06, 0xf0, 0xf0, 0x90, 0x06,
  0x04, 0x02, 0x91, 0x05, 0x40, 0x08, 0xf3, 0x03, 0x08, 0x05, 0xe0, 0x02, 0xf1, 0x11, 0x07, 0x06, 0xf0, 0x80, 0xf0, 0x60, 0xf1, 0x31, 0x04, 0x30,
  0x05, 0x0a, 0xf3, 0x0c, 0x05, 0xf0, 0x06, 0x11, 0x02, 0x31, 0x22, 0x11, 0x04, 0xf0, 0xf0, 0x90, 0x07, 0xb1, 0x05, 0x40, 0x08, 0xf3, 0x0a, 0xf0,
  0x05, 0x02, 0xf1, 0x21, 0x07, 0xf0, 0x80, 0xf0, 0x60, 0xf1, 0x11, 0x02, 0x06, 0x05, 0x40, 0xf3, 0x08, 0xf0, 0x10, 0x05, 0x12, 0x41, 0x42, 0x04,
  0xf0, 0xf0, 0x90, 0x04, 0x91, 0x02, 0x07, 0x05, 0x40, 0x0b, 0xe3, 0x0d, 0x08, 0x05, 0xf0, 0x05, 0x04, 0xf1, 0x11, 0x07, 0xf0, 0x80, 0xf0, 0x60,
  0x02, 0xf1, 0x01, 0x04, 0x60, 0x09, 0x0a, 0xc3, 0x0c, 0x06, 0xf0, 0x30, 0x04, 0x01, 0x02, 0x21, 0x32, 0x01, 0x04, 0xf0, 0xf0, 0x90, 0x04, 0x91,
  0x04, 0x60, 0x05, 0x08, 0xd3, 0x06, 0xf0, 0x20, 0x05, 0xf1, 0x11, 0x07, 0xf0, 0x80, 0xf0, 0x60, 0xf1, 0x11, 0x07, 0x70, 0x0b, 0xb3, 0x0b, 0xf0,
  0x50, 0x04, 0x01, 0x02, 0x21, 0x32, 0x01, 0x04, 0xf0, 0xf0, 0x90, 0x04, 0x91, 0x04, 0x80, 0x0d, 0xa3, 0x09, 0x06, 0xf0, 0x30, 0x06, 0xf1, 0x11,
  0x07, 0xf0, 0x80, 0xf0, 0x60, 0xf1, 0x11, 0x07, 0x70, 0x05, 0x0c, 0x0d, 0x73, 0x1c, 0x05, 0xf0, 0x50, 0x04, 0x01, 0x02, 0x21, 0x32, 0x01, 0x04,
  0xf0, 0xf0, 0x90, 0x04, 0x91, 0x04, 0x80, 0x08, 0x0c, 0x0a, 0x63, 0x1d, 0x05, 0xf0, 0x40, 0x06, 0xf1, 0x11, 0x07, 0xf0, 0x80, 0xf0, 0x60, 0xf1,
  0x11, 0x07, 0x10, 0x05, 0x70, 0x0a, 0x53, 0x0d, 0xf0, 0x80, 0x04, 0x01, 0x12, 0x31, 0x12, 0x01, 0x04, 0xf0, 0xf0, 0x90, 0x04, 0x91, 0x04, 0xa0,
  0x08, 0x63, 0x08, 0xf0, 0x60, 0x06, 0xf1, 0x11, 0x07, 0xf0, 0x80, 0xf0, 0x60, 0xf1, 0x11, 0x07, 0x10, 0x05, 0x70, 0x0b, 0x48, 0x09, 0x0b, 0xf0,
  0x80, 0x04, 0x01, 0x12, 0x61, 0x04, 0xf0, 0xf0, 0x90, 0x04, 0x91, 0x04, 0xa0, 0x06, 0x48, 0x1b, 0x05, 0xf0, 0x60, 0x06, 0xf1, 0x11, 0x07, 0xf0,
  0x80, 0xf0, 0x60, 0xf1, 0x11, 0x07, 0x10, 0x05, 0xf0, 0xf0, 0x80, 0x04, 0x01, 0x12, 0x61, 0x04, 0xf0, 0xf0, 0x90, 0x04, 0x91, 0x04, 0xf0, 0xf0,
  0xa0, 0x06, 0xf1, 0x11, 0x07, 0xf0, 0x80, 0xf0, 0x60, 0xf1, 0x11, 0x07, 0x10, 0x05, 0xd0, 0x05, 0xf0, 0x90, 0x04, 0x01, 0x02, 0x71, 0x04, 0xf0,
  0xf0, 0x90, 0x04, 0x91, 0x04, 0xf0, 0xf0, 0xa0, 0x06, 0xf1, 0x11, 0x07, 0xf0, 0x80, 0xf0, 0x60, 0xf1, 0x11, 0x07, 0xf0, 0xf0, 0xb0, 0x04, 0x01,
  0x02, 0x71, 0x04, 0xf0, 0xf0, 0x90, 0x04, 0x91, 0x04, 0xf0, 0xf0, 0xa0, 0x06, 0xf1, 0x11, 0x07, 0xf0, 0x80, 0xf0, 0x60, 0xf1, 0x11, 0x07, 0xf0,
  0xf0, 0xb0, 0x04, 0x01, 0x02, 0x71, 0x04, 0xf0, 0xf0, 0x90, 0x04, 0x91, 0x04, 0xf0, 0xf0, 0xa0, 0x06, 0xf1, 0x11, 0x07, 0xf0, 0x80, 0xf0, 0x60,
  0xf1, 0x11, 0x07, 0xf0, 0xf0, 0xb0, 0x04, 0x01, 0x02, 0x71, 0x04, 0xf0, 0xf0, 0x90, 0x04, 0x91, 0x04, 0xf0, 0xf0, 0xa0, 0x06, 0xf1, 0x11, 0x07,
  0xf0, 0x80, 0xf0, 0x60, 0xf1, 0x11, 0x07, 0xf0, 0xf0, 0xb0, 0x04, 0x01, 0x02, 0x71, 0x04, 0xf0, 0xf0, 0x90, 0x04, 0x91, 0x04, 0xf0, 0xf0, 0xa0,
  0x06, 0xf1, 0x11, 0x07, 0xf0, 0x80, 0xf0, 0x60, 0xf1, 0x11, 0x07, 0xf0, 0xf0, 0xb0, 0x04, 0x01, 0x02, 0x71, 0x04, 0xf0, 0xf0, 0x90, 0x04, 0x91,
  0x04, 0xf0, 0xf0, 0xa0, 0x06, 0xf1, 0x11, 0x07, 0xf0, 0x80, 0xf0, 0x60, 0xf1, 0x11, 0x07, 0xf0, 0xf0, 0xb0, 0x04, 0x01, 0x02, 0x71, 0x04, 0xf0,
  0xf0, 0x90, 0x04, 0x91, 0x04, 0xf0, 0xf0, 0xa0, 0x06, 0xf1, 0x11, 0x07, 0xf0, 0x80, 0xf0, 0x60, 0xf1, 0x11, 0x07, 0xf0, 0xf0, 0xb0, 0x04, 0x01,
  0x12, 0x31, 0x12, 0x01, 0x04, 0xf0, 0xf0, 0x90, 0x04, 0x91, 0x04, 0xf0, 0xf0, 0xa0, 0x06, 0xf1, 0x11, 0x07, 0xf0, 0x80, 0xf0, 0x60, 0xf1, 0x11,
  0x07, 0xf0, 0xf0, 0xb0, 0x04, 0x01, 0x22, 0x21, 0x12, 0x01, 0x04, 0xf0, 0xf0, 0x90, 0x04, 0x91, 0x04, 0xf0, 0xf0, 0xa0, 0x06, 0xf1, 0x11, 0x07,
  0xf0, 0x80, 0xf0, 0x60, 0xf1, 0x11, 0x07, 0xf0, 0xf0, 0xb0, 0x04, 0x01, 0x02, 0x41, 0x12, 0x01, 0x04, 0xf0, 0xf0, 0x90, 0x04, 0x91, 0x04, 0xf0,
  0xf0, 0xa0, 0x06, 0xf1, 0x11, 0x07, 0xf0, 0x80, 0xf0, 0x60, 0xf1, 0x11, 0x02, 0x04, 0x05, 0xf0, 0xf0, 0x80, 0x05, 0x07, 0x01, 0x02, 0x41, 0x02,
  0x11, 0x04, 0xf0, 0xf0, 0x90, 0x04, 0x91, 0x02, 0x04, 0x05, 0xf0, 0xf0, 0x70, 0x07, 0x02, 0xf1, 0x11, 0x07, 0xf0, 0x80, 0xf0, 0x60, 0xf1, 0x31,
  0x04, 0xf0, 0xf0, 0x50, 0x05, 0x00, 0x05, 0x02, 0xa1, 0x04, 0xf0, 0xf0, 0x90, 0x04, 0xb1, 0x05, 0xf0, 0xf0, 0x60, 0x05, 0xf1, 0x31, 0x04, 0xf0,
  0x80, 0xf0, 0x60, 0x04, 0x02, 0xf1, 0x11, 0x06, 0xf0, 0xf0, 0x50, 0x05, 0x00, 0x05, 0x91, 0x02, 0x06, 0xf0, 0xf0, 0xb0, 0x06, 0x02, 0x81, 0x02,
  0x05, 0xf0, 0xf0, 0x70, 0x02, 0xf1, 0x01, 0x02, 0x06, 0xf0, 0x90, 0xf0, 0x70, 0x05, 0xf1, 0x11, 0x06, 0xf0, 0xf0, 0x50, 0x05, 0x00, 0x05, 0x02,
  0x81, 0x04, 0xf0, 0xf0, 0xd0, 0x04, 0x91, 0x05, 0x00, 0x05, 0xf0, 0xf0, 0x50, 0x02, 0xf1, 0x01, 0x07, 0xf0, 0xa0, 0xf0, 0x70, 0x05, 0xf1, 0x11,
  0x04, 0xf0, 0xf0, 0x70, 0x05, 0x91, 0x07, 0xf0, 0xf0, 0xd0, 0x04, 0x91, 0x05, 0x00, 0x05, 0xf0, 0xf0, 0x40, 0x05, 0x02, 0xf1, 0x01, 0x07, 0xf0,
  0xa0, 0xf0, 0x70, 0x06, 0xf1, 0x11, 0x02, 0x04, 0x05, 0xf0, 0xf0, 0x40, 0x06, 0x02, 0x91, 0x04, 0xf0, 0xf0, 0xd0, 0x04, 0x91, 0x02, 0x04, 0xf0,
  0xf0, 0x40, 0x04, 0xf1, 0x21, 0x07, 0xf0, 0xa0, 0xf0, 0x70, 0x06, 0xf1, 0x21, 0x02, 0x05, 0x00, 0x05, 0xf0, 0xf0, 0x20, 0x02, 0xa1, 0x04, 0xf0,
  0xf0, 0xd0, 0x04, 0xa1, 0x02, 0xf0, 0xf0, 0x40, 0x04, 0xf1, 0x21, 0x07, 0xf0, 0xa0, 0xf0, 0x70, 0x06, 0xf1, 0x21, 0x02, 0x05, 0x00, 0x05, 0xf0,
  0xf0, 0x20, 0x04, 0x91, 0x02, 0x06, 0xf0, 0xf0, 0xd0, 0x06, 0xa1, 0x04, 0xf0, 0xf0, 0x20, 0x05, 0x00, 0x04, 0xf1, 0x21, 0x04, 0xf0, 0xa0, 0xf0,
  0x80, 0x06, 0x02, 0xf1, 0x11, 0x02, 0x06, 0x00, 0x05, 0xf0, 0xf0, 0x05, 0x06, 0x02, 0x81, 0x02, 0x05, 0xf0, 0xf0, 0xf0, 0x05, 0x02, 0x81, 0x02,
  0x04, 0x05, 0xf0, 0xf0, 0x00, 0x05, 0x04, 0x02, 0xf1, 0x01, 0x02, 0x05, 0xf0, 0xb0, 0xf0, 0x90, 0x07, 0xf1, 0x21, 0x06, 0xf0, 0xf0, 0x10, 0x04,
  0xa1, 0x02, 0xf0, 0xf0, 0xf0, 0x10, 0x07, 0xa1, 0x06, 0xf0, 0xf0, 0x00, 0x05, 0xf1, 0x21, 0x02, 0xf0, 0xc0, 0xf0, 0x90, 0x07, 0xf1, 0x21, 0x02,
  0x06, 0xf0, 0xf0, 0x00, 0x04, 0xa1, 0x02, 0xf0, 0xf0, 0xf0, 0x10, 0x02, 0xa1, 0x04, 0xf0, 0xf0, 0x00, 0x04, 0x02, 0xf1, 0x11, 0x02, 0xf0, 0xc0,
  0xf0, 0x90, 0x06, 0x07, 0xf1, 0x21, 0x07, 0x05, 0xf0, 0xe0, 0x06, 0x02, 0x91, 0x02, 0x05, 0xf0, 0xf0, 0xf0, 0x10, 0x06, 0x07, 0x91, 0x02, 0x04,
  0xf0, 0xe0, 0x04, 0x02, 0xf1, 0x11, 0x07, 0xf0, 0xd0, 0xf0, 0xa0, 0x05, 0xf1, 0x21, 0x02, 0x04, 0x05, 0xf0, 0xc0, 0x05, 0x02, 0xa1, 0x04, 0xf0,
  0xf0, 0xf0, 0x30, 0x06, 0xa1, 0x02, 0x05, 0xf0, 0xc0, 0x05, 0x02, 0xf1, 0x21, 0x04, 0xf0, 0xd0, 0xf0, 0xb0, 0x07, 0xf1, 0x31, 0x04, 0xf0, 0xb0,
  0x05, 0x02, 0xa1, 0x04, 0xf0, 0xf0, 0xf0, 0x50, 0x07, 0x02, 0x81, 0x12, 0x05, 0xf0, 0xa0, 0x04, 0x02, 0xf1, 0x21, 0x04, 0xf0, 0xe0, 0xf0, 0xc0,
  0x07, 0xf1, 0x21, 0x02, 0x05, 0xf0, 0x90, 0x05, 0x04, 0xa1, 0x02, 0xf0, 0xf0, 0xf0, 0x70, 0x02, 0xa1, 0x04, 0x05, 0xf0, 0x80, 0x05, 0x02, 0xf1,
  0x21, 0x02, 0xf0, 0xf0, 0xf0, 0xc0, 0x07, 0xf1, 0x41, 0x04, 0xf0, 0x70, 0x05, 0x02, 0xb1, 0x02, 0xf0, 0xf0, 0xf0, 0x70, 0x02, 0xc1, 0x06, 0xf0,
  0x50, 0x05, 0x07, 0x02, 0xf1, 0x31, 0x02, 0xf0, 0xf0, 0xf0, 0xc0, 0x04, 0xf1, 0x51, 0x06, 0x05, 0xf0, 0x40, 0x05, 0x02, 0xb1, 0x02, 0x06, 0xf0,
  0xf0, 0xf0, 0x70, 0x04, 0xc1, 0x02, 0x15, 0x10, 0x05, 0xe0, 0x15, 0x04, 0xf1, 0x51, 0x04, 0xf0, 0xf0, 0xf0, 0xd0, 0x04, 0xf1, 0x61, 0x06, 0xf0,
  0x10, 0x06, 0x12, 0xc1, 0x05, 0xf0, 0xf0, 0xf0, 0x90, 0x06, 0x02, 0xc1, 0x02, 0xf0, 0x10, 0x06, 0xf1, 0x61, 0x06, 0xf0, 0xf0, 0x00, 0xf0, 0xe0,
  0x06, 0xf1, 0x51, 0x02, 0x24, 0x05, 0xa0, 0x16, 0x05, 0x04, 0xd1, 0x04, 0xf0, 0xf0, 0xf0, 0xb0, 0x04, 0xd1, 0x07, 0x14, 0x06, 0xa0, 0x24, 0x02,
  0xf1, 0x51, 0x04, 0xf0, 0xf0, 0x10, 0xf0, 0xf0, 0x04, 0xf1, 0x81, 0x06, 0x90, 0x05, 0xf1, 0x02, 0x06, 0xf0, 0xf0, 0xf0, 0xd0, 0x04, 0xf1, 0x02,
  0x90, 0x05, 0xf1, 0x81, 0x04, 0xf0, 0xf0, 0x20, 0xf0, 0xf0, 0x00, 0x04, 0xf1, 0x71, 0x02, 0x04, 0x07, 0x14, 0x27, 0x32, 0xf1, 0x06, 0xf0, 0xf0,
  0xf0, 0xf0, 0x06, 0xe1, 0x22, 0x57, 0x22, 0xf1, 0x71, 0x04, 0xf0, 0xf0, 0x30, 0xf0, 0xf0, 0x10, 0x07, 0xf1, 0xf1, 0xf1, 0x01, 0x02, 0x06, 0xf0,
  0xf0, 0xf0, 0xf0, 0x10, 0x04, 0x02, 0xf1, 0xf1, 0xf1, 0x04, 0xf0, 0xf0, 0x40, 0xf0, 0xf0, 0x20, 0x04, 0xf1, 0xf1, 0xd1, 0x02, 0x01, 0x04, 0xf0,
  0xf0, 0xf0, 0xf0, 0x30, 0x06, 0xf1, 0x11, 0x42, 0xf1, 0x51, 0x22, 0xf0, 0xf0, 0x50, 0xf0, 0xf0, 0x30, 0x04, 0x06, 0x07, 0xf1, 0xf1, 0x91, 0x06,
  0x05, 0x06, 0xf0, 0xf0, 0xf0, 0xf0, 0x50, 0x16, 0x04, 0x02, 0xe1, 0x02, 0xf1, 0x71, 0x02, 0x05, 0xf0, 0xf0, 0x70, 0xf0, 0xf0, 0x50, 0x06, 0xf1,
  0xf1, 0x81, 0x07, 0xf0, 0xf0, 0xf0, 0xf0, 0xb0, 0x07, 0xb1, 0x32, 0xf1, 0x51, 0x02, 0x04, 0x06, 0xf0, 0xf0, 0x80, 0xf0, 0xf0, 0x60, 0x15, 0x02,
  0xf1, 0xf1, 0x31, 0x04, 0x05, 0xf0, 0xf0, 0xf0, 0xf0, 0xe0, 0x02, 0x81, 0x32, 0xf1, 0x61, 0x06, 0xf0, 0xf0, 0xa0, 0xf0, 0xf0, 0x80, 0x06, 0x12,
  0xf1, 0xe1, 0x02, 0x14, 0xf0, 0xf0, 0xf0, 0xf0, 0xf0, 0x00, 0x05, 0x04, 0x07, 0x61, 0x22, 0xf1, 0x41, 0x02, 0x05, 0x06, 0xf0, 0xf0, 0xb0, 0xf0,
  0xf0, 0xb0, 0x02, 0xf1, 0xd1, 0x04, 0xf0, 0xf0, 0xf0, 0xf0, 0xf0, 0x50, 0x02, 0x51, 0x22, 0xf1, 0x41, 0x06, 0xf0, 0xf0, 0xd0, 0xf0, 0xf0, 0xb0,
  0x06, 0x07, 0x24, 0x02, 0xf1, 0x21, 0x02, 0x44, 0x05, 0xf0, 0xf0, 0xf0, 0xf0, 0xf0, 0x60, 0x35, 0x04, 0x01, 0x32, 0xd1, 0x02, 0x45, 0xf0, 0xf0,
  0xe0, 0xf0, 0xf0, 0xf0, 0x00, 0x04, 0xf1, 0x21, 0x02, 0xf0, 0xf0, 0xf0, 0xf0, 0xf0, 0xf0, 0x00, 0x06, 0xf1, 0x21, 0x02, 0xf0, 0xf0, 0xf0, 0x30,
  0xf0, 0xf0, 0xf0, 0x10, 0xf4, 0x14, 0x07, 0x06, 0xf0, 0xf0, 0xf0, 0xf0, 0xf0, 0xf0, 0x10, 0x26, 0x84, 0x56, 0x04, 0x06, 0xf0, 0xf0, 0xf0, 0x30,
  0xf0, 0xf0, 0xf0, 0xf0, 0xf0, 0xf0, 0xf0, 0xf0, 0xf0, 0xf0, 0xf0, 0xf0, 0xf0, 0xf0, 0xf0, 0xf0, 0xf0, 0xf0, 0xf0, 0xf0, 0xf0, 0xf0, 0xf0, 0xf0,
  0xf0, 0xf0, 0xf0, 0xf0, 0xf0, 0xf0, 0xf0, 0xf0, 0xf0, 0xf0, 0xf0, 0xf0, 0xf0, 0xf0, 0xf0, 0xf0, 0xf0, 0xf0, 0xf0, 0xf0, 0xf0, 0xf0, 0xf0, 0xf0,
  0xf0, 0xf0, 0xf0, 0xf0, 0xf0, 0xf0, 0xf0, 0xf0, 0xf0, 0xf0, 0xf0, 0xf0, 0xf0, 0xf0, 0xf0, 0xf0, 0xf0, 0xf0, 0xf0, 0xf0, 0xf0, 0xf0, 0xf0, 0xf0,
  0xf0, 0xf0, 0xf0, 0xf0, 0xf0, 0xf0, 0xf0, 0xf0, 0xf0, 0xf0, 0xf0, 0xf0, 0xf0, 0xf0, 0xf0, 0xf0, 0xf0, 0xf0, 0xf0, 0xf0, 0xf0, 0xf0, 0xf0, 0x70,
  0x04, 0x36, 0x34, 0x66, 0x94, 0x06, 0x04, 0x16, 0xa4, 0x96, 0x84, 0x06, 0x04, 0xf0, 0xf0, 0xf0, 0xf0, 0xf0, 0x90, 0xf0, 0xf0, 0xf0, 0xf0, 0xf0,
  0x60, 0x04, 0xf1, 0xf1, 0xf1, 0xd1, 0x07, 0x05, 0xf0, 0xf0, 0xf0, 0xf0, 0xf0, 0x70, 0xf0, 0xf0, 0xf0, 0xf0, 0xf0, 0x40, 0x05, 0x02, 0xf1, 0xf1,
  0xf1, 0xf1, 0x02, 0xf0, 0xf0, 0xf0, 0xf0, 0xf0, 0x70, 0xf0, 0xf0, 0xf0, 0xf0, 0xf0, 0x40, 0x05, 0xf1, 0xf1, 0xf1, 0xf1, 0x11, 0xf0, 0xf0, 0xf0,
  0xf0, 0xf0, 0x70, 0xf0, 0xf0, 0xf0, 0xf0, 0xf0, 0x40, 0x05, 0xf1, 0xf1, 0xf1, 0xf1, 0x01, 0x02, 0xf0, 0xf0, 0xf0, 0xf0, 0xf0, 0x70, 0xf0, 0xf0,
  0xf0, 0xf0, 0xf0, 0x40, 0x05, 0xf1, 0xf1, 0xf1, 0xf1, 0x11, 0xf0, 0xf0, 0xf0, 0xf0, 0xf0, 0x70, 0xf0, 0xf0, 0xf0, 0xf0, 0xf0, 0x40, 0x05, 0xf1,
  0xf1, 0xf1, 0xf1, 0x01, 0x02, 0xf0, 0xf0, 0xf0, 0xf0, 0xf0, 0x70, 0xf0, 0xf0, 0xf0, 0xf0, 0xf0, 0x40, 0x05, 0xf1, 0xf1, 0xf1, 0xf1, 0x11, 0xf0,
  0xf0, 0xf0, 0xf0, 0xf0, 0x70, 0xf0, 0xf0, 0xf0, 0xf0, 0xf0, 0x40, 0x05, 0xf1, 0xf1, 0xf1, 0xf1, 0x01, 0x07, 0xf0, 0xf0, 0xf0, 0xf0, 0xf0, 0x70,
  0xf0, 0xf0, 0xf0, 0xf0, 0xf0, 0x50, 0x06, 0x02, 0xf1, 0xf1, 0xf1, 0xd1, 0x04, 0xf0, 0xf0, 0xf0, 0xf0, 0xf0, 0x80, 0xf0, 0xf0, 0xf0, 0xf0, 0xf0,
  0x60, 0x04, 0xf1, 0xf1, 0xf1, 0xd1, 0x06, 0xf0, 0xf0, 0xf0, 0xf0, 0xf0, 0x80, 0xf0, 0xf0, 0xf0, 0xf0, 0xf0, 0x60, 0x06, 0xf1, 0xf1, 0xf1, 0xd1,
  0x04, 0xf0, 0xf0, 0xf0, 0xf0, 0xf0, 0x80, 0xf0, 0xf0, 0xf0, 0xf0, 0xf0, 0x60, 0x06, 0xf1, 0xf1, 0xf1, 0xc1, 0x02, 0x05, 0xf0, 0xf0, 0xf0, 0xf0,
  0xf0, 0x80, 0xf0, 0xf0, 0xf0, 0xf0, 0xf0, 0x70, 0x04, 0xf1, 0xf1, 0xf1, 0xa1, 0x02, 0x05, 0xf0, 0xf0, 0xf0, 0xf0, 0xf0, 0x90, 0xf0, 0xf0, 0xf0,
  0xf0, 0xf0, 0x80, 0xf1, 0xf1, 0xf1, 0xb1, 0xf0, 0xf0, 0xf0, 0xf0, 0xf0, 0xa0, 0xf0, 0xf0, 0xf0, 0xf0, 0xf0, 0x80, 0x02, 0xf1, 0xf1, 0xf1, 0x91,
  0x07, 0xf0, 0xf0, 0xf0, 0xf0, 0xf0, 0xa0, 0xf0, 0xf0, 0xf0, 0xf0, 0xf0, 0x90, 0x07, 0xf1, 0xf1, 0xf1, 0x71, 0x04, 0xf0, 0xf0, 0xf0, 0xf0, 0xf0,
  0xb0, 0xf0, 0xf0, 0xf0, 0xf0, 0xf0, 0x90, 0x07, 0xf1, 0xf1, 0xf1, 0x71, 0x04, 0xf0, 0xf0, 0xf0, 0xf0, 0xf0, 0xb0, 0xf0, 0xf0, 0xf0, 0xf0, 0xf0,
  0xa0, 0x02, 0xf1, 0xf1, 0xf1, 0x41, 0x02, 0x06, 0xf0, 0xf0, 0xf0, 0xf0, 0xf0, 0xc0, 0xf0, 0xf0, 0xf0, 0xf0, 0xf0, 0xb0, 0x02, 0xf1, 0xf1, 0xf1,
  0x41, 0xf0, 0xf0, 0xf0, 0xf0, 0xf0, 0xd0, 0xf0, 0xf0, 0xf0, 0xf0, 0xf0, 0xb0, 0x04, 0xf1, 0xf1, 0xf1, 0x31, 0x04, 0xf0, 0xf0, 0xf0, 0xf0, 0xf0,
  0xd0, 0xf0, 0xf0, 0xf0, 0xf0, 0xf0, 0xc0, 0x02, 0xf1, 0xf1, 0xf1, 0x11, 0x07, 0xf0, 0xf0, 0xf0, 0xf0, 0xf0, 0xe0, 0xf0, 0xf0, 0xf0, 0xf0, 0xf0,
  0xc0, 0x05, 0x02, 0xf1, 0xf1, 0xf1, 0x07, 0xf0, 0xf0, 0xf0, 0xf0, 0xf0, 0xf0, 0xf0, 0xf0, 0xf0, 0xf0, 0xf0, 0xd0, 0x06, 0xf1, 0xf1, 0xe1, 0x02,
  0xf0, 0xf0, 0xf0, 0xf0, 0xf0, 0xf0, 0x00, 0xf0, 0xf0, 0xf0, 0xf0, 0xf0, 0xf0, 0x07, 0xf1, 0xf1, 0xb1, 0x02, 0xf0, 0xf0, 0xf0, 0xf0, 0xf0, 0xf0,
  0x10, 0xf0, 0xf0, 0xf0, 0xf0, 0xf0, 0xf0, 0x00, 0x07, 0xf1, 0xf1, 0x81, 0x02, 0x04, 0xf0, 0xf0, 0xf0, 0xf0, 0xf0, 0xf0, 0x20, 0xf0, 0xf0, 0xf0,
  0xf0, 0xf0, 0xf0, 0x10, 0x04, 0xf1, 0xf1, 0x71, 0x06, 0xf0, 0xf0, 0xf0, 0xf0, 0xf0, 0xf0, 0x30, 0xf0, 0xf0, 0xf0, 0xf0, 0xf0, 0xf0, 0x20, 0x06,
  0x02, 0xf1, 0xf1, 0x31, 0x07, 0x05, 0xf0, 0xf0, 0xf0, 0xf0, 0xf0, 0xf0, 0x40, 0xf0, 0xf0, 0xf0, 0xf0, 0xf0, 0xf0, 0x40, 0x17, 0xf1, 0xe1, 0x02,
  0x17, 0xf0, 0xf0, 0xf0, 0xf0, 0xf0, 0xf0, 0x60, 0xf0, 0xf0, 0xf0, 0xf0, 0xf0, 0xf0, 0x60, 0x02, 0xf1, 0xd1, 0x06, 0xf0, 0xf0, 0xf0, 0xf0, 0xf0,
  0xf0, 0x80, 0xf0, 0xf0, 0xf0, 0xf0, 0xf0, 0xf0, 0x80, 0x05, 0x02, 0xf1, 0x71, 0x06, 0x00, 0x05, 0xf0, 0xf0, 0xf0, 0xf0, 0xf0, 0xf0, 0x90, 0xf0,
  0xf0, 0xf0, 0xf0, 0xf0, 0xf0, 0x90, 0x05, 0x37, 0xf1, 0x27, 0x04, 0xf0, 0xf0, 0xf0, 0xf0, 0xf0, 0xf0, 0xc0, 0xf0, 0xf0, 0xf0, 0xf0, 0xf0, 0xf0,
  0xe0, 0x02, 0xd1, 0x04, 0xf0, 0xf0, 0xf0, 0xf0, 0xf0, 0xf0, 0xf0, 0x00, 0xf0, 0xf0, 0xf0, 0xf0, 0xf0, 0xf0, 0xf0, 0x05, 0x50, 0x25, 0x20, 0x05,
  0xf0, 0xf0, 0xf0, 0xf0, 0xf0, 0xf0, 0xf0, 0x10, 0xf0, 0xf0, 0xf0, 0xf0, 0xf0, 0xf0, 0xf0, 0xf0, 0xf0, 0xf0, 0xf0, 0xf0, 0xf0, 0xf0, 0xf0, 0xf0,
  0xf0, 0xf0, 0xf0, 0xf0, 0xf0, 0xf0, 0xf0, 0xf0, 0xf0, 0xf0, 0xf0, 0xf0, 0xf0, 0xf0, 0xf0, 0xf0, 0xf0, 0xf0, 0xf0, 0xf0, 0xf0, 0xf0, 0xf0, 0xf0,
  0xf0, 0xf0, 0xf0, 0xf0, 0xf0,
};

static const uint16_t FACE_02_PALETTE[16] PROGMEM = {
  0x269f, 0x0085, 0xf7bf, 0x157a, 0x0a8d, 0x0c76, 0x0189, 0x0b72, 0x4f1f, 0x6391, 0x8cf5, 0xadb9, 0x4aad, 0x7433, 0xb63a, 0x0000
};
static const uint8_t FACE_02_RUNS[] PROGMEM = {
  0xff, 0xff, 0xff, 0xff, 0xff, 0xff, 0xff, 0xff, 0xff, 0xff, 0xff, 0xff, 0xff, 0xff, 0xff, 0xff, 0xff, 0xff, 0xff, 0xff, 0xff, 0xff, 0xff, 0xff,
  0xff, 0xff, 0xff, 0xff, 0xff, 0xff, 0xff, 0xff, 0xff, 0xff, 0xff, 0xff, 0xff, 0xff, 0xff, 0xff, 0xff, 0xff, 0xff, 0xff, 0xff, 0xff, 0xff, 0xff,
  0xff, 0xff, 0xff, 0xff, 0xff, 0xff, 0xff, 0xff, 0xff, 0xff, 0xff, 0xff, 0xff, 0xff, 0xff, 0xff, 0xff, 0xff, 0xff, 0xff, 0xff, 0xff, 0xff, 0xff,
  0xff, 0xff, 0xff, 0xff, 0xff, 0xff, 0xff, 0xff, 0xff, 0xff, 0xff, 0xff, 0xff, 0xff, 0xff, 0xff, 0xff, 0xff, 0xff, 0xff, 0xff, 0xff, 0xff, 0xff,
  0xff, 0xff, 0xff, 0xff, 0xff, 0xff, 0xff, 0xff, 0xff, 0xff, 0xff, 0xff, 0xff, 0xff, 0xff, 0xff, 0xff, 0xff, 0xff, 0xff, 0xff, 0xff, 0xff, 0xff,
  0xff, 0xff, 0xff, 0xff, 0xff, 0xff, 0xff, 0xff, 0xff, 0xff, 0xff, 0xff, 0xff, 0xff, 0xff, 0xff, 0xff, 0xff, 0xff, 0xff, 0xff, 0xff, 0xff, 0xff,
  0xff, 0xff, 0xff, 0xff, 0xff, 0xff, 0xff, 0xff, 0xff, 0xff, 0xff, 0xff, 0xff, 0xff, 0xff, 0xff, 0xff, 0xff, 0xff, 0xff, 0xff, 0xff, 0xff, 0xff,
  0xff, 0xff, 0xff, 0xff, 0xff, 0xff, 0xff, 0xff, 0xff, 0xff, 0xff, 0xff, 0xff, 0xff, 0xff, 0xff, 0xff, 0xff, 0xff, 0xff, 0xff, 0xff, 0xff, 0xff,
  0xff, 0xff, 0xff, 0xff, 0xff, 0xff, 0xff, 0xff, 0xff, 0xff, 0xff, 0xff, 0xff, 0xff, 0xff, 0xff, 0xff, 0xff, 0xff, 0xff, 0xff, 0xff, 0xff, 0xff,
  0xff, 0xff, 0xff, 0xff, 0xff, 0xff, 0xff, 0xff, 0xff, 0xff, 0xff, 0xff, 0xff, 0xff, 0xff, 0xff, 0xff, 0xff, 0xff, 0xff, 0xff, 0xff, 0xff, 0xff,
  0xff, 0xff, 0xff, 0xff, 0xff, 0xff, 0xff, 0xff, 0xff, 0xff, 0xff, 0xff, 0xff, 0xff, 0xff, 0xff, 0xff, 0xff, 0xff, 0xff, 0xff, 0xff, 0xff, 0xff,
  0xff, 0xff, 0xff, 0xff, 0xff, 0xff, 0xff, 0xff, 0xff, 0xff, 0xff, 0xff, 0xff, 0xff, 0xff, 0xff, 0xff, 0xff, 0xff, 0xff, 0xff, 0xff, 0xff, 0xff,
  0xff, 0xff, 0xff, 0xff, 0xff, 0xff, 0xff, 0xff, 0xff, 0xff, 0xff, 0xff, 0xff, 0xff, 0xff, 0xff, 0xff, 0xff, 0xff, 0xff, 0xff, 0xff, 0xff, 0xff,
  0xff, 0xff, 0xff, 0xff, 0xff, 0xff, 0xff, 0xff, 0xff, 0xff, 0xff, 0xff, 0xff, 0xff, 0xff, 0xff, 0xff, 0xff, 0xff, 0xff, 0xff, 0xff, 0xff, 0xff,
  0xff, 0xff, 0xff, 0xff, 0xff, 0xff, 0xff, 0xff, 0xff, 0xff, 0xff, 0xff, 0xff, 0xff, 0xff, 0xff, 0xff, 0xff, 0xff, 0xff, 0xff, 0xff, 0xff, 0xff,
  0xff, 0xff, 0xff, 0xff, 0xff, 0xff, 0xff, 0xff, 0xff, 0xff, 0xff, 0xff, 0xff, 0xff, 0xff, 0xff, 0xff, 0xff, 0xff, 0xff, 0xff, 0xff, 0xff, 0xff,
  0xff, 0xff, 0xff, 0xff, 0xff, 0xff, 0xff, 0xff, 0xff, 0xff, 0xff, 0xff, 0xff, 0xff, 0xff, 0xff, 0xff, 0xff, 0xff, 0xff, 0xff, 0xff, 0xff, 0xff,
  0xff, 0xff, 0xff, 0xff, 0xff, 0xff, 0xff, 0xff, 0xff, 0xff, 0xff, 0xff, 0xff, 0xff, 0xff, 0xff, 0xff, 0xff, 0xff, 0xff, 0xff, 0xff, 0xff, 0xff,
  0xff, 0xff, 0xff, 0xff, 0xff, 0xff, 0xff, 0xff, 0xff, 0xff, 0xff, 0xff, 0xff, 0xff, 0xff, 0xff, 0xff, 0xff, 0xff, 0xff, 0xff, 0xff, 0xff, 0xff,
  0xff, 0xff, 0xff, 0xff, 0xff, 0xff, 0xff, 0xff, 0xff, 0xff, 0xff, 0xff, 0xff, 0xff, 0xff, 0xff, 0xff, 0xff, 0xff, 0xff, 0xff, 0xff, 0xff, 0xff,
  0xff, 0xff, 0xff, 0xff, 0xff, 0xff, 0xff, 0xff, 0xff, 0xff, 0xff, 0xff, 0xff, 0xff, 0xff, 0xff, 0xff, 0xff, 0xff, 0xff, 0xff, 0xff, 0xff, 0xff,
  0xff, 0xff, 0xff, 0xff, 0xff, 0xff, 0xff, 0xff, 0xff, 0xff, 0xff, 0xff, 0xff, 0xff, 0xff, 0xff, 0xff, 0xff, 0xff, 0xff, 0xff, 0xff, 0xff, 0xff,
  0xff, 0xff, 0xff, 0xff, 0xff, 0xff, 0xff, 0xff, 0xff, 0xff, 0xff, 0xff, 0xff, 0xff, 0xff, 0xff, 0xff, 0xff, 0xff, 0xff, 0xff, 0xff, 0xff, 0xff,
  0xff, 0xff, 0xff, 0xff, 0xff, 0xff, 0xff, 0xff, 0xff, 0xff, 0xff, 0xff, 0xff, 0xff, 0xff, 0xff, 0xff, 0xff, 0xff, 0xff, 0xff, 0xff, 0xff, 0xff,
  0xff, 0xff, 0xff, 0xff, 0xff, 0xff, 0xff, 0xff, 0xff, 0xff, 0xff, 0xff, 0xff, 0xff, 0xff, 0xff, 0xff, 0xff, 0xff, 0xff, 0xff, 0xff, 0xff, 0xff,
  0xff, 0xff, 0xff, 0xff, 0xff, 0xff, 0xff, 0xff, 0xff, 0xff, 0xff, 0xff, 0xff, 0xff, 0xff, 0xff, 0xff, 0xff, 0xff, 0xff, 0xff, 0xff, 0xff, 0xff,
  0xff, 0xff, 0xff, 0xff, 0xff, 0xff, 0xff, 0xff, 0xff, 0xff, 0xff, 0xff, 0xff, 0xff, 0xff, 0xff, 0xff, 0xff, 0xff, 0xff, 0xff, 0xff, 0xff, 0xff,
  0xff, 0xff, 0xff, 0xff, 0xff, 0xff, 0xff, 0xff, 0xff, 0xff, 0xff, 0xff, 0xff, 0xff, 0xff, 0xff, 0xff, 0xff, 0xff, 0xff, 0xff, 0xff, 0xff, 0xff,
  0xff, 0xff, 0xff, 0xff, 0xff, 0xff, 0xff, 0xff, 0xff, 0xff, 0xff, 0xff, 0xff, 0xff, 0xff, 0xff, 0xff, 0xff, 0xff, 0xff, 0xff, 0xff, 0xff, 0xff,
  0xff, 0xff, 0xff, 0xff, 0xff, 0xff, 0xff, 0xff, 0xff, 0xff, 0xff, 0xff, 0xff, 0xff, 0xff, 0xff, 0xff, 0xff, 0xff, 0xff, 0xff, 0xff, 0xff, 0xff,
  0xff, 0xff, 0xff, 0xff, 0xff, 0xff, 0xff, 0xff, 0xff, 0xff, 0xff, 0xff, 0xff, 0xff, 0xff, 0xff, 0xff, 0xff, 0xff, 0xff, 0xff, 0xff, 0xff, 0xff,
  0xff, 0xff, 0xff, 0xff, 0xff, 0xff, 0xff, 0xff, 0xff, 0xff, 0xff, 0xff, 0xff, 0xff, 0xff, 0xff, 0xff, 0xff, 0xff, 0xff, 0xff, 0xff, 0xff, 0xff,
  0xff, 0xff, 0xff, 0xff, 0xff, 0xff, 0xff, 0xff, 0xff, 0xff, 0xff, 0xff, 0xff, 0xff, 0xff, 0xff, 0xff, 0xff, 0xff, 0xff, 0xff, 0xff, 0xff, 0xff,
  0xff, 0xff, 0xff, 0xff, 0xff, 0xff, 0xff, 0xff, 0xff, 0xff, 0xff, 0xff, 0xff, 0xff, 0xff, 0xff, 0xff, 0xff, 0xff, 0xff, 0xff, 0xff, 0xcf, 0x34,
  0x07, 0x06, 0xff, 0xff, 0xff, 0xff, 0x7f, 0x01, 0x26, 0x21, 0xff, 0xff, 0xff, 0xff, 0xdf, 0xff, 0xff, 0xff, 0xff, 0xbf, 0x01, 0x03, 0x30, 0x05,
  0x01, 0xff, 0xff, 0xff, 0xff, 0x6f, 0x04, 0x40, 0x06, 0xff, 0xff, 0xff, 0xff, 0xdf, 0xff, 0xff, 0xff, 0xff, 0xaf, 0x07, 0x03, 0x50, 0x05, 0x01,
  0xff, 0xff, 0xff, 0xff, 0x3f, 0x01, 0x04, 0x03, 0x40, 0x05, 0x04, 0x01, 0xff, 0xff, 0xff, 0xff, 0xbf, 0xff, 0xff, 0xff, 0xff, 0x8f, 0x01, 0x04,
  0x80, 0x06, 0xff, 0xff, 0xff, 0xff, 0x3f, 0x01, 0x80, 0x04, 0x01, 0xff, 0xff, 0xff, 0xff, 0xaf, 0xff, 0xff, 0xff, 0xff, 0x7f, 0x01, 0x03, 0x90,
  0x06, 0xff, 0xff, 0xff, 0xff, 0x3f, 0x01, 0x03, 0x70, 0x13, 0x04, 0xff, 0xff, 0xff, 0xff, 0x9f, 0xff, 0xff, 0xff, 0xff, 0x5f, 0x01, 0x04, 0x03,
  0xa0, 0x06, 0xff, 0xff, 0xff, 0xff, 0x3f, 0x01, 0x03, 0x90, 0x03, 0x06, 0x01, 0xff, 0xff, 0xff, 0xff, 0x7f, 0xff, 0xff, 0xff, 0xff, 0x4f, 0x01,
  0x07, 0xc0, 0x06, 0xff, 0xff, 0xff, 0xff, 0x3f, 0x01, 0x03, 0xb0, 0x05, 0x01, 0xff, 0xff, 0xff, 0xff, 0x6f, 0xff, 0xff, 0xff, 0xff, 0x2f, 0x04,
  0x06, 0x05, 0xd0, 0x06, 0xff, 0xff, 0xff, 0xff, 0x3f, 0x01, 0xd0, 0x05, 0x07, 0x01, 0xff, 0xff, 0xff, 0xff, 0x4f, 0xff, 0xff, 0xff, 0xff, 0x0f,
  0x01, 0x06, 0xe0, 0x03, 0x04, 0x01, 0xff, 0xff, 0xff, 0xff, 0x3f, 0x01, 0x04, 0x03, 0xd0, 0x05, 0x14, 0xff, 0xff, 0xff, 0xff, 0x2f, 0xff, 0xff,
  0xff, 0xff, 0x06, 0x05, 0x03, 0xe0, 0x07, 0xff, 0xff, 0xff, 0xff, 0x7f, 0x04, 0xf0, 0x03, 0x06, 0x11, 0xff, 0xff, 0xff, 0xff, 0xff, 0xff, 0xff,
  0xdf, 0x07, 0x05, 0x03, 0xe0, 0x03, 0x04, 0x01, 0xff, 0xff, 0xff, 0xff, 0x7f, 0x01, 0x05, 0xf0, 0x13, 0x05, 0x01, 0xff, 0xff, 0xff, 0xef, 0xff,
  0xff, 0xff, 0x9f, 0x21, 0x06, 0x03, 0xf0, 0x00, 0x04, 0xff, 0xff, 0xff, 0xff, 0xaf, 0x01, 0x07, 0xf0, 0x10, 0x07, 0x14, 0xff, 0xff, 0xff, 0xcf,
  0xff, 0xff, 0xff, 0x8f, 0x06, 0x25, 0x03, 0xf0, 0x05, 0x06, 0x01, 0xff, 0xff, 0xff, 0xff, 0xbf, 0x01, 0x07, 0x03, 0xf0, 0x20, 0x07, 0x04, 0x01,
  0xff, 0xff, 0xff, 0x9f, 0xff, 0xff, 0xff, 0x5f, 0x21, 0x03, 0xf0, 0x20, 0x07, 0x01, 0xff, 0xff, 0xff, 0xff, 0xff, 0x04, 0x05, 0xf0, 0x30, 0x07,
  0x21, 0xff, 0xff, 0xff, 0x6f, 0xff, 0xff, 0xff, 0x4f, 0x04, 0x00, 0x13, 0xf0, 0x10, 0x05, 0x07, 0x01, 0xff, 0xff, 0xff, 0xff, 0xff, 0x1f, 0x01,
  0x05, 0xf0, 0x30, 0x03, 0x00, 0x05, 0x01, 0xff, 0xff, 0xff, 0x5f, 0xff, 0xff, 0xff, 0x01, 0x04, 0x07, 0x04, 0x07, 0x03, 0xf0, 0x30, 0x03, 0x01,
  0xff, 0xff, 0xff, 0xff, 0xff, 0x4f, 0x01, 0x04, 0x03, 0xf0, 0x40, 0x05, 0x14, 0x07, 0x01, 0xff, 0xff, 0xff, 0x1f, 0xff, 0xff, 0xaf, 0x31, 0x0f,
  0x06, 0xf0, 0x60, 0x05, 0x14, 0xff, 0xff, 0xff, 0xff, 0xff, 0x7f, 0x01, 0x05, 0x03, 0xf0, 0x60, 0x07, 0x21, 0x1f, 0x01, 0xff, 0xff, 0xbf, 0xff,
  0xff, 0x8f, 0x01, 0x04, 0x05, 0x03, 0x15, 0x07, 0x03, 0xf0, 0x40, 0x03, 0x05, 0x01, 0xff, 0xff, 0xff, 0xff, 0xff, 0xaf, 0x11, 0x07, 0xf0, 0x50,
  0x03, 0x25, 0x17, 0x05, 0x01, 0xff, 0xff, 0xaf, 0xff, 0xff, 0x8f, 0x04, 0xf0, 0xa0, 0x03, 0x06, 0x01, 0xff, 0xff, 0xff, 0xff, 0xff, 0xdf, 0x01,
  0x15, 0xf0, 0xa0, 0x04, 0x01, 0xff, 0xff, 0x9f, 0xff, 0xff, 0x6f, 0x06, 0x05, 0x03, 0xf0, 0x70, 0x03, 0x17, 0x04, 0xff, 0xff, 0xff, 0xff, 0xff,
  0xff, 0x1f, 0x01, 0x05, 0x00, 0x03, 0xf0, 0x70, 0x03, 0x05, 0x06, 0xff, 0xff, 0x8f, 0xff, 0xff, 0x6f, 0x07, 0xf0, 0x90, 0x06, 0xff, 0xff, 0xff,
  0xff, 0xff, 0xff, 0x5f, 0x01, 0x16, 0x03, 0xf0, 0x80, 0x07, 0xff, 0xff, 0x8f, 0xff, 0xff, 0x6f, 0x04, 0xf0, 0x50, 0x03, 0x14, 0x06, 0xff, 0xff,
  0xff, 0xff, 0xff, 0xff, 0x9f, 0x06, 0x14, 0x03, 0xf0, 0x50, 0x07, 0xff, 0xff, 0x8f, 0xff, 0xff, 0x6f, 0x04, 0xf0, 0x50, 0x07, 0xff, 0xff, 0xff,
  0xff, 0xff, 0xff, 0xff, 0x06, 0xf0, 0x50, 0x07, 0xff, 0xff, 0x8f, 0xff, 0xff, 0x6f, 0x04, 0xf0, 0x10, 0x03, 0x06, 0x01, 0x06, 0x01, 0x0f, 0x01,
  0xff, 0xff, 0xff, 0xff, 0xff, 0xff, 0xef, 0x16, 0x04, 0x07, 0xf0, 0x10, 0x04, 0xff, 0xff, 0x8f, 0xff, 0xff, 0x6f, 0x07, 0xe0, 0x27, 0x06, 0xff,
  0xff, 0xff, 0xff, 0xff, 0xff, 0xff, 0x7f, 0x01, 0x05, 0x03, 0x05, 0x13, 0xc0, 0x07, 0xff, 0xff, 0x8f, 0xff, 0xff, 0x6f, 0x04, 0x03, 0x80, 0x13,
  0x15, 0x07, 0x01, 0xff, 0xff, 0xff, 0xff, 0xff, 0xff, 0xff, 0xcf, 0x21, 0x07, 0x10, 0x13, 0x70, 0x03, 0x04, 0xff, 0xff, 0x8f, 0xff, 0xff, 0x7f,
  0x06, 0x60, 0x05, 0x07, 0x06, 0x11, 0xff, 0xff, 0xff, 0xff, 0xff, 0xff, 0xff, 0xff, 0x2f, 0x01, 0x26, 0x01, 0x04, 0x50, 0x05, 0x01, 0xff, 0xff,
  0x9f, 0xff, 0xff, 0x7f, 0x01, 0x44, 0x07, 0x04, 0x01, 0xff, 0xff, 0xff, 0xff, 0xff, 0xff, 0xff, 0xff, 0xbf, 0x01, 0x07, 0x45, 0x04, 0xff, 0xff,
  0xaf, 0xff, 0xff, 0xff, 0xff, 0xff, 0xff, 0xff, 0xff, 0xff, 0xff, 0xff, 0xff, 0x1f, 0x11, 0xff, 0xff, 0xbf, 0xff, 0xff, 0xff, 0xff, 0xff, 0xff,
  0xff, 0xff, 0xff, 0xff, 0xff, 0xff, 0xff, 0xff, 0xff, 0xff, 0xff, 0xff, 0xff, 0xff, 0xff, 0xff, 0xff, 0xff, 0xff, 0xff, 0xff, 0xff, 0xff, 0xff,
  0xff, 0xff, 0xff, 0xff, 0xff, 0xff, 0xff, 0xff, 0xff, 0xff, 0xff, 0xff, 0xff, 0xff, 0xff, 0xff, 0xff, 0xff, 0xff, 0xff, 0xff, 0xff, 0xff, 0xff,
  0xff, 0xff, 0xff, 0xff, 0xff, 0xff, 0xff, 0xff, 0xff, 0xff, 0xff, 0xff, 0xff, 0xff, 0xff, 0xff, 0xff, 0xff, 0xff, 0xff, 0xff, 0xff, 0xff, 0xff,
  0x0f, 0xf4, 0x24, 0x07, 0x06, 0xff, 0xff, 0xff, 0xff, 0xff, 0xff, 0x0f, 0xf1, 0x41, 0x0f, 0x11, 0xff, 0xff, 0xff, 0x0f, 0xff, 0xff, 0xff, 0x01,
  0x03, 0xf0, 0x20, 0x07, 0xff, 0xff, 0xff, 0xff, 0xff, 0xff, 0x0f, 0x04, 0xf3, 0x13, 0x00, 0x04, 0xff, 0xff, 0xff, 0x3f, 0xff, 0xff, 0xaf, 0x01,
  0x24, 0x06, 0x04, 0x03, 0xf0, 0x20, 0x03, 0x14, 0x17, 0x05, 0x01, 0xff, 0xff, 0xff, 0xff, 0xff, 0x5f, 0x01, 0x06, 0x21, 0x07, 0xf0, 0x20, 0x07,
  0x41, 0x1f, 0x01, 0xff, 0xff, 0xbf, 0xff, 0xff, 0x9f, 0x01, 0x05, 0xf0, 0xe0, 0x05, 0x11, 0xff, 0xff, 0xff, 0xff, 0xff, 0x2f, 0x01, 0x05, 0xf0,
  0x70, 0x43, 0x00, 0x04, 0xff, 0xff, 0xdf, 0xff, 0xff, 0x7f, 0x01, 0x15, 0xf0, 0xf0, 0x00, 0x13, 0x04, 0xff, 0xff, 0xff, 0xff, 0xff, 0x06, 0x07,
  0x05, 0xf0, 0xe0, 0x03, 0x14, 0x01, 0xff, 0xff, 0xaf, 0xff, 0xff, 0x6f, 0x01, 0x07, 0xf0, 0xf0, 0x40, 0x03, 0x04, 0x01, 0xff, 0xff, 0xff, 0xff,
  0xbf, 0x11, 0x05, 0xf0, 0xf0, 0x30, 0x04, 0xff, 0xff, 0xaf, 0xff, 0xff, 0x4f, 0x01, 0x07, 0x05, 0x03, 0xf0, 0xf0, 0x60, 0x03, 0x21, 0xff, 0xff,
  0xff, 0xff, 0x7f, 0x06, 0x05, 0x03, 0xf0, 0xf0, 0x40, 0x03, 0x05, 0x04, 0xff, 0xff, 0x8f, 0xff, 0xff, 0x2f, 0x11, 0x04, 0xf0, 0x60, 0x73, 0xb0,
  0x03, 0x05, 0x03, 0x01, 0xff, 0xff, 0xff, 0xff, 0x3f, 0x01, 0x04, 0x06, 0x05, 0xf0, 0xf0, 0x80, 0x03, 0x11, 0x06, 0x01, 0xff, 0xff, 0x4f, 0xff,
  0xff, 0x1f, 0x04, 0x00, 0x05, 0x03, 0xf0, 0x20, 0x07, 0x91, 0x07, 0xe0, 0x05, 0x01, 0xff, 0xff, 0xff, 0xff, 0x1f, 0x01, 0x03, 0xf0, 0xf0, 0xc0,
  0x03, 0x10, 0x04, 0xff, 0xff, 0x4f, 0xff, 0xff, 0x0f, 0x01, 0x03, 0xf0, 0x20, 0x23, 0x06, 0x0f, 0x71, 0x0f, 0x06, 0x03, 0x05, 0x13, 0xb0, 0x05,
  0x01, 0xff, 0xff, 0xff, 0xff, 0x01, 0x05, 0xd0, 0x03, 0x57, 0x34, 0x07, 0xf0, 0x60, 0x03, 0x04, 0x01, 0xff, 0xff, 0x2f, 0xff, 0xff, 0x04, 0x03,
  0xf0, 0x20, 0x07, 0x11, 0x06, 0xe1, 0x05, 0xc0, 0x03, 0x01, 0xff, 0xff, 0xff, 0xdf, 0x01, 0x03, 0xe0, 0x07, 0x81, 0x0f, 0x01, 0x03, 0x00, 0x13,
  0xf0, 0x40, 0x06, 0xff, 0xff, 0x2f, 0xff, 0xef, 0x06, 0x03, 0xf0, 0x10, 0x03, 0x05, 0x06, 0x1f, 0x01, 0x09, 0x1c, 0x29, 0x0c, 0x71, 0x04, 0x07,
  0x03, 0x80, 0x18, 0x00, 0x05, 0x01, 0xff, 0xff, 0xff, 0xbf, 0x01, 0x05, 0xb0, 0x03, 0x16, 0x07, 0x06, 0xa1, 0x16, 0x01, 0x04, 0xf0, 0x40, 0x03,
  0x04, 0xff, 0xff, 0x1f, 0xff, 0xdf, 0x04, 0xf0, 0x20, 0x03, 0x06, 0x11, 0x1f, 0x09, 0x52, 0x0e, 0x06, 0x81, 0x06, 0x03, 0x60, 0x48, 0x03, 0x01,
  0xff, 0xff, 0xff, 0x9f, 0x01, 0x03, 0xc0, 0x04, 0x0f, 0xf1, 0x0f, 0x01, 0x05, 0x03, 0xf0, 0x30, 0x03, 0x04, 0xff, 0xff, 0x0f, 0xff, 0xbf, 0x01,
  0x04, 0x03, 0xf0, 0x10, 0x05, 0x07, 0x01, 0x0f, 0x04, 0x0d, 0x0a, 0x82, 0x0d, 0x81, 0x04, 0x03, 0x50, 0x58, 0x05, 0x01, 0xff, 0xff, 0xff, 0x7f,
  0x06, 0x05, 0xb0, 0x14, 0x31, 0x09, 0x1e, 0x3b, 0x09, 0x01, 0x0f, 0x61, 0x06, 0x03, 0xf0, 0x30, 0x03, 0x01, 0xff, 0xff, 0xff, 0xbf, 0x06, 0xf0,
  0x20, 0x04, 0x31, 0x0d, 0xb2, 0xa1, 0x03, 0x50, 0x48, 0x00, 0x05, 0x01, 0xff, 0xff, 0xff, 0x5f, 0x01, 0x03, 0xa0, 0x03, 0x07, 0x01, 0x0f, 0x11,
  0x04, 0x09, 0x0b, 0x52, 0x0e, 0x04, 0x81, 0x04, 0x07, 0x03, 0xf0, 0x30, 0x04, 0xff, 0xef, 0xff, 0xbf, 0x01, 0x03, 0xf0, 0x03, 0x05, 0x01, 0x1f,
  0x04, 0x0b, 0xc2, 0x0b, 0x09, 0x81, 0x04, 0x03, 0x30, 0x58, 0x00, 0x05, 0x01, 0xff, 0xff, 0xff, 0x5f, 0x01, 0x05, 0xa0, 0x06, 0x31, 0x0d, 0xa2,
  0x0a, 0x91, 0x07, 0xf0, 0x30, 0x04, 0x0f, 0x01, 0xff, 0xcf, 0xff, 0xaf, 0x01, 0x04, 0x03, 0xf0, 0x05, 0x06, 0x21, 0x0d, 0xe2, 0x0a, 0xa1, 0x03,
  0x20, 0x58, 0x00, 0x03, 0x01, 0xff, 0xff, 0xff, 0x4f, 0x01, 0x04, 0x03, 0x80, 0x03, 0x07, 0x01, 0x0f, 0x01, 0x06, 0x09, 0x0e, 0xa2, 0x0b, 0x06,
  0x91, 0x07, 0xf0, 0x20, 0x04, 0x01, 0xff, 0xdf, 0xff, 0xaf, 0x04, 0xf0, 0x00, 0x03, 0x06, 0x11, 0x04, 0x0a, 0xf2, 0x0a, 0xa1, 0x07, 0x03, 0x00,
  0x58, 0x20, 0x07, 0x01, 0xff, 0xff, 0xff, 0x3f, 0x04, 0xa0, 0x06, 0x21, 0x04, 0x0e, 0xe2, 0x09, 0x91, 0x03, 0xf0, 0x20, 0x04, 0xff, 0xdf, 0xff,
  0x9f, 0x01, 0x07, 0xf0, 0x00, 0x07, 0x21, 0x0a, 0xf2, 0x02, 0x0b, 0xb1, 0x06, 0x20, 0x08, 0x60, 0x05, 0x01, 0xff, 0xff, 0xff, 0x0f, 0x01, 0x06,
  0x05, 0x90, 0x07, 0x31, 0x0b, 0xf2, 0x09, 0xa1, 0x05, 0xf0, 0x10, 0x07, 0x01, 0xff, 0xcf, 0xff, 0x8f, 0x01, 0xf0, 0x00, 0x03, 0x07, 0x06, 0x11,
  0x06, 0x0a, 0xf2, 0x02, 0x0b, 0xc1, 0x03, 0xa0, 0x06, 0xff, 0xff, 0xff, 0x0f, 0x01, 0x03, 0x90, 0x03, 0x04, 0x21, 0x04, 0x0b, 0xf2, 0x09, 0xa1,
  0x04, 0xf0, 0x20, 0x03, 0x01, 0xff, 0xbf, 0xff, 0x8f, 0x01, 0xf0, 0x10, 0x21, 0x09, 0xf2, 0x22, 0x0a, 0xc1, 0x04, 0x05, 0x90, 0x06, 0xff, 0xff,
  0xff, 0x0f, 0x01, 0x03, 0x80, 0x05, 0x31, 0x0d, 0xf2, 0x12, 0x0d, 0xb1, 0x06, 0x03, 0xf0, 0x00, 0x03, 0x01, 0xff, 0xbf, 0xff, 0x7f, 0x06, 0x07,
  0xf0, 0x10, 0x04, 0x11, 0x09, 0xf2, 0x22, 0x0a, 0xc1, 0x0f, 0x06, 0x90, 0x03, 0x04, 0xff, 0xff, 0xef, 0x01, 0x07, 0x03, 0x80, 0x04, 0x31, 0x0a,
  0xf2, 0x12, 0x09, 0xc1, 0x03, 0xf0, 0x00, 0x03, 0x04, 0x01, 0xff, 0xaf, 0xff, 0x7f, 0x03, 0xf0, 0x00, 0x03, 0x07, 0x06, 0x11, 0x09, 0xf2, 0x22,
  0x0a, 0xd1, 0x04, 0xa0, 0x03, 0xff, 0xff, 0xef, 0x04, 0xa0, 0x07, 0x31, 0x0d, 0xf2, 0x12, 0x09, 0xc1, 0x04, 0x03, 0xf0, 0x10, 0x05, 0xff, 0xaf,
  0xff, 0x7f, 0x03, 0xf0, 0x00, 0x07, 0x31, 0x09, 0xf2, 0x12, 0x09, 0x06, 0xe1, 0x06, 0x03, 0x80, 0x03, 0xff, 0xff, 0xef, 0x07, 0x90, 0x05, 0x06,
  0x31, 0x0a, 0xf2, 0x12, 0x0c, 0x0f, 0xb1, 0x0f, 0x04, 0xf0, 0x10, 0x05, 0xff, 0xaf, 0xff, 0x6f, 0x01, 0x03, 0xf0, 0x00, 0x07, 0x31, 0x09, 0xf2,
  0x12, 0x04, 0xf1, 0x01, 0x05, 0x80, 0x03, 0xff, 0xff, 0xef, 0x07, 0x80, 0x03, 0x11, 0x06, 0x21, 0x0a, 0xf2, 0x02, 0x0a, 0x06, 0xd1, 0x04, 0xf0,
  0x10, 0x05, 0xff, 0xaf, 0xff, 0x6f, 0x01, 0x03, 0xf0, 0x00, 0x07, 0x31, 0x09, 0xf2, 0x0a, 0xf1, 0x21, 0x05, 0x80, 0x03, 0xff, 0xff, 0xef, 0x07,
  0x80, 0x05, 0x51, 0x0a, 0xf2, 0x0a, 0xf1, 0x04, 0xf0, 0x10, 0x05, 0xff, 0xaf, 0xff, 0x5f, 0x01, 0x06, 0xf0, 0x10, 0x07, 0x31, 0x09, 0xe2, 0x0b,
  0x0c, 0xf1, 0x21, 0x05, 0x80, 0x03, 0x04, 0x01, 0xff, 0xff, 0xaf, 0x01, 0x04, 0x05, 0x80, 0x05, 0x51, 0x0a, 0xe2, 0x0b, 0x04, 0xf1, 0x04, 0xf0,
  0x10, 0x03, 0x04, 0x01, 0xff, 0x8f, 0xff, 0x4f, 0x01, 0x03, 0xf0, 0x00, 0x03, 0x16, 0x31, 0x06, 0x0a, 0xc2, 0x0e, 0x06, 0xf1, 0x31, 0x05, 0xa0,
  0x05, 0xff, 0xff, 0xaf, 0x04, 0xa0, 0x03, 0x51, 0x09, 0xe2, 0x0c, 0x0f, 0xf1, 0x01, 0x06, 0x05, 0xf0, 0x10, 0x05, 0xff, 0x8f, 0xff, 0x4f, 0x01,
  0xf0, 0x10, 0x05, 0x0f, 0x61, 0x0a, 0xa2, 0x09, 0x04, 0xf1, 0x41, 0x06, 0x07, 0x90, 0x05, 0xff, 0xff, 0xaf, 0x04, 0x90, 0x05, 0x04, 0x71, 0x0b,
  0xa2, 0x0a, 0x06, 0xf1, 0x21, 0x0f, 0x07, 0xf0, 0x10, 0x05, 0xff, 0x8f, 0xff, 0x4f, 0x01, 0xf0, 0x10, 0x05, 0x71, 0x0c, 0x0a, 0x72, 0x0b, 0x0a,
  0xf1, 0x61, 0x0f, 0x01, 0x03, 0x80, 0x05, 0x01, 0xff, 0xff, 0x9f, 0x04, 0x90, 0x06, 0x81, 0x09, 0x0b, 0x82, 0x0e, 0x0c, 0x0f, 0xf1, 0x31, 0x07,
  0xf0, 0x10, 0x05, 0xff, 0x8f, 0xff, 0x4f, 0x01, 0xf0, 0x10, 0x05, 0x91, 0x0b, 0x62, 0xf1, 0x91, 0x06, 0x90, 0x05, 0x01, 0xff, 0xff, 0x9f, 0x04,
  0x90, 0x04, 0xa1, 0x0b, 0x62, 0x0c, 0xf1, 0x61, 0x07, 0xf0, 0x10, 0x05, 0xff, 0x8f, 0xff, 0x4f, 0x01, 0xf0, 0x10, 0x05, 0x91, 0x0c, 0x19, 0x0d,
  0x29, 0x0c, 0xf1, 0x91, 0x06, 0x90, 0x05, 0xff, 0xff, 0xaf, 0x04, 0x90, 0x04, 0xa1, 0x0c, 0x2d, 0x0a, 0x0d, 0x09, 0x0c, 0xf1, 0x71, 0x07, 0xf0,
  0x10, 0x05, 0xff, 0x8f, 0xff, 0x4f, 0x01, 0xf0, 0x10, 0x05, 0xf1, 0xf1, 0xb1, 0x06, 0x90, 0x05, 0xff, 0xff, 0xaf, 0x04, 0x90, 0x06, 0xf1, 0xf1,
  0xa1, 0x07, 0xf0, 0x10, 0x05, 0xff, 0x8f, 0xff, 0x4f, 0x01, 0xf0, 0x10, 0x05, 0xf1, 0xf1, 0xb1, 0x06, 0x90, 0x05, 0x01, 0xff, 0xff, 0x9f, 0x04,
  0x90, 0x06, 0x0f, 0xf1, 0xf1, 0x91, 0x07, 0xf0, 0x10, 0x05, 0xff, 0x8f, 0xff, 0x4f, 0x01, 0xf0, 0x10, 0x05, 0xf1, 0xf1, 0xb1, 0x06, 0x90, 0x05,
  0x01, 0xff, 0xff, 0x9f, 0x04, 0x90, 0x06, 0x0f, 0xf1, 0xf1, 0x81, 0x0f, 0x07, 0xf0, 0x10, 0x05, 0xff, 0x8f, 0xff, 0x4f, 0x01, 0xf0, 0x10, 0x05,
  0xf1, 0xf1, 0xb1, 0x06, 0x90, 0x05, 0x01, 0xff, 0xff, 0x9f, 0x04, 0x90, 0x06, 0x0f, 0xf1, 0xf1, 0x81, 0x0f, 0x07, 0xf0, 0x10, 0x05, 0xff, 0x8f,
  0xff, 0x4f, 0x01, 0xf0, 0x10, 0x05, 0xf1, 0xf1, 0xb1, 0x06, 0x90, 0x05, 0x01, 0xff, 0xff, 0x9f, 0x04, 0x80, 0x03, 0x06, 0x0f, 0xf1, 0xf1, 0x91,
  0x07, 0xf0, 0x10, 0x05, 0xff, 0x8f, 0xff, 0x4f, 0x01, 0xf0, 0x10, 0x05, 0xf1, 0xf1, 0xb1, 0x06, 0x90, 0x05, 0x01, 0xff, 0xff, 0x9f, 0x04, 0x90,
  0x06, 0x0f, 0xf1, 0xf1, 0x91, 0x07, 0xf0, 0x10, 0x05, 0xff, 0x8f, 0xff, 0x4f, 0x01, 0xf0, 0x10, 0x05, 0xf1, 0xf1, 0xb1, 0x06, 0x90, 0x05, 0x01,
  0xff, 0xff, 0x9f, 0x04, 0x90, 0x06, 0x0f, 0xf1, 0xf1, 0x91, 0x07, 0xf0, 0x10, 0x05, 0xff, 0x8f, 0xff, 0x4f, 0x01, 0xf0, 0x10, 0x05, 0xf1, 0xf1,
  0xb1, 0x06, 0x90, 0x05, 0x01, 0xff, 0xff, 0x9f, 0x04, 0x90, 0x06, 0xf1, 0xf1, 0xa1, 0x07, 0xf0, 0x10, 0x05, 0xff, 0x8f, 0xff, 0x4f, 0x01, 0xf0,
  0x10, 0x05, 0xf1, 0xf1, 0xb1, 0x06, 0x90, 0x05, 0x01, 0xff, 0xff, 0x9f, 0x04, 0x90, 0x06, 0xf1, 0xf1, 0xa1, 0x07, 0xf0, 0x10, 0x05, 0xff, 0x8f,
  0xff, 0x4f, 0x01, 0xf0, 0x10, 0x05, 0xf1, 0xf1, 0xb1, 0x06, 0x90, 0x05, 0xff, 0xff, 0xaf, 0x04, 0x90, 0x06, 0xf1, 0xf1, 0xa1, 0x07, 0xf0, 0x10,
  0x05, 0xff, 0x8f, 0xff, 0x4f, 0x01, 0xf0, 0x10, 0x07, 0x0f, 0xf1, 0xf1, 0x91, 0x0f, 0x01, 0x90, 0x05, 0xff, 0xff, 0xaf, 0x04, 0x80, 0x03, 0x01,
  0x0f, 0xf1, 0xf1, 0x81, 0x0f, 0x07, 0xf0, 0x10, 0x05, 0xff, 0x8f, 0xff, 0x4f, 0x01, 0xf0, 0x10, 0x05, 0x06, 0xf1, 0xf1, 0xa1, 0x06, 0x90, 0x05,
  0xff, 0xff, 0xaf, 0x04, 0x80, 0x03, 0x06, 0xf1, 0xf1, 0x91, 0x06, 0x05, 0xf0, 0x10, 0x05, 0xff, 0x8f, 0xff, 0x4f, 0x01, 0xf0, 0x30, 0x04, 0xf1,
  0xf1, 0x81, 0x04, 0x03, 0x90, 0x05, 0x01, 0xff, 0xff, 0x9f, 0x04, 0xa0, 0x07, 0xf1, 0xf1, 0x71, 0x04, 0xf0, 0x30, 0x05, 0xff, 0x8f, 0xff, 0x4f,
  0x01, 0x05, 0x03, 0xf0, 0x10, 0x04, 0xf1, 0xf1, 0x81, 0x05, 0x90, 0x03, 0x07, 0x01, 0xff, 0xff, 0x9f, 0x01, 0x05, 0x03, 0x80, 0x05, 0xf1, 0xf1,
  0x71, 0x04, 0xf0, 0x20, 0x05, 0x04, 0xff, 0x8f, 0xff, 0x6f, 0x01, 0xf0, 0x10, 0x04, 0x0f, 0xf1, 0xf1, 0x71, 0x07, 0x80, 0x03, 0xff, 0xff, 0xef,
  0x04, 0x80, 0x05, 0xf1, 0xf1, 0x71, 0x06, 0xf0, 0x10, 0x05, 0xff, 0xaf, 0xff, 0x6f, 0x01, 0xf0, 0x10, 0x07, 0xf1, 0xf1, 0x81, 0x05, 0x80, 0x03,
  0xff, 0xff, 0xef, 0x04, 0x80, 0x03, 0x06, 0xf1, 0xf1, 0x51, 0x06, 0x07, 0xf0, 0x10, 0x05, 0xff, 0xaf, 0xff, 0x6f, 0x01, 0xf0, 0x20, 0x05, 0xf1,
  0xf1, 0x51, 0x06, 0x03, 0x90, 0x03, 0xff, 0xff, 0xef, 0x04, 0x90, 0x03, 0x06, 0xf1, 0xf1, 0x41, 0x05, 0xf0, 0x20, 0x05, 0xff, 0xaf, 0xff, 0x6f,
  0x01, 0xf0, 0x20, 0x05, 0xf1, 0xf1, 0x61, 0xa0, 0x03, 0xff, 0xff, 0xef, 0x04, 0x90, 0x03, 0x06, 0xf1, 0xf1, 0x41, 0x07, 0xf0, 0x20, 0x05, 0xff,
  0xaf, 0xff, 0x6f, 0x01, 0xf0, 0x20, 0x05, 0x06, 0xf1, 0xf1, 0x41, 0x06, 0x03, 0x90, 0x05, 0xff, 0xff, 0xef, 0x04, 0x90, 0x03, 0x06, 0xf1, 0xf1,
  0x31, 0x04, 0x03, 0xf0, 0x20, 0x04, 0xff, 0xaf, 0xff, 0x7f, 0x04, 0x05, 0xf0, 0x10, 0x03, 0x06, 0xf1, 0xf1, 0x21, 0x04, 0x03, 0x90, 0x06, 0x01,
  0xff, 0xff, 0xef, 0x01, 0x06, 0x05, 0x80, 0x03, 0x04, 0xf1, 0xf1, 0x21, 0x03, 0xf0, 0x20, 0x04, 0x01, 0xff, 0xaf, 0xff, 0x8f, 0x04, 0xf0, 0x20,
  0x04, 0xf1, 0xf1, 0x11, 0x06, 0x05, 0xa0, 0x01, 0xff, 0xff, 0xff, 0x0f, 0x01, 0x05, 0x90, 0x07, 0xf1, 0xf1, 0x01, 0x06, 0x07, 0xf0, 0x30, 0x06,
  0xff, 0xbf, 0xff, 0x8f, 0x04, 0xf0, 0x20, 0x03, 0x07, 0xf1, 0xf1, 0x06, 0x03, 0xa0, 0x05, 0x01, 0xff, 0xff, 0xff, 0x0f, 0x01, 0x07, 0x03, 0x90,
  0x07, 0xf1, 0xf1, 0x05, 0xf0, 0x20, 0x03, 0x07, 0x01, 0xff, 0xbf, 0xff, 0x8f, 0x01, 0x05, 0x03, 0xf0, 0x20, 0x06, 0xf1, 0xe1, 0x04, 0xa0, 0x07,
  0x01, 0xff, 0xff, 0xff, 0x3f, 0x04, 0x90, 0x03, 0x06, 0xf1, 0xd1, 0x06, 0x03, 0xf0, 0x20, 0x05, 0xff, 0xdf, 0xff, 0xaf, 0x05, 0xf0, 0x20, 0x05,
  0x06, 0xf1, 0xc1, 0x04, 0x03, 0xa0, 0x04, 0xff, 0xff, 0xff, 0x4f, 0x04, 0xa0, 0x05, 0x06, 0xf1, 0xb1, 0x07, 0xf0, 0x40, 0x07, 0xff, 0xdf, 0xff,
  0xaf, 0x04, 0xf0, 0x30, 0x03, 0x06, 0x0f, 0xf1, 0x91, 0x06, 0x03, 0x90, 0x03, 0x04, 0x01, 0xff, 0xff, 0xff, 0x4f, 0x01, 0x04, 0x03, 0x90, 0x07,
  0xf1, 0xa1, 0x04, 0x03, 0xf0, 0x30, 0x04, 0x01, 0xff, 0xdf, 0xff, 0xbf, 0x04, 0x03, 0xf0, 0x20, 0x05, 0x07, 0x06, 0xf1, 0x61, 0x06, 0x07, 0xc0,
  0x06, 0xff, 0xff, 0xff, 0x7f, 0x03, 0xa0, 0x07, 0x06, 0xf1, 0x51, 0x0f, 0x01, 0x03, 0xf0, 0x50, 0x01, 0xff, 0xef, 0xff, 0xbf, 0x06, 0xf0, 0x50,
  0x07, 0xf1, 0x61, 0x03, 0xd0, 0x06, 0xff, 0xff, 0xff, 0x6f, 0x01, 0x03, 0xc0, 0x06, 0x0f, 0xf1, 0x21, 0x06, 0x04, 0x07, 0xf0, 0x50, 0x03, 0x01,
  0xff, 0xef, 0xff, 0xbf, 0x01, 0x03, 0xf0, 0x40, 0x13, 0x07, 0x0f, 0xf1, 0x11, 0x07, 0x05, 0xc0, 0x03, 0x06, 0xff, 0xff, 0xff, 0x8f, 0x04, 0x03,
  0xb0, 0x03, 0x07, 0x06, 0x0f, 0xe1, 0x1f, 0x07, 0xf0, 0x60, 0x03, 0x01, 0xff, 0xff, 0xff, 0xcf, 0x01, 0x05, 0xf0, 0x50, 0x03, 0x14, 0x07, 0x06,
  0xa1, 0x06, 0x07, 0x04, 0x07, 0xe0, 0x04, 0xff, 0xff, 0xff, 0xaf, 0x01, 0x03, 0xc0, 0x07, 0x01, 0x04, 0x06, 0xa1, 0x06, 0x27, 0x03, 0xf0, 0x50,
  0x03, 0x06, 0xff, 0xff, 0x0f, 0xff, 0xdf, 0x01, 0x03, 0xf0, 0x80, 0x04, 0xa1, 0x04, 0xf0, 0x03, 0x06, 0xff, 0xff, 0xff, 0xcf, 0x01, 0x05, 0xe0,
  0x03, 0xa1, 0x07, 0xf0, 0x80, 0x03, 0x06, 0xff, 0xff, 0x1f, 0xff, 0xef, 0x01, 0x03, 0xf0, 0x70, 0x03, 0x67, 0x35, 0x03, 0xe0, 0x03, 0x06, 0xff,
  0xff, 0xff, 0xef, 0x01, 0x07, 0x03, 0xd0, 0x03, 0x95, 0x03, 0xf0, 0x70, 0x07, 0x11, 0xff, 0xff, 0x1f, 0xff, 0xff, 0x01, 0x07, 0xf0, 0xf0, 0xf0,
  0x10, 0x05, 0x01, 0xff, 0xff, 0xff, 0xff, 0x0f, 0x01, 0x04, 0xf0, 0xf0, 0xf0, 0x00, 0x07, 0x01, 0xff, 0xff, 0x3f, 0xff, 0xff, 0x0f, 0x01, 0x03,
  0xf0, 0xf0, 0xd0, 0x05, 0x13, 0x01, 0xff, 0xff, 0xff, 0xff, 0x2f, 0x01, 0x05, 0x00, 0x13, 0xf0, 0xf0, 0x90, 0x25, 0x01, 0x0f, 0x01, 0xff, 0xff,
  0x2f, 0xff, 0xff, 0x1f, 0x01, 0x14, 0x05, 0xf0, 0xf0, 0x90, 0x03, 0x21, 0xff, 0xff, 0xff, 0xff, 0x4f, 0x21, 0x05, 0xf0, 0xf0, 0x80, 0x03, 0x21,
  0xff, 0xff, 0x5f, 0xff, 0xff, 0x4f, 0x01, 0x03, 0xf0, 0xf0, 0x60, 0x03, 0x04, 0x06, 0xff, 0xff, 0xff, 0xff, 0xaf, 0x06, 0x07, 0x05, 0xf0, 0xf0,
  0x40, 0x03, 0x06, 0x01, 0xff, 0xff, 0x8f, 0xff, 0xff, 0x6f, 0x06, 0xf0, 0xf0, 0x50, 0x04, 0xff, 0xff, 0xff, 0xff, 0xef, 0x01, 0x03, 0xf0, 0xf0,
  0x10, 0x13, 0x04, 0xff, 0xff, 0xaf, 0xff, 0xff, 0x7f, 0x04, 0x15, 0xf0, 0xf0, 0x07, 0x16, 0x01, 0xff, 0xff, 0xff, 0xff, 0xff, 0x11, 0x04, 0xf0,
  0xe0, 0x05, 0x11, 0xff, 0xff, 0xbf, 0xff, 0xff, 0x9f, 0x01, 0x05, 0xf0, 0x90, 0x43, 0x01, 0xff, 0xff, 0xff, 0xff, 0xff, 0x4f, 0x01, 0x07, 0x33,
  0xf0, 0x30, 0x03, 0x07, 0x35, 0x04, 0xff, 0xff, 0xdf, 0xff, 0xff, 0xaf, 0x01, 0x26, 0x01, 0x07, 0xf0, 0x30, 0x07, 0x41, 0xff, 0xff, 0xff, 0xff,
  0xff, 0x6f, 0x41, 0x05, 0xf0, 0x20, 0x05, 0xff, 0xff, 0xff, 0x3f, 0xff, 0xff, 0xff, 0x04, 0xf0, 0x30, 0x04, 0xff, 0xff, 0xff, 0xff, 0xff, 0xff,
  0x0f, 0x04, 0x25, 0x37, 0x65, 0x37, 0x05, 0x04, 0xff, 0xff, 0xff, 0x3f, 0xff, 0xff, 0xff, 0x01, 0x44, 0xe6, 0x01, 0xff, 0xff, 0xff, 0xff, 0xff,
  0xff, 0x1f, 0x01, 0x6f, 0x31, 0xff, 0xff, 0xff, 0xbf, 0xff, 0xff, 0xff, 0xff, 0xff, 0xff, 0xff, 0x2f, 0x41, 0xff, 0xff, 0xff, 0xff, 0xff, 0xff,
  0xff, 0x7f, 0xff, 0xff, 0xff, 0xff, 0xff, 0xff, 0xcf, 0x01, 0x05, 0xc3, 0x05, 0x03, 0x07, 0xff, 0xff, 0xff, 0xff, 0xff, 0xff, 0xff, 0x0f, 0xff,
  0xff, 0xff, 0xff, 0xff, 0xff, 0x5f, 0x01, 0x1f, 0x31, 0x07, 0xf0, 0x03, 0x06, 0x31, 0xff, 0xff, 0xff, 0xff, 0xff, 0xff, 0xbf, 0xff, 0xff, 0xff,
  0xff, 0xff, 0xff, 0x7f, 0x04, 0x10, 0x13, 0xf0, 0x10, 0x33, 0x00, 0x04, 0x0f, 0x11, 0xff, 0xff, 0xff, 0xff, 0xff, 0xff, 0x7f, 0xff, 0xff, 0xff,
  0xff, 0xff, 0xff, 0x4f, 0x04, 0x05, 0x07, 0x03, 0xf0, 0xa0, 0x03, 0x05, 0x03, 0x07, 0xff, 0xff, 0xff, 0xff, 0xff, 0xff, 0x7f, 0xff, 0xff, 0xff,
  0xff, 0xff, 0xff, 0x2f, 0x01, 0x06, 0x03, 0xf0, 0xf0, 0x10, 0x17, 0x01, 0xff, 0xff, 0xff, 0xff, 0xff, 0xff, 0x4f, 0xff, 0xff, 0xff, 0xff, 0xff,
  0xff, 0x1f, 0x01, 0x03, 0xf0, 0xf0, 0x50, 0x07, 0xff, 0xff, 0xff, 0xff, 0xff, 0xff, 0x4f, 0xff, 0xff, 0xff, 0xff, 0xff, 0xff, 0x01, 0x17, 0xf0,
  0xf0, 0x70, 0x03, 0x07, 0xff, 0xff, 0xff, 0xff, 0xff, 0xff, 0x2f, 0xff, 0xff, 0xff, 0xff, 0xff, 0xef, 0x01, 0x07, 0xf0, 0xf0, 0xb0, 0x06, 0xff,
  0xff, 0xff, 0xff, 0xff, 0xff, 0x1f, 0xff, 0xff, 0xff, 0xff, 0xff, 0xdf, 0x06, 0x03, 0xf0, 0xf0, 0xd0, 0x07, 0x01, 0xff, 0xff, 0xff, 0xff, 0xff,
  0xff, 0xff, 0xff, 0xff, 0xff, 0xff, 0xcf, 0x04, 0x03, 0xf0, 0xf0, 0xf0, 0x07, 0xff, 0xff, 0xff, 0xff, 0xff, 0xff, 0xff, 0xff, 0xff, 0xff, 0xff,
  0xbf, 0x01, 0x03, 0xf0, 0x10, 0x07, 0xa4, 0x03, 0xf0, 0x10, 0x03, 0x06, 0xff, 0xff, 0xff, 0xff, 0xff, 0xef, 0xff, 0xff, 0xff, 0xff, 0xff, 0xaf,
  0x04, 0x03, 0xe0, 0x33, 0x01, 0xaf, 0x07, 0xf0, 0x30, 0x07, 0xff, 0xff, 0xff, 0xff, 0xff, 0xdf, 0xff, 0xff, 0xff, 0xff, 0xff, 0x9f, 0x01, 0x03,
  0xe0, 0x05, 0x31, 0xbf, 0x01, 0x16, 0x01, 0x06, 0x03, 0xe0, 0x03, 0x01, 0xff, 0xff, 0xff, 0xff, 0xff, 0xcf, 0xff, 0xff, 0xff, 0xff, 0xff, 0x8f,
  0x01, 0x05, 0xc0, 0x03, 0x17, 0x01, 0xff, 0x4f, 0x04, 0x05, 0x07, 0x03, 0xc0, 0x03, 0x04, 0xff, 0xff, 0xff, 0xff, 0xff, 0xbf, 0xff, 0xff, 0xff,
  0xff, 0xff, 0x7f, 0x01, 0x03, 0xb0, 0x13, 0x04, 0xff, 0xaf, 0x04, 0xd0, 0x07, 0xff, 0xff, 0xff, 0xff, 0xff, 0xbf, 0xff, 0xff, 0xff, 0xff, 0xff,
  0x7f, 0x04, 0x03, 0xb0, 0x04, 0xff, 0xdf, 0x06, 0x07, 0x03, 0xa0, 0x03, 0x07, 0x01, 0xff, 0xff, 0xff, 0xff, 0xff, 0x9f, 0xff, 0xff, 0xff, 0xff,
  0xff, 0x5f, 0x01, 0x05, 0xb0, 0x07, 0x04, 0xff, 0xff, 0x0f, 0x04, 0xc0, 0x01, 0xff, 0xff, 0xff, 0xff, 0xff, 0x9f, 0xff, 0xff, 0xff, 0xff, 0xff,
  0x5f, 0x01, 0xb0, 0x05, 0x01, 0xff, 0xff, 0x1f, 0x01, 0x06, 0x07, 0x90, 0x03, 0x01, 0xff, 0xff, 0xff, 0xff, 0xff, 0x9f, 0xff, 0xff, 0xff, 0xff,
  0xff, 0x4f, 0x06, 0x07, 0xa0, 0x07, 0x01, 0xff, 0xff, 0x4f, 0x06, 0xa0, 0x06, 0xff, 0xff, 0xff, 0xff, 0xff, 0x9f, 0xff, 0xff, 0xff, 0xff, 0xff,
  0x4f, 0x07, 0x90, 0x03, 0x07, 0x01, 0xff, 0xff, 0x5f, 0x11, 0x07, 0x80, 0x06, 0xff, 0xff, 0xff, 0xff, 0xff, 0x9f, 0xff, 0xff, 0xff, 0xff, 0xff,
  0x4f, 0x07, 0x90, 0x07, 0xff, 0xff, 0x9f, 0x04, 0x80, 0x06, 0xff, 0xff, 0xff, 0xff, 0xff, 0x9f, 0xff, 0xff, 0xff, 0xff, 0xff, 0x4f, 0x07, 0x80,
  0x07, 0x01, 0xff, 0xff, 0xaf, 0x01, 0x03, 0x40, 0x03, 0x04, 0x01, 0xff, 0xff, 0xff, 0xff, 0xff, 0x9f, 0xff, 0xff, 0xff, 0xff, 0xff, 0x4f, 0x05,
  0x70, 0x03, 0x01, 0xff, 0xff, 0xcf, 0x04, 0x33, 0x00, 0x07, 0xff, 0xff, 0xff, 0xff, 0xff, 0xbf, 0xff, 0xff, 0xff, 0xff, 0xff, 0x4f, 0x04, 0x13,
  0x40, 0x05, 0x04, 0xff, 0xff, 0xef, 0x51, 0xff, 0xff, 0xff, 0xff, 0xff, 0xbf, 0xff, 0xff, 0xff, 0xff, 0xff, 0x5f, 0x01, 0x03, 0x40, 0x06, 0xff,
  0xff, 0xff, 0xff, 0xff, 0xff, 0xff, 0xff, 0xff, 0x1f, 0xff, 0xff, 0xff, 0xff, 0xff, 0x6f, 0x06, 0x34, 0x06, 0xff, 0xff, 0xff, 0xff, 0xff, 0xff,
  0xff, 0xff, 0xff, 0x2f, 0xff, 0xff, 0xff, 0xff, 0xff, 0xff, 0xff, 0xff, 0xff, 0xff, 0xff, 0xff, 0xff, 0xff, 0xff, 0xff, 0xff, 0xff, 0xff, 0xff,
  0xff, 0xff, 0xff, 0xff, 0xff, 0xff, 0xff, 0xff, 0xff, 0xff, 0xff, 0xff, 0xff, 0xff, 0xff, 0xff, 0xff, 0xff, 0xff, 0xff, 0xff, 0xff, 0xff, 0xff,
  0xff, 0xff, 0xff, 0xff, 0xff, 0xff, 0xff, 0xff, 0xff, 0xff, 0xff, 0xff, 0xff, 0xff, 0xff, 0xff, 0xff, 0xff, 0xff, 0xff, 0xff, 0xff, 0xff, 0xff,
  0xff, 0xff, 0xff, 0xff, 0xff, 0xff, 0xff, 0xff, 0xff, 0xff, 0xff, 0xff, 0xff, 0xff, 0xff, 0xff, 0xff, 0xff, 0xff, 0xff, 0xff, 0xff, 0xff, 0xff,
  0xff, 0xff, 0xff, 0xff, 0xff, 0xff, 0xff, 0xff, 0xff, 0xff, 0xff, 0xff, 0xff, 0xff, 0xff, 0xff, 0xff, 0xff, 0xff, 0xff, 0xff, 0xff, 0xff, 0xff,
  0xff, 0xff, 0xff, 0xff, 0xff, 0xff, 0xff, 0xff, 0xff, 0xff, 0xff, 0xff, 0xff, 0xff, 0xff, 0xff, 0xff, 0xff, 0xff, 0xff, 0xff, 0xff, 0xff, 0xff,
  0xff, 0xff, 0xff, 0xff, 0xff, 0xff, 0xff, 0xff, 0xff, 0xff, 0xff, 0xff, 0xff, 0xff, 0xff, 0xff, 0xff, 0xff, 0xff, 0xff, 0xff, 0xff, 0xff, 0xff,
  0xff, 0xff, 0xff, 0xff, 0xff, 0xff, 0xff, 0xff, 0xff, 0xff, 0xff, 0xff, 0xff, 0xff, 0xff, 0xff, 0xff, 0xff, 0xff, 0xff, 0xff, 0xff, 0xff, 0xff,
  0xff, 0xff, 0xff, 0xff, 0xff, 0xff, 0xff, 0xff, 0xff, 0xff, 0xff, 0xff, 0xff, 0xff, 0xff, 0xff, 0xff, 0xff, 0xff, 0xff, 0xff, 0xff,
};

static const uint16_t FACE_03_PALETTE[16] PROGMEM = {
  0x028d, 0x0d7a, 0x169d, 0x0105, 0x0371, 0x0c75, 0x01a9, 0x0000, 0x0e5f, 0x167f, 0x169f, 0x0ebf, 0x0f3f, 0x0042, 0x0083, 0x0dbc
};
static const uint8_t FACE_03_RUNS[] PROGMEM = {
  0xf7, 0xf7, 0xf7, 0xf7, 0xf7, 0xf7, 0xf7, 0xf7, 0xf7, 0xf7, 0xf7, 0xf7, 0xf7, 0xf7, 0xf7, 0xf7, 0xf7, 0xf7, 0xf7, 0xf7, 0xf7, 0xf7, 0xf7, 0xf7,
  0xf7, 0xf7, 0xf7, 0xf7, 0xf7, 0xf7, 0xf7, 0xf7, 0xf7, 0xf7, 0xf7, 0xf7, 0xf7, 0xf7, 0xf7, 0xf7, 0xf7, 0xf7, 0xf7, 0xf7, 0xf7, 0xf7, 0xf7, 0xf7,
  0xf7, 0xf7, 0xf7, 0xf7, 0xf7, 0xf7, 0xf7, 0xf7, 0xf7, 0xf7, 0xf7, 0xf7, 0xf7, 0xf7, 0xf7, 0xf7, 0xf7, 0xf7, 0xf7, 0xf7, 0xf7, 0xf7, 0xf7, 0xf7,
  0xf7, 0xf7, 0xf7, 0xf7, 0xf7, 0xf7, 0xf7, 0xf7, 0xf7, 0xf7, 0xf7, 0xf7, 0xf7, 0xf7, 0xf7, 0xf7, 0xf7, 0xf7, 0xf7, 0xf7, 0xf7, 0xf7, 0xf7, 0xf7,
  0xf7, 0xf7, 0xf7, 0xf7, 0xf7, 0xf7, 0xf7, 0xf7, 0xf7, 0xf7, 0xf7, 0xf7, 0xf7, 0xf7, 0xf7, 0xf7, 0xf7, 0xf7, 0xf7, 0xf7, 0xf7, 0xf7, 0xf7, 0xf7,
  0xf7, 0xf7, 0xf7, 0xf7, 0xf7, 0xf7, 0xf7, 0xf7, 0xf7, 0xf7, 0xf7, 0xf7, 0xf7, 0xf7, 0xf7, 0xf7, 0xf7, 0xf7, 0xf7, 0xf7, 0xf7, 0xf7, 0xf7, 0xf7,
  0xf7, 0xf7, 0xf7, 0xf7, 0xf7, 0xf7, 0xf7, 0xf7, 0xf7, 0xf7, 0xf7, 0xf7, 0xf7, 0xf7, 0xf7, 0xf7, 0xf7, 0xf7, 0xf7, 0xf7, 0xf7, 0xf7, 0xf7, 0xf7,
  0xf7, 0xf7, 0xf7, 0xf7, 0xf7, 0xf7, 0xf7, 0xf7, 0xf7, 0xf7, 0xf7, 0xf7, 0xf7, 0xf7, 0xf7, 0xf7, 0xf7, 0xf7, 0xf7, 0xf7, 0xf7, 0xf7, 0xf7, 0xf7,
  0xf7, 0xf7, 0xf7, 0xf7, 0xf7, 0xf7, 0xf7, 0xf7, 0xf7, 0xf7, 0xf7, 0xf7, 0xf7, 0xf7, 0xf7, 0xf7, 0xf7, 0xf7, 0xf7, 0xf7, 0xf7, 0xf7, 0xf7, 0xf7,
  0xf7, 0xf7, 0xf7, 0xf7, 0xf7, 0xf7, 0xf7, 0xf7, 0xf7, 0xf7, 0xf7, 0xf7, 0xf7, 0xf7, 0xf7, 0xf7, 0xf7, 0xf7, 0xf7, 0xf7, 0xf7, 0xf7, 0xf7, 0xf7,
  0xf7, 0xf7, 0xf7, 0xf7, 0xf7, 0xf7, 0xf7, 0xf7, 0xf7, 0xf7, 0xf7, 0xf7, 0xf7, 0xf7, 0xf7, 0xf7, 0xf7, 0xf7, 0xf7, 0xf7, 0xf7, 0xf7, 0xf7, 0xf7,
  0xf7, 0xf7, 0xf7, 0xf7, 0xf7, 0xf7, 0xf7, 0xf7, 0xf7, 0xf7, 0xf7, 0xf7, 0xf7, 0xf7, 0xf7, 0xf7, 0xf7, 0xf7, 0xf7, 0xf7, 0xf7, 0xf7, 0xf7, 0xf7,
  0xf7, 0xf7, 0xf7, 0xf7, 0xf7, 0xf7, 0xf7, 0xf7, 0xf7, 0xf7, 0xf7, 0xf7, 0xf7, 0xf7, 0xf7, 0xf7, 0xf7, 0xf7, 0xf7, 0xf7, 0xf7, 0xf7, 0xf7, 0xf7,
  0xf7, 0xf7, 0xf7, 0xf7, 0xf7, 0xf7, 0xf7, 0xf7, 0xf7, 0xf7, 0xf7, 0xf7, 0xf7, 0xf7, 0xf7, 0xf7, 0xf7, 0xf7, 0xf7, 0xf7, 0xf7, 0xf7, 0xf7, 0xf7,
  0xf7, 0xf7, 0xf7, 0xf7, 0xf7, 0xf7, 0xf7, 0xf7, 0xf7, 0xf7, 0xf7, 0xf7, 0xf7, 0xf7, 0xf7, 0xf7, 0xf7, 0xf7, 0xf7, 0xf7, 0xf7, 0xf7, 0xf7, 0xf7,
  0xf7, 0xf7, 0xf7, 0xf7, 0xf7, 0xf7, 0xf7, 0xf7, 0xf7, 0xf7, 0xf7, 0xf7, 0xf7, 0xf7, 0xf7, 0xf7, 0xf7, 0xf7, 0xf7, 0xf7, 0xf7, 0xf7, 0xf7, 0xf7,
  0xf7, 0xf7, 0xf7, 0xf7, 0xf7, 0xf7, 0xf7, 0xf7, 0xf7, 0xf7, 0xf7, 0xf7, 0xf7, 0xf7, 0xf7, 0xf7, 0xf7, 0xf7, 0xf7, 0xf7, 0xf7, 0xf7, 0xf7, 0xf7,
  0xf7, 0xf7, 0xf7, 0xf7, 0xf7, 0xf7, 0xf7, 0xf7, 0xf7, 0xf7, 0xf7, 0xf7, 0xf7, 0xf7, 0xf7, 0xf7, 0xf7, 0xf7, 0xf7, 0xf7, 0xf7, 0xf7, 0xf7, 0xf7,
  0xf7, 0xf7, 0xf7, 0xf7, 0xf7, 0xf7, 0xf7, 0xf7, 0xf7, 0xf7, 0xf7, 0xf7, 0xf7, 0xf7, 0xf7, 0xf7, 0xf7, 0xf7, 0xf7, 0xf7, 0xf7, 0xf7, 0xf7, 0xf7,
  0xf7, 0xf7, 0xf7, 0xf7, 0xf7, 0xf7, 0xf7, 0xf7, 0xf7, 0xf7, 0xf7, 0xf7, 0xf7, 0xf7, 0xf7, 0xf7, 0xf7, 0xf7, 0xf7, 0xf7, 0xf7, 0xf7, 0xf7, 0xf7,
  0xf7, 0xf7, 0xf7, 0xf7, 0xf7, 0xf7, 0xf7, 0xf7, 0xf7, 0xf7, 0xf7, 0xf7, 0xf7, 0xf7, 0xf7, 0xf7, 0xf7, 0xf7, 0xf7, 0xf7, 0xf7, 0xf7, 0xf7, 0xf7,
  0xf7, 0xf7, 0xf7, 0xf7, 0xf7, 0xf7, 0xf7, 0xf7, 0xf7, 0xf7, 0xf7, 0xf7, 0xf7, 0xf7, 0xf7, 0xf7, 0xf7, 0xf7, 0xf7, 0xf7, 0xf7, 0xf7, 0xf7, 0xf7,
  0xf7, 0xf7, 0xf7, 0xf7, 0xf7, 0xf7, 0xf7, 0xf7, 0xf7, 0xf7, 0xf7, 0xf7, 0xf7, 0xf7, 0xf7, 0xf7, 0xf7, 0xf7, 0xf7, 0xf7, 0xf7, 0xf7, 0xf7, 0xf7,
  0xf7, 0xf7, 0xf7, 0xf7, 0xf7, 0xf7, 0xf7, 0xf7, 0xf7, 0xf7, 0xf7, 0xf7, 0xf7, 0xf7, 0xf7, 0xf7, 0xf7, 0xf7, 0xf7, 0xf7, 0xf7, 0xf7, 0xf7, 0xf7,
  0xf7, 0xf7, 0xf7, 0xf7, 0xf7, 0xf7, 0xf7, 0xf7, 0xf7, 0xf7, 0xf7, 0xf7, 0xf7, 0xf7, 0xf7, 0xf7, 0xf7, 0xf7, 0xf7, 0xf7, 0xf7, 0xf7, 0xf7, 0xf7,
  0xf7, 0xf7, 0xf7, 0xf7, 0xf7, 0xf7, 0xf7, 0xf7, 0xf7, 0xf7, 0xf7, 0xf7, 0xf7, 0xf7, 0xf7, 0xf7, 0xf7, 0xf7, 0xf7, 0xf7, 0xf7, 0xf7, 0xf7, 0xf7,
  0xf7, 0xf7, 0xf7, 0xf7, 0xf7, 0xf7, 0xf7, 0xf7, 0xf7, 0xf7, 0xf7, 0xf7, 0xf7, 0xf7, 0xf7, 0xf7, 0xf7, 0xf7, 0xf7, 0xf7, 0xf7, 0xf7, 0xf7, 0xf7,
  0xf7, 0xf7, 0xf7, 0xf7, 0xf7, 0xf7, 0xf7, 0xf7, 0xf7, 0xf7, 0xf7, 0xf7, 0xf7, 0xf7, 0xf7, 0xf7, 0xf7, 0xf7, 0xf7, 0xf7, 0xf7, 0xf7, 0xf7, 0xf7,
  0xf7, 0xf7, 0xf7, 0xf7, 0xf7, 0xf7, 0xf7, 0xf7, 0xf7, 0xf7, 0xf7, 0xf7, 0xf7, 0xf7, 0xf7, 0xf7, 0xf7, 0xf7, 0xf7, 0xf7, 0xf7, 0xf7, 0xf7, 0xf7,
  0xf7, 0xf7, 0xf7, 0xf7, 0xf7, 0xf7, 0xf7, 0xf7, 0xf7, 0xf7, 0xf7, 0xf7, 0xf7, 0xf7, 0xf7, 0xf7, 0xf7, 0xf7, 0xf7, 0xf7, 0xf7, 0xf7, 0xf7, 0xf7,
  0xf7, 0xf7, 0xf7, 0xf7, 0xf7, 0xf7, 0xf7, 0xf7, 0xf7, 0xf7, 0xf7, 0xf7, 0xf7, 0xf7, 0xf7, 0xf7, 0xf7, 0xf7, 0xf7, 0xf7, 0xf7, 0xf7, 0xf7, 0xf7,
  0xf7, 0xf7, 0xf7, 0xf7, 0xf7, 0xf7, 0xf7, 0xf7, 0xf7, 0xf7, 0xf7, 0xf7, 0xf7, 0xf7, 0xf7, 0xf7, 0xf7, 0xf7, 0xf7, 0xf7, 0xf7, 0xf7, 0xf7, 0xf7,
  0xf7, 0xf7, 0xf7, 0xf7, 0xf7, 0xf7, 0xf7, 0xf7, 0xf7, 0xf7, 0xf7, 0xf7, 0xf7, 0xf7, 0xf7, 0xf7, 0xf7, 0xf7, 0xf7, 0xf7, 0xf7, 0xf7, 0xf7, 0xf7,
  0xf7, 0xf7, 0xf7, 0xf7, 0xf7, 0xf7, 0xf7, 0xf7, 0xf7, 0xf7, 0xf7, 0xf7, 0xf7, 0xf7, 0xf7, 0xf7, 0xf7, 0xf7, 0xf7, 0xf7, 0xe7, 0x03, 0x64, 0x60,
  0x04, 0x00, 0xf7, 0xf7, 0xf7, 0xf7, 0xf7, 0xf7, 0x87, 0x0e, 0x00, 0x04, 0x10, 0x34, 0x70, 0x03, 0xf7, 0xf7, 0xf7, 0x47, 0xf7, 0xf7, 0x97, 0x3d,
  0x07, 0x00, 0x0b, 0x0c, 0x2a, 0x8b, 0x0c, 0x02, 0x00, 0x0e, 0x03, 0x0e, 0xf7, 0xf7, 0xf7, 0xf7, 0xf7, 0xf7, 0x17, 0x13, 0x0e, 0x00, 0x2b, 0x7a,
  0x0b, 0x28, 0x0c, 0x04, 0x0d, 0x07, 0x1d, 0xf7, 0xf7, 0xf7, 0x07, 0xf7, 0xf7, 0x87, 0x0e, 0x05, 0x01, 0x25, 0x01, 0x0b, 0x1a, 0x29, 0x78, 0x1b,
  0x11, 0x02, 0x05, 0x0e, 0xf7, 0xf7, 0xf7, 0xf7, 0xf7, 0xf7, 0x0d, 0x31, 0x0b, 0x08, 0x09, 0x5a, 0x29, 0x28, 0x0b, 0x0f, 0x45, 0x03, 0xf7, 0xf7,
  0xe7, 0xf7, 0xf7, 0x57, 0x0e, 0x06, 0x03, 0x00, 0x0a, 0x0c, 0x1a, 0x02, 0x0a, 0x79, 0x68, 0x09, 0x1a, 0x0c, 0x08, 0x04, 0x00, 0x03, 0xf7, 0xf7,
  0xf7, 0xf7, 0xf7, 0xb7, 0x03, 0x00, 0x04, 0x08, 0x0b, 0x0a, 0x0b, 0x18, 0xa9, 0x28, 0x3a, 0x0b, 0x0a, 0x04, 0x16, 0xf7, 0xf7, 0xc7, 0xf7, 0xf7,
  0x57, 0x00, 0x02, 0x01, 0x69, 0x2a, 0x49, 0x78, 0x39, 0x0a, 0x02, 0x06, 0xf7, 0xf7, 0xf7, 0xf7, 0xf7, 0xb7, 0x04, 0x02, 0x0a, 0x09, 0x08, 0x09,
  0x38, 0x89, 0x08, 0x99, 0x12, 0x03, 0xf7, 0xf7, 0xb7, 0xf7, 0xf7, 0x27, 0x06, 0x10, 0x01, 0x0b, 0x0a, 0x0b, 0x08, 0x69, 0x1a, 0x39, 0x78, 0x39,
  0x08, 0x02, 0x05, 0x00, 0xf7, 0xf7, 0xf7, 0xf7, 0xf7, 0x87, 0x03, 0x05, 0x01, 0x1a, 0x29, 0x48, 0x59, 0x48, 0x79, 0x1a, 0x05, 0x10, 0x0e, 0xf7,
  0xf7, 0x87, 0xf7, 0xf7, 0x17, 0x03, 0x01, 0x0a, 0x09, 0x0a, 0x48, 0x59, 0x2a, 0x39, 0x68, 0x29, 0x28, 0x02, 0x01, 0x0d, 0xf7, 0xf7, 0xf7, 0xf7,
  0xf7, 0x77, 0x00, 0x0c, 0x0a, 0x19, 0x0a, 0x19, 0x58, 0x39, 0x58, 0xa9, 0x1a, 0x04, 0x0e, 0xf7, 0xf7, 0x77, 0xf7, 0xf7, 0x07, 0x06, 0x05, 0x1b,
  0x78, 0x39, 0x0a, 0x89, 0x48, 0x29, 0x28, 0x0a, 0x01, 0x03, 0xf7, 0xf7, 0xf7, 0xf7, 0xf7, 0x77, 0x06, 0x0b, 0x02, 0x59, 0x08, 0x89, 0x48, 0x99,
  0x28, 0x0f, 0x01, 0x03, 0xf7, 0xf7, 0x67, 0xf7, 0xf7, 0x03, 0x01, 0x0c, 0x0b, 0x08, 0x1b, 0x68, 0xf9, 0x09, 0x08, 0x19, 0x28, 0x02, 0x0a, 0x01,
  0x03, 0xf7, 0xf7, 0xf7, 0xf7, 0xf7, 0x77, 0x03, 0x0b, 0x02, 0x29, 0x0a, 0xd9, 0x28, 0x99, 0x28, 0x0b, 0x0c, 0x01, 0x03, 0xf7, 0xf7, 0x57, 0xf7,
  0xe7, 0x00, 0x01, 0x2b, 0x1a, 0x1b, 0x68, 0x29, 0x3a, 0x12, 0x6a, 0x09, 0x08, 0x19, 0x18, 0x02, 0x0b, 0x01, 0x03, 0xf7, 0xf7, 0xf7, 0xf7, 0xf7,
  0x77, 0x03, 0x0b, 0x29, 0x1a, 0x19, 0xda, 0x08, 0xa9, 0x38, 0x0b, 0x01, 0x03, 0xf7, 0xf7, 0x47, 0xf7, 0xd7, 0x03, 0x01, 0x0c, 0x18, 0x0b, 0x1a,
  0x1b, 0x88, 0x09, 0x11, 0xa2, 0x49, 0x08, 0x02, 0x0c, 0x01, 0x0e, 0xf7, 0xf7, 0xf7, 0xf7, 0xf7, 0x77, 0x06, 0x0b, 0x18, 0x39, 0x0a, 0x0b, 0x11,
  0x12, 0x81, 0x28, 0xb9, 0x0a, 0x08, 0x02, 0x04, 0x0d, 0xf7, 0xf7, 0x37, 0xf7, 0xc7, 0x00, 0x01, 0x38, 0x3b, 0x48, 0x0b, 0x0c, 0x0b, 0x0c, 0x02,
  0x05, 0x06, 0x13, 0x76, 0x03, 0x00, 0x08, 0x0c, 0x1a, 0x02, 0x0a, 0x0c, 0x05, 0x00, 0xf7, 0xf7, 0xf7, 0xf7, 0xf7, 0x87, 0x03, 0x04, 0x0f, 0x0b,
  0x3a, 0x0c, 0x01, 0x06, 0x93, 0x0e, 0x00, 0x0b, 0x1c, 0x02, 0x1a, 0xa9, 0x0a, 0x01, 0x05, 0x03, 0xf7, 0xf7, 0x27, 0xf7, 0xb7, 0x0d, 0x05, 0x02,
  0x28, 0x3b, 0x0a, 0x29, 0x1b, 0x01, 0x35, 0x03, 0xb7, 0x0e, 0x14, 0x01, 0x1b, 0x08, 0x02, 0x00, 0xf7, 0xf7, 0xf7, 0xf7, 0xf7, 0xa7, 0x0d, 0x05,
  0x08, 0x0f, 0x02, 0x09, 0x01, 0x04, 0x06, 0xb7, 0x03, 0x04, 0x25, 0x01, 0x0b, 0x0c, 0x0a, 0x29, 0x18, 0x49, 0x0a, 0x0b, 0x00, 0xf7, 0xf7, 0x27,
  0xf7, 0xa7, 0x03, 0x05, 0x01, 0x28, 0x3b, 0x1a, 0x19, 0x08, 0x0b, 0x0f, 0x06, 0xf7, 0x37, 0x03, 0x20, 0x06, 0x0e, 0xf7, 0xf7, 0xf7, 0xf7, 0xf7,
  0xb7, 0x03, 0x36, 0x03, 0xf7, 0x1d, 0x07, 0x03, 0x01, 0x0a, 0x39, 0x18, 0x59, 0x08, 0x01, 0x00, 0xf7, 0xf7, 0x17, 0xf7, 0xa7, 0x06, 0x1b, 0x28,
  0x2b, 0x0a, 0x09, 0x0a, 0x02, 0x0c, 0x05, 0x16, 0xf7, 0xf7, 0xf7, 0xf7, 0xf7, 0xf7, 0xf7, 0xf7, 0xf7, 0x07, 0x06, 0x00, 0x06, 0x01, 0x02, 0x09,
  0x08, 0x59, 0x0a, 0x08, 0x0c, 0x05, 0xf7, 0xf7, 0x17, 0xf7, 0xa7, 0x03, 0x02, 0x0b, 0x08, 0x4b, 0x2a, 0x01, 0x04, 0x03, 0xf7, 0xf7, 0xf7, 0xf7,
  0xf7, 0xf7, 0xf7, 0xf7, 0xf7, 0x57, 0x00, 0x04, 0x01, 0x0a, 0x09, 0x4a, 0x0b, 0x08, 0x0b, 0x05, 0x0d, 0xf7, 0xf7, 0x07, 0xf7, 0xa7, 0x06, 0x02,
  0x0b, 0x08, 0x0b, 0x08, 0x2b, 0x08, 0x0a, 0x0f, 0x06, 0xf7, 0xf7, 0xf7, 0xf7, 0xf7, 0xf7, 0xf7, 0xf7, 0xf7, 0x97, 0x04, 0x02, 0x0a, 0x19, 0x2a,
  0x0b, 0x08, 0x0b, 0x05, 0x0d, 0xf7, 0xf7, 0x07, 0xf7, 0xa7, 0x06, 0x02, 0x0b, 0x08, 0x2b, 0x08, 0x0c, 0x02, 0x04, 0x00, 0x0e, 0xf7, 0xf7, 0xf7,
  0xf7, 0xf7, 0xf7, 0xf7, 0xf7, 0xf7, 0x97, 0x0e, 0x00, 0x04, 0x1a, 0x09, 0x0a, 0x1b, 0x08, 0x0c, 0x05, 0x0d, 0xf7, 0xf7, 0x07, 0xf7, 0xa7, 0x06,
  0x02, 0x0b, 0x48, 0x0f, 0x05, 0x03, 0xf7, 0xf7, 0xf7, 0xf7, 0xf7, 0xf7, 0xf7, 0xf7, 0xf7, 0xd7, 0x06, 0x0f, 0x19, 0x18, 0x09, 0x12, 0x05, 0xf7,
  0xf7, 0x17, 0xf7, 0xa7, 0x0e, 0x00, 0x01, 0x2b, 0x0c, 0x08, 0x06, 0x0d, 0xf7, 0xf7, 0xf7, 0xf7, 0xf7, 0xf7, 0xf7, 0xf7, 0xf7, 0xe7, 0x0d, 0x03,
  0x04, 0x0b, 0x0c, 0x0b, 0x1c, 0x04, 0x03, 0xf7, 0xf7, 0x17, 0xf7, 0xc7, 0x04, 0x31, 0x04, 0x0d, 0xf7, 0xf7, 0xf7, 0xf7, 0xf7, 0xf7, 0xf7, 0xf7,
  0xf7, 0xf7, 0x17, 0x03, 0x41, 0x06, 0xf7, 0xf7, 0x27, 0xf7, 0xc7, 0x0e, 0x33, 0x0d, 0xf7, 0xf7, 0xf7, 0xf7, 0xf7, 0xf7, 0xf7, 0xf7, 0xf7, 0xf7,
  0x37, 0x43, 0xf7, 0xf7, 0x37, 0xf7, 0xf7, 0xf7, 0xf7, 0xf7, 0xf7, 0xf7, 0xf7, 0xf7, 0xf7, 0xf7, 0xf7, 0xf7, 0xf7, 0xf7, 0xf7, 0xf7, 0xf7, 0xf7,
  0xf7, 0xf7, 0xf7, 0xf7, 0xf7, 0xf7, 0xf7, 0xf7, 0xf7, 0xf7, 0xf7, 0xf7, 0xf7, 0xf7, 0xf7, 0xf7, 0xf7, 0xf7, 0xf7, 0xf7, 0xf7, 0xf7, 0xf7, 0xf7,
  0xf7, 0xf7, 0xf7, 0xf7, 0xf7, 0xf7, 0xf7, 0xf7, 0xf7, 0xf7, 0xf7, 0xf7, 0xf7, 0xf7, 0xf7, 0xf7, 0xf7, 0xf7, 0xf7, 0xf7, 0xf7, 0xf7, 0xf7, 0xf7,
  0xf7, 0xf7, 0xf7, 0xf7, 0xf7, 0xf7, 0xf7, 0xf7, 0xf7, 0xf7, 0xf7, 0xf7, 0xf7, 0xf7, 0xf7, 0xf7, 0xf7, 0xf7, 0xf7, 0xf7, 0xf7, 0xf7, 0xf7, 0xf7,
  0xf7, 0xf7, 0xf7, 0xf7, 0xf7, 0xf7, 0xf7, 0xf7, 0xf7, 0xf7, 0xf7, 0xf7, 0xf7, 0xf7, 0xf7, 0xf7, 0xf7, 0xf7, 0xf7, 0xf7, 0xf7, 0xf7, 0xf7, 0xf7,
  0xf7, 0xf7, 0xf7, 0xf7, 0xf7, 0xf7, 0xf7, 0xf7, 0xf7, 0xf7, 0xf7, 0xf7, 0xf7, 0xf7, 0xf7, 0xf7, 0xf7, 0xf7, 0xf7, 0xf7, 0xf7, 0xf7, 0xf7, 0xf7,
  0xf7, 0xf7, 0xf7, 0xf7, 0xf7, 0xf7, 0xf7, 0xf7, 0xf7, 0xf7, 0xf7, 0xf7, 0xf7, 0xf7, 0xf7, 0xf7, 0xf7, 0xf7, 0xf7, 0xf7, 0xf7, 0xf7, 0xf7, 0xf7,
  0xf7, 0xf7, 0xf7, 0xf7, 0xf7, 0xf7, 0xf7, 0xf7, 0xf7, 0xf7, 0xf7, 0xf7, 0xf7, 0xf7, 0xf7, 0xf7, 0xf7, 0xf7, 0xf7, 0xf7, 0xf7, 0xf7, 0xf7, 0xf7,
  0xf7, 0xf7, 0xf7, 0xf7, 0xf7, 0xf7, 0xf7, 0xf7, 0xf7, 0xf7, 0xf7, 0xf7, 0xf7, 0xf7, 0xf7, 0xf7, 0xf7, 0xf7, 0xf7, 0xf7, 0xf7, 0xf7, 0xf7, 0xf7,
  0xf7, 0xf7, 0xf7, 0xf7, 0xf7, 0xf7, 0xf7, 0xf7, 0xf7, 0xf7, 0xf7, 0xf7, 0xf7, 0xf7, 0xf7, 0xf7, 0xf7, 0xf7, 0xf7, 0xf7, 0xf7, 0xf7, 0xf7, 0xf7,
  0xf7, 0xf7, 0xf7, 0xf7, 0xf7, 0xf7, 0xf7, 0xf7, 0xf7, 0xf7, 0xf7, 0xf7, 0xf7, 0xf7, 0xf7, 0xf7, 0xf7, 0xf7, 0xf7, 0xf7, 0xf7, 0xf7, 0xf7, 0xf7,
  0xf7, 0xf7, 0xf7, 0xf7, 0xf7, 0xf7, 0xf7, 0xf7, 0xf7, 0xf7, 0xf7, 0xf7, 0xf7, 0xf7, 0xf7, 0xf7, 0xf7, 0xf7, 0xf7, 0xf7, 0xf7, 0xf7, 0xf7, 0xf7,
  0xf7, 0xf7, 0xf7, 0xf7, 0xf7, 0xf7, 0xf7, 0xf7, 0xf7, 0xf7, 0xf7, 0xf7, 0xf7, 0xf7, 0xf7, 0xf7, 0xf7, 0xf7, 0xf7, 0xf7, 0xf7, 0xf7, 0xf7, 0xf7,
  0xf7, 0xf7, 0xf7, 0xf7, 0xf7, 0xf7, 0xf7, 0xf7, 0xf7, 0xf7, 0xf7, 0x07, 0x03, 0xf0, 0x10, 0x0e, 0xf7, 0xf7, 0xf7, 0xf7, 0xf7, 0xf7, 0x00, 0x04,
  0xf0, 0x00, 0x0e, 0xf7, 0xf7, 0xf7, 0x67, 0xf7, 0xf7, 0xf7, 0x07, 0x04, 0x0c, 0xeb, 0x0c, 0x02, 0x03, 0xf7, 0xf7, 0xf7, 0xf7, 0xf7, 0xf7, 0x05,
  0x0c, 0xfb, 0x02, 0x03, 0xf7, 0xf7, 0xf7, 0x67, 0xf7, 0xf7, 0xb7, 0x03, 0x30, 0x01, 0x0b, 0x58, 0x1b, 0x88, 0x04, 0x30, 0x0e, 0xf7, 0xf7, 0xf7,
  0xf7, 0xf7, 0x57, 0x06, 0x34, 0x01, 0x0b, 0x98, 0x19, 0x48, 0x04, 0x30, 0x03, 0xf7, 0xf7, 0xf7, 0x17, 0xf7, 0xf7, 0xa7, 0x0d, 0x05, 0x0c, 0x0a,
  0x12, 0x0a, 0xe8, 0x09, 0x18, 0x0b, 0x0a, 0x2b, 0x00, 0xf7, 0xf7, 0xf7, 0xf7, 0xf7, 0x47, 0x03, 0x01, 0x02, 0x0a, 0x12, 0x0a, 0x88, 0x49, 0x38,
  0x0b, 0x2a, 0x0c, 0x00, 0xf7, 0xf7, 0xf7, 0x17, 0xf7, 0xf7, 0x87, 0x06, 0x15, 0x01, 0x08, 0x02, 0x19, 0x08, 0x0b, 0xb8, 0x0b, 0x48, 0x09, 0x28,
  0x01, 0x04, 0x05, 0x03, 0xf7, 0xf7, 0xf7, 0xf7, 0xe7, 0x0e, 0x04, 0x15, 0x08, 0x49, 0x0a, 0x78, 0x39, 0x58, 0x19, 0x02, 0x08, 0x01, 0x14, 0x03,
  0xf7, 0xf7, 0xe7, 0xf7, 0xf7, 0x67, 0x03, 0x06, 0x05, 0x12, 0x0b, 0x08, 0x29, 0xf8, 0x78, 0x0a, 0x1c, 0x04, 0xf7, 0xf7, 0xf7, 0xf7, 0xe7, 0x06,
  0x0b, 0x1c, 0x0b, 0x59, 0x78, 0x29, 0x68, 0x39, 0x0a, 0x12, 0x04, 0x0e, 0xf7, 0xf7, 0xd7, 0xf7, 0xf7, 0x67, 0x05, 0x02, 0x48, 0x1b, 0xf8, 0x78,
  0x19, 0x01, 0x08, 0x0f, 0x05, 0x00, 0xf7, 0xf7, 0xf7, 0xf7, 0xa7, 0x03, 0x05, 0x01, 0x08, 0x01, 0x38, 0x39, 0x78, 0x29, 0x68, 0x09, 0x0a, 0x49,
  0x02, 0x05, 0x00, 0xf7, 0xf7, 0xc7, 0xf7, 0xf7, 0x37, 0x0e, 0x00, 0x04, 0x01, 0x0c, 0x0b, 0x38, 0x2b, 0xd8, 0x0b, 0x78, 0x19, 0x0a, 0x08, 0x0b,
  0x02, 0x01, 0x13, 0x0e, 0xf7, 0xf7, 0xf7, 0xf7, 0x57, 0x13, 0x04, 0x02, 0x0b, 0x58, 0x0b, 0x98, 0x49, 0x58, 0x09, 0x1a, 0x09, 0x2a, 0x0b, 0x02,
  0x01, 0x13, 0x0e, 0xf7, 0xf7, 0x97, 0xf7, 0xf7, 0x37, 0x00, 0x0c, 0x0b, 0x68, 0x2b, 0x08, 0x2b, 0x98, 0x0b, 0x08, 0x49, 0x18, 0x49, 0x18, 0x01,
  0x02, 0x04, 0xf7, 0xf7, 0xf7, 0xf7, 0x57, 0x01, 0x12, 0x78, 0x0b, 0x08, 0x1b, 0x0a, 0x58, 0x19, 0x0a, 0x29, 0x38, 0x29, 0x4a, 0x09, 0x08, 0x09,
  0x01, 0x02, 0x04, 0xf7, 0xf7, 0x97, 0xf7, 0xf7, 0x27, 0x00, 0x0f, 0x98, 0x3b, 0xc8, 0xc9, 0x08, 0x1b, 0x0c, 0x01, 0x00, 0xf7, 0xf7, 0xf7, 0xf7,
  0x27, 0x03, 0x04, 0x18, 0x0b, 0x78, 0x1b, 0x0a, 0x09, 0x0a, 0x09, 0x38, 0xe9, 0x2a, 0x09, 0x3a, 0x0b, 0x01, 0x00, 0xf7, 0xf7, 0x87, 0xf7, 0xf7,
  0x17, 0x00, 0x0a, 0x0b, 0x98, 0x2b, 0xe8, 0xb9, 0x48, 0x0b, 0x04, 0xf7, 0xf7, 0xf7, 0xf7, 0x07, 0x0d, 0x05, 0x0c, 0xa8, 0x1b, 0x09, 0x2a, 0xf9,
  0x5a, 0x09, 0x0a, 0x39, 0x08, 0x0b, 0x00, 0xf7, 0xf7, 0x77, 0xf7, 0xf7, 0x07, 0x04, 0x01, 0xf8, 0xc8, 0xa9, 0x78, 0x0b, 0x04, 0xf7, 0xf7, 0xf7,
  0xf7, 0x04, 0xd8, 0x0b, 0x09, 0x1a, 0x79, 0x28, 0x59, 0x5a, 0x69, 0x0a, 0x01, 0x06, 0xf7, 0xf7, 0x67, 0xf7, 0xf7, 0x00, 0x0b, 0x0c, 0xf8, 0xd8,
  0x89, 0x88, 0x0b, 0x0f, 0x00, 0xf7, 0xf7, 0xf7, 0xc7, 0x0d, 0x04, 0x08, 0x0b, 0x09, 0xa8, 0x0b, 0x4a, 0x39, 0x58, 0x59, 0x4a, 0x89, 0x0b, 0x01,
  0x03, 0xf7, 0xf7, 0x57, 0xf7, 0xd7, 0x0e, 0x00, 0x01, 0x0b, 0x28, 0x0b, 0xf8, 0xa8, 0x89, 0x98, 0x1b, 0x00, 0xf7, 0xf7, 0xf7, 0xb7, 0x06, 0x1b,
  0x19, 0xa8, 0x1b, 0x5a, 0x29, 0x68, 0x39, 0x3a, 0x99, 0x08, 0x0b, 0x05, 0x03, 0xf7, 0xf7, 0x47, 0xf7, 0xd7, 0x00, 0x02, 0xf8, 0x58, 0x0b, 0x88,
  0x79, 0xc8, 0x0b, 0x0f, 0x04, 0x0e, 0xf7, 0xf7, 0xf7, 0x87, 0x04, 0x0f, 0x08, 0x29, 0xb8, 0x0b, 0x5a, 0x49, 0x08, 0x69, 0x5a, 0x89, 0x18, 0x0b,
  0x01, 0x03, 0xf7, 0xf7, 0x37, 0xf7, 0xc7, 0x03, 0x01, 0x0b, 0xf8, 0xf8, 0x18, 0x59, 0xb8, 0x09, 0x08, 0x0b, 0x0c, 0x00, 0xf7, 0xf7, 0xf7, 0x77,
  0x03, 0x0f, 0x0c, 0x29, 0xc8, 0x1b, 0x1a, 0x79, 0x58, 0x19, 0x3a, 0x09, 0x0a, 0x89, 0x28, 0x02, 0x05, 0x03, 0xf7, 0xf7, 0x27, 0xf7, 0xb7, 0x03,
  0x01, 0x0b, 0x78, 0x1b, 0x98, 0x6b, 0x08, 0x6b, 0x08, 0x29, 0xd8, 0x09, 0x18, 0x0b, 0x00, 0xf7, 0xf7, 0xf7, 0x67, 0x03, 0x01, 0x28, 0x29, 0xc8,
  0x09, 0x8a, 0x6b, 0x49, 0x1a, 0xc9, 0x0a, 0x02, 0x03, 0xf7, 0xf7, 0x27, 0xf7, 0xb7, 0x0d, 0x05, 0x0b, 0x88, 0x3b, 0x68, 0x1b, 0x0a, 0xbb, 0x18,
  0x19, 0xf8, 0x08, 0x0b, 0x05, 0x13, 0xf7, 0xf7, 0xf7, 0x47, 0x03, 0x02, 0x0b, 0x28, 0x19, 0xa8, 0x0b, 0x08, 0x19, 0x0a, 0x02, 0x3c, 0x8b, 0x08,
  0xf9, 0x29, 0x0a, 0x0f, 0x00, 0x0e, 0xf7, 0xf7, 0x17, 0xf7, 0xa7, 0x0e, 0x00, 0x0f, 0x0b, 0xf8, 0x08, 0x3b, 0x05, 0x10, 0x24, 0x30, 0x14, 0x00,
  0x01, 0x4b, 0xf8, 0x08, 0x0c, 0x05, 0xf7, 0xf7, 0xf7, 0x47, 0x06, 0x05, 0x02, 0x38, 0x09, 0xc8, 0x0b, 0x0a, 0x0b, 0x08, 0x04, 0x00, 0x14, 0x50,
  0x24, 0x01, 0x0c, 0x1b, 0x1a, 0xf9, 0x19, 0x00, 0xf7, 0xf7, 0x17, 0xf7, 0xa7, 0x04, 0x0b, 0xe8, 0x0b, 0x18, 0x1b, 0x08, 0x0b, 0x01, 0x06, 0xb7,
  0x00, 0x1b, 0x18, 0x0b, 0xe8, 0x09, 0x08, 0x0b, 0x01, 0x00, 0x0e, 0xf7, 0xf7, 0xf7, 0x27, 0x04, 0x0c, 0x88, 0x0b, 0x98, 0x0f, 0x0b, 0x01, 0xc7,
  0x04, 0x0c, 0x18, 0x0b, 0x08, 0x29, 0x28, 0x99, 0x1a, 0x05, 0x00, 0xf7, 0xf7, 0x07, 0xf7, 0x97, 0x0e, 0x05, 0x0b, 0xf8, 0x0b, 0x0c, 0x0f, 0x10,
  0x16, 0x03, 0xb7, 0x03, 0x10, 0x06, 0x00, 0x02, 0x0b, 0xf8, 0x08, 0x1b, 0x00, 0xf7, 0xf7, 0xf7, 0x07, 0x0e, 0x00, 0x01, 0x88, 0x1b, 0x09, 0x58,
  0x0b, 0x0c, 0x04, 0x26, 0x07, 0xad, 0x07, 0x03, 0x00, 0x16, 0x04, 0x1b, 0x68, 0x69, 0x1a, 0x09, 0x02, 0x05, 0x03, 0xf7, 0xf7, 0xf7, 0x87, 0x00,
  0x01, 0x02, 0x0b, 0x08, 0x0b, 0xe8, 0x0b, 0x05, 0xf7, 0x47, 0x0e, 0x01, 0x0b, 0xf8, 0x18, 0x02, 0x00, 0xf7, 0xf7, 0xf7, 0x07, 0x03, 0x0a, 0x0b,
  0x78, 0x09, 0x18, 0x19, 0x08, 0x19, 0x08, 0x0b, 0x01, 0x04, 0x0e, 0xf7, 0x37, 0x06, 0x0f, 0x09, 0x68, 0x19, 0x6a, 0x09, 0x0b, 0x01, 0x00, 0xf7,
  0xf7, 0xf7, 0x87, 0x06, 0x02, 0x0b, 0x08, 0x1b, 0xb8, 0x0b, 0x0c, 0x05, 0x06, 0x03, 0x2d, 0xf7, 0x0d, 0x07, 0x0d, 0x03, 0x06, 0x01, 0x0b, 0xf8,
  0x0b, 0x04, 0x0d, 0xf7, 0xf7, 0xf7, 0x03, 0x0f, 0x0b, 0x78, 0x3a, 0x19, 0x08, 0x1b, 0x01, 0x03, 0xf7, 0x27, 0x1d, 0x07, 0x0d, 0x03, 0x06, 0x01,
  0x0c, 0x48, 0x09, 0x8a, 0x09, 0x0c, 0x05, 0xf7, 0xf7, 0xf7, 0x87, 0x00, 0x02, 0x0b, 0x08, 0x0b, 0xc8, 0x11, 0x06, 0xf7, 0x97, 0x00, 0x01, 0x0f,
  0xe8, 0x0b, 0x0f, 0x00, 0xf7, 0xf7, 0xe7, 0x00, 0x01, 0x1b, 0x78, 0x09, 0x3a, 0x09, 0x0a, 0x08, 0x01, 0x03, 0xf7, 0x97, 0x00, 0x01, 0x08, 0x0b,
  0x28, 0x19, 0x7a, 0x09, 0x02, 0x01, 0x03, 0xf7, 0xe7, 0xf7, 0x77, 0x04, 0x0b, 0xe8, 0x1b, 0x04, 0x0d, 0xf7, 0xb7, 0x03, 0x05, 0x0c, 0xd8, 0x0b,
  0x08, 0x01, 0x00, 0xf7, 0xf7, 0xc7, 0x0d, 0x05, 0x02, 0x08, 0x09, 0x28, 0x09, 0x28, 0x29, 0x1a, 0x09, 0x02, 0x0a, 0x06, 0x03, 0xf7, 0xb7, 0x0d,
  0x04, 0x1b, 0x08, 0x0b, 0x9a, 0x19, 0x0a, 0x01, 0x06, 0xf7, 0xd7, 0xf7, 0x77, 0x05, 0x0b, 0xd8, 0x0b, 0x01, 0x04, 0x03, 0xf7, 0xd7, 0x00, 0x01,
  0x08, 0x0b, 0xb8, 0x19, 0x0a, 0x04, 0x07, 0x0d, 0xf7, 0xf7, 0xb7, 0x01, 0x0a, 0x69, 0x28, 0x39, 0x1a, 0x05, 0xf7, 0xe7, 0x03, 0x05, 0x0f, 0x18,
  0x0b, 0x7a, 0x09, 0x02, 0x09, 0x0a, 0x0b, 0x00, 0xf7, 0xd7, 0xf7, 0x67, 0x0d, 0x05, 0x0b, 0x18, 0x19, 0x0b, 0x88, 0x02, 0x04, 0xf7, 0xf7, 0x07,
  0x03, 0x01, 0x0b, 0x58, 0x19, 0x28, 0x29, 0x0a, 0x00, 0xf7, 0xf7, 0xb7, 0x03, 0x00, 0x01, 0x0a, 0x69, 0x28, 0x29, 0x1a, 0x04, 0x0e, 0xf7, 0xf7,
  0x0d, 0x05, 0x0c, 0x0b, 0x8a, 0x29, 0x0a, 0x02, 0x00, 0xf7, 0xd7, 0xf7, 0x57, 0x03, 0x04, 0x08, 0x0b, 0x18, 0x19, 0x0b, 0x0a, 0x29, 0x18, 0x19,
  0x08, 0x04, 0x0e, 0xf7, 0xf7, 0x17, 0x00, 0x01, 0x0b, 0x58, 0x69, 0x0a, 0x01, 0x00, 0x0e, 0xf7, 0xf7, 0x97, 0x00, 0x02, 0x99, 0x08, 0x09, 0x08,
  0x09, 0x08, 0x02, 0x01, 0x03, 0xf7, 0xf7, 0x17, 0x00, 0x01, 0x09, 0x8a, 0x29, 0x1b, 0x01, 0x00, 0xf7, 0xc7, 0xf7, 0x57, 0x00, 0x0a, 0x0b, 0x38,
  0x29, 0x1a, 0x19, 0x08, 0x19, 0x0f, 0x06, 0xf7, 0xf7, 0x37, 0x00, 0x01, 0x0b, 0x48, 0x59, 0x0a, 0x0b, 0x0c, 0x01, 0x03, 0xf7, 0xf7, 0x97, 0x04,
  0x0a, 0x19, 0x0a, 0x29, 0x1a, 0x29, 0x28, 0x0b, 0x04, 0x03, 0xf7, 0xf7, 0x37, 0x03, 0x01, 0x8a, 0x19, 0x0a, 0x0b, 0x08, 0x0c, 0x05, 0xf7, 0xc7,
  0xf7, 0x57, 0x00, 0x18, 0x09, 0x28, 0x29, 0x2a, 0x19, 0x0a, 0x01, 0x00, 0x03, 0xf7, 0xf7, 0x37, 0x0d, 0x05, 0x0c, 0x48, 0x59, 0x0a, 0x09, 0x0c,
  0x01, 0x03, 0xf7, 0xf7, 0x97, 0x00, 0x0a, 0x19, 0x1a, 0x59, 0x28, 0x1b, 0x06, 0xf7, 0xf7, 0x47, 0x0e, 0x05, 0x02, 0x1a, 0x09, 0x4a, 0x39, 0x02,
  0x0a, 0x05, 0xf7, 0xc7, 0xf7, 0x57, 0x06, 0x0a, 0x29, 0x08, 0x39, 0x2a, 0x19, 0x0a, 0x04, 0xf7, 0xf7, 0x67, 0x06, 0x01, 0x48, 0x79, 0x0a, 0x01,
  0x0e, 0xf7, 0xf7, 0x97, 0x00, 0x0a, 0x19, 0x0a, 0x19, 0x0a, 0x39, 0x18, 0x0b, 0x0f, 0x04, 0x0e, 0xf7, 0xf7, 0x47, 0x1d, 0x04, 0x0a, 0x19, 0x4a,
  0x39, 0x02, 0x0a, 0x05, 0xf7, 0xc7, 0xf7, 0x47, 0x03, 0x04, 0x0b, 0x0a, 0x79, 0x0a, 0x29, 0x0f, 0x00, 0xf7, 0xf7, 0x77, 0x00, 0x48, 0x79, 0x0a,
  0x01, 0x06, 0xf7, 0xf7, 0x77, 0x0e, 0x03, 0x04, 0x0a, 0x19, 0x5a, 0x19, 0x18, 0x0c, 0x01, 0xf7, 0xf7, 0x87, 0x00, 0x7a, 0x49, 0x0a, 0x05, 0x03,
  0xf7, 0xb7, 0xf7, 0x37, 0x0e, 0x05, 0x08, 0x0b, 0x0a, 0x79, 0x0a, 0x08, 0x0a, 0x02, 0x04, 0x0d, 0xf7, 0xf7, 0x77, 0x06, 0x48, 0x79, 0x0a, 0x08,
  0x01, 0x00, 0xf7, 0xf7, 0x67, 0x06, 0x02, 0x0a, 0x09, 0x0a, 0x09, 0x0a, 0x09, 0x3a, 0x19, 0x08, 0x0b, 0x01, 0x05, 0xf7, 0xf7, 0x87, 0x00, 0x01,
  0x4a, 0x09, 0x0a, 0x39, 0x08, 0x09, 0x02, 0x01, 0x00, 0xf7, 0xa7, 0xf7, 0x37, 0x0e, 0x02, 0x0c, 0xa9, 0x0a, 0x0b, 0x01, 0x06, 0xf7, 0xf7, 0x87,
  0x0d, 0x00, 0x01, 0x0b, 0x18, 0x89, 0x0b, 0x0c, 0x00, 0xf7, 0xf7, 0x67, 0x06, 0x02, 0x0b, 0x08, 0x0a, 0x09, 0x0a, 0x09, 0x3a, 0x19, 0x08, 0x0a,
  0x06, 0xf7, 0xf7, 0xa7, 0x06, 0x01, 0x0a, 0x29, 0x2a, 0x49, 0x12, 0x00, 0xf7, 0xa7, 0xf7, 0x37, 0x0e, 0x01, 0x0a, 0x19, 0x1a, 0x69, 0x0a, 0x01,
  0x03, 0xf7, 0xf7, 0xb7, 0x04, 0x0b, 0x18, 0x89, 0x08, 0x0b, 0x00, 0xf7, 0xf7, 0x67, 0x06, 0x02, 0x0b, 0x08, 0x0a, 0x39, 0x0a, 0x39, 0x18, 0x03,
  0xf7, 0xf7, 0xb7, 0x05, 0x0a, 0x29, 0x2a, 0x49, 0x02, 0x0b, 0x00, 0xf7, 0xa7, 0xf7, 0x37, 0x0e, 0x01, 0x0b, 0x29, 0x1a, 0x59, 0x0b, 0x01, 0x03,
  0xf7, 0xf7, 0xb7, 0x04, 0x0b, 0x18, 0x99, 0x0b, 0x00, 0xf7, 0xf7, 0x67, 0x06, 0x02, 0x0b, 0x08, 0x59, 0x1a, 0x29, 0x08, 0x03, 0xf7, 0xf7, 0xa7,
  0x0d, 0x05, 0x0a, 0x29, 0x2a, 0x59, 0x0a, 0x00, 0xf7, 0xa7, 0xf7, 0x37, 0x0d, 0x01, 0x0b, 0x99, 0x08, 0x0b, 0x02, 0x06, 0xf7, 0xf7, 0xb7, 0x04,
  0x0b, 0x18, 0x99, 0x0b, 0x00, 0xf7, 0xf7, 0x67, 0x06, 0x02, 0x18, 0x99, 0x0a, 0x0c, 0x06, 0xf7, 0xf7, 0xa7, 0x0d, 0x05, 0x0a, 0x29, 0x2a, 0x59,
  0x02, 0x00, 0xf7, 0xa7, 0xf7, 0x37, 0x0d, 0x01, 0x0b, 0x89, 0x08, 0x09, 0x08, 0x01, 0x03, 0xf7, 0xf7, 0xb7, 0x00, 0x0f, 0x02, 0x18, 0x59, 0x18,
  0x09, 0x0b, 0x00, 0xf7, 0xf7, 0x67, 0x03, 0x02, 0x38, 0x69, 0x0a, 0x0f, 0x05, 0x0e, 0xf7, 0xf7, 0xb7, 0x00, 0x01, 0x5a, 0x59, 0x02, 0x00, 0xf7,
  0xa7, 0xf7, 0x37, 0x0d, 0x01, 0x0b, 0x89, 0x08, 0x0a, 0x05, 0x03, 0xf7, 0xf7, 0xd7, 0x03, 0x01, 0x0b, 0x08, 0x59, 0x18, 0x09, 0x0b, 0x00, 0xf7,
  0xf7, 0x67, 0x03, 0x01, 0x38, 0x69, 0x02, 0x04, 0xf7, 0xf7, 0xe7, 0x00, 0x1a, 0x09, 0x5a, 0x29, 0x02, 0x00, 0xf7, 0xa7, 0xf7, 0x37, 0x0e, 0x01,
  0x0b, 0x99, 0x0a, 0x04, 0xf7, 0xf7, 0xe7, 0x0e, 0x01, 0x0b, 0x02, 0x69, 0x18, 0x0a, 0x00, 0xf7, 0xf7, 0x67, 0x06, 0x02, 0x38, 0x69, 0x0a, 0x04,
  0xf7, 0xf7, 0xe7, 0x06, 0x02, 0x0b, 0x29, 0x0a, 0x59, 0x0a, 0x00, 0xf7, 0xa7, 0xf7, 0x37, 0x0e, 0x01, 0x0a, 0x02, 0x29, 0x22, 0x29, 0x0a, 0x04,
  0xf7, 0xf7, 0xe7, 0x0e, 0x01, 0x0a, 0x02, 0x79, 0x02, 0x0a, 0x00, 0xf7, 0xf7, 0x67, 0x06, 0x02, 0x38, 0x59, 0x02, 0x0a, 0x04, 0xf7, 0xf7, 0xe7,
  0x06, 0x02, 0x0b, 0x59, 0x02, 0x19, 0x02, 0x0a, 0x00, 0xf7, 0xa7, 0xf7, 0x37, 0x0e, 0x01, 0x0a, 0x02, 0x89, 0x02, 0x05, 0xf7, 0xf7, 0xe7, 0x0e,
  0x01, 0x0a, 0x02, 0x69, 0x12, 0x0a, 0x00, 0xf7, 0xf7, 0x67, 0x06, 0x02, 0x18, 0x89, 0x0c, 0x04, 0xf7, 0xf7, 0xe7, 0x06, 0x02, 0x0a, 0x19, 0x02,
  0x5a, 0x09, 0x0b, 0x00, 0xf7, 0xa7, 0xf7, 0x37, 0x0e, 0x02, 0x0c, 0x4a, 0x12, 0x2a, 0x02, 0x05, 0xf7, 0xf7, 0xe7, 0x0e, 0x01, 0x02, 0x7a, 0x02,
  0x1a, 0x00, 0xf7, 0xf7, 0x67, 0x06, 0x02, 0x0b, 0x02, 0x19, 0x5a, 0x0b, 0x0c, 0x04, 0xf7, 0xf7, 0xe7, 0x06, 0x02, 0x0c, 0x12, 0x6a, 0x0b, 0x0c,
  0x00, 0xf7, 0xa7, 0xf7, 0x47, 0xc0, 0x06, 0xf7, 0xf7, 0xf7, 0x06, 0xb0, 0x03, 0xf7, 0xf7, 0x67, 0x0e, 0x36, 0x80, 0x03, 0xf7, 0xf7, 0xe7, 0x0d,
  0xc0, 0x03, 0xf7, 0xa7, 0xf7, 0xf7, 0xf7, 0xf7, 0xf7, 0xf7, 0xf7, 0xf7, 0xf7, 0xf7, 0xf7, 0xf7, 0xf7, 0xf7, 0xf7, 0xf7, 0xf7, 0xf7, 0xf7, 0xf7,
  0xf7, 0xf7, 0xf7, 0xf7, 0xf7, 0xf7, 0xf7, 0xf7, 0xf7, 0xf7, 0xf7, 0xf7, 0xf7, 0xf7, 0xf7, 0xf7, 0xf7, 0xf7, 0xf7, 0xf7, 0xf7, 0xf7, 0xf7, 0xf7,
  0xf7, 0xf7, 0xf7, 0xf7, 0xf7, 0xf7, 0xf7, 0xf7, 0xf7, 0xf7, 0xf7, 0xf7, 0xf7, 0xf7, 0xf7, 0xf7, 0xf7, 0xf7, 0xf7, 0xf7, 0xf7, 0xf7, 0xf7, 0xf7,
  0xf7, 0xf7, 0xf7, 0xf7, 0xf7, 0xf7, 0xf7, 0xf7, 0xf7, 0xf7, 0xf7, 0xf7, 0xf7, 0xf7, 0xf7, 0xf7, 0xf7, 0xf7, 0xf7, 0xf7, 0xf7, 0xf7, 0xf7, 0xf7,
  0xf7, 0xf7, 0xf7, 0xf7, 0xf7, 0xf7, 0xf7, 0xf7, 0xf7, 0xf7, 0xf7, 0xf7, 0xf7, 0xf7, 0xf7, 0xf7, 0xf7, 0xf7, 0xf7, 0xf7, 0xf7, 0xf7, 0xf7, 0xf7,
  0xf7, 0xf7, 0xf7, 0xf7, 0xf7, 0xf7, 0xf7, 0xf7, 0xf7, 0xf7, 0xf7, 0xf7, 0xf7, 0xf7, 0xf7, 0xf7, 0xf7, 0xf7, 0xf7, 0xf7, 0xf7, 0xf7, 0xf7, 0xf7,
  0xf7, 0xf7, 0xf7, 0xf7, 0xf7, 0xf7, 0xf7, 0xf7, 0xf7, 0xf7, 0xf7, 0xf7, 0xf7, 0xf7, 0xf7, 0xf7, 0xf7, 0xf7, 0xf7, 0xf7, 0xf7, 0xf7, 0xf7, 0xf7,
  0xf7, 0xf7, 0xf7, 0xf7, 0xf7, 0xf7, 0xf7, 0xf7, 0xf7, 0xf7, 0xf7, 0xf7, 0xf7, 0xf7, 0xf7, 0xf7, 0xf7, 0xf7, 0xf7, 0xf7, 0xf7, 0xf7, 0xf7, 0xf7,
  0xf7, 0xf7, 0xf7, 0xf7, 0xf7, 0xf7, 0xf7, 0xf7, 0xf7, 0xf7, 0xf7, 0xf7, 0xc7, 0x7d, 0xb7, 0x4d, 0x17, 0x1d, 0xc7, 0x1d, 0x5e, 0x0d, 0xf7, 0xf7,
  0xf7, 0xf7, 0xf7, 0xf7, 0xf7, 0xf7, 0xf7, 0xf7, 0xf7, 0x27, 0x05, 0x02, 0x61, 0xff, 0xef, 0x71, 0xcf, 0x51, 0x06, 0xf7, 0xf7, 0xf7, 0xf7, 0xf7,
  0x87, 0xf7, 0xf7, 0xf7, 0xf7, 0xf7, 0x07, 0x03, 0x00, 0x02, 0x0b, 0x02, 0x38, 0x0b, 0x08, 0xdb, 0x08, 0x6b, 0x28, 0xfb, 0x4b, 0x3a, 0x1b, 0x58,
  0x04, 0x03, 0xf7, 0xf7, 0xf7, 0xf7, 0xf7, 0x77, 0xf7, 0xf7, 0xf7, 0xf7, 0xf7, 0x07, 0x05, 0x02, 0x88, 0x59, 0xf8, 0xf8, 0x68, 0x59, 0x58, 0x0f,
  0x0b, 0x01, 0x0d, 0xf7, 0xf7, 0xf7, 0xf7, 0xf7, 0x67, 0xf7, 0xf7, 0xf7, 0xf7, 0xf7, 0x07, 0x05, 0x0c, 0x02, 0xf8, 0xf8, 0xf8, 0xf8, 0x28, 0x01,
  0x0e, 0xf7, 0xf7, 0xf7, 0xf7, 0xf7, 0x67, 0xf7, 0xf7, 0xf7, 0xf7, 0xf7, 0x07, 0x05, 0x0c, 0xf8, 0xf8, 0xf8, 0xf8, 0x38, 0x01, 0x0e, 0xf7, 0xf7,
  0xf7, 0xf7, 0xf7, 0x67, 0xf7, 0xf7, 0xf7, 0xf7, 0xf7, 0x07, 0x05, 0x0c, 0xf8, 0xf8, 0xf8, 0xf8, 0x28, 0x0b, 0x01, 0x0e, 0xf7, 0xf7, 0xf7, 0xf7,
  0xf7, 0x67, 0xf7, 0xf7, 0xf7, 0xf7, 0xf7, 0x07, 0x05, 0x0c, 0xf8, 0xf8, 0xf8, 0xf8, 0x28, 0x0b, 0x0f, 0x0e, 0xf7, 0xf7, 0xf7, 0xf7, 0xf7, 0x67,
  0xf7, 0xf7, 0xf7, 0xf7, 0xf7, 0x07, 0x05, 0x0c, 0xf8, 0xf8, 0xf8, 0xf8, 0x28, 0x0b, 0x01, 0x0e, 0xf7, 0xf7, 0xf7, 0xf7, 0xf7, 0x67, 0xf7, 0xf7,
  0xf7, 0xf7, 0xf7, 0x07, 0x05, 0x0c, 0xf8, 0xf8, 0xf8, 0xf8, 0x28, 0x0b, 0x0f, 0x0e, 0xf7, 0xf7, 0xf7, 0xf7, 0xf7, 0x67, 0xf7, 0xf7, 0xf7, 0xf7,
  0xf7, 0x07, 0x05, 0x0b, 0xf8, 0xf8, 0xf8, 0xf8, 0x28, 0x0b, 0x01, 0x0e, 0xf7, 0xf7, 0xf7, 0xf7, 0xf7, 0x67, 0xf7, 0xf7, 0xf7, 0xf7, 0xf7, 0x07,
  0x05, 0x02, 0x08, 0x0b, 0xf8, 0xf8, 0xf8, 0xf8, 0x08, 0x0c, 0x08, 0x03, 0xf7, 0xf7, 0xf7, 0xf7, 0xf7, 0x67, 0xf7, 0xf7, 0xf7, 0xf7, 0xf7, 0x07,
  0x00, 0x05, 0x08, 0x0b, 0xf8, 0xf8, 0xf8, 0xf8, 0x0b, 0x01, 0x00, 0x0e, 0xf7, 0xf7, 0xf7, 0xf7, 0xf7, 0x67, 0xf7, 0xf7, 0xf7, 0xf7, 0xf7, 0x17,
  0x03, 0x01, 0x0b, 0xf8, 0xf8, 0xf8, 0xf8, 0x0b, 0x00, 0xf7, 0xf7, 0xf7, 0xf7, 0xf7, 0x87, 0xf7, 0xf7, 0xf7, 0xf7, 0xf7, 0x17, 0x0e, 0x01, 0x0b,
  0xf8, 0xf8, 0xf8, 0xf8, 0x0b, 0x00, 0xf7, 0xf7, 0xf7, 0xf7, 0xf7, 0x87, 0xf7, 0xf7, 0xf7, 0xf7, 0xf7, 0x17, 0x0e, 0x01, 0x0b, 0x02, 0xf8, 0xf8,
  0xf8, 0xe8, 0x0b, 0x00, 0xf7, 0xf7, 0xf7, 0xf7, 0xf7, 0x87, 0xf7, 0xf7, 0xf7, 0xf7, 0xf7, 0x17, 0x03, 0x02, 0x0c, 0x02, 0xf8, 0xf8, 0xf8, 0xe8,
  0x0c, 0x00, 0xf7, 0xf7, 0xf7, 0xf7, 0xf7, 0x87, 0xf7, 0xf7, 0xf7, 0xf7, 0xf7, 0x17, 0x0e, 0x04, 0x01, 0xf8, 0xf8, 0xf8, 0xf8, 0x05, 0x03, 0xf7,
  0xf7, 0xf7, 0xf7, 0xf7, 0x87, 0xf7, 0xf7, 0xf7, 0xf7, 0xf7, 0x37, 0x00, 0x0b, 0xf8, 0xf8, 0xf8, 0xc8, 0x0b, 0x01, 0x0d, 0xf7, 0xf7, 0xf7, 0xf7,
  0xf7, 0x97, 0xf7, 0xf7, 0xf7, 0xf7, 0xf7, 0x37, 0x00, 0x0b, 0xf8, 0xf8, 0xf8, 0xc8, 0x0b, 0x01, 0x03, 0xf7, 0xf7, 0xf7, 0xf7, 0xf7, 0x97, 0xf7,
  0xf7, 0xf7, 0xf7, 0xf7, 0x37, 0x04, 0x0c, 0xf8, 0xf8, 0xf8, 0xc8, 0x0b, 0x05, 0x0e, 0xf7, 0xf7, 0xf7, 0xf7, 0xf7, 0x97, 0xf7, 0xf7, 0xf7, 0xf7,
  0xf7, 0x37, 0x0e, 0x00, 0x0f, 0x0b, 0xf8, 0xf8, 0xf8, 0x98, 0x0b, 0x04, 0xf7, 0xf7, 0xf7, 0xf7, 0xf7, 0xb7, 0xf7, 0xf7, 0xf7, 0xf7, 0xf7, 0x47,
  0x03, 0x01, 0x0b, 0xf8, 0xf8, 0xf8, 0x98, 0x0c, 0x05, 0xf7, 0xf7, 0xf7, 0xf7, 0xf7, 0xb7, 0xf7, 0xf7, 0xf7, 0xf7, 0xf7, 0x47, 0x03, 0x01, 0x0b,
  0xf8, 0xf8, 0xf8, 0x98, 0x01, 0x00, 0xf7, 0xf7, 0xf7, 0xf7, 0xf7, 0xb7, 0xf7, 0xf7, 0xf7, 0xf7, 0xf7, 0x57, 0x06, 0x01, 0x0b, 0xf8, 0xf8, 0xf8,
  0x78, 0x0b, 0x00, 0xf7, 0xf7, 0xf7, 0xf7, 0xf7, 0xc7, 0xf7, 0xf7, 0xf7, 0xf7, 0xf7, 0x67, 0x04, 0x0c, 0x01, 0xf8, 0xf8, 0xf8, 0x68, 0x0b, 0x03,
  0xf7, 0xf7, 0xf7, 0xf7, 0xf7, 0xc7, 0xf7, 0xf7, 0xf7, 0xf7, 0xf7, 0x67, 0x06, 0x01, 0xf8, 0xf8, 0xf8, 0x58, 0x0b, 0x08, 0x06, 0xf7, 0xf7, 0xf7,
  0xf7, 0xf7, 0xd7, 0xf7, 0xf7, 0xf7, 0xf7, 0xf7, 0x77, 0x04, 0x02, 0xf8, 0xf8, 0xf8, 0x48, 0x0c, 0x0f, 0x0e, 0xf7, 0xf7, 0xf7, 0xf7, 0xf7, 0xd7,
  0xf7, 0xf7, 0xf7, 0xf7, 0xf7, 0x77, 0x03, 0x04, 0x0f, 0x0b, 0xf8, 0xf8, 0xf8, 0x18, 0x0b, 0x05, 0x03, 0xf7, 0xf7, 0xf7, 0xf7, 0xf7, 0xe7, 0xf7,
  0xf7, 0xf7, 0xf7, 0xf7, 0x87, 0x0d, 0x01, 0x0b, 0xf8, 0xf8, 0xf8, 0x18, 0x0b, 0x00, 0xf7, 0xf7, 0xf7, 0xf7, 0xf7, 0xf7, 0xf7, 0xf7, 0xf7, 0xf7,
  0xf7, 0x87, 0x0e, 0x02, 0x0c, 0xf8, 0xf8, 0xf8, 0x18, 0x0c, 0x05, 0xf7, 0xf7, 0xf7, 0xf7, 0xf7, 0xf7, 0xf7, 0xf7, 0xf7, 0xf7, 0xf7, 0x97, 0x00,
  0x0f, 0xf8, 0xf8, 0xf8, 0x1b, 0x04, 0x03, 0xf7, 0xf7, 0xf7, 0xf7, 0xf7, 0xf7, 0xf7, 0xf7, 0xf7, 0xf7, 0xf7, 0xa7, 0x06, 0xf8, 0xf8, 0xf8, 0x08,
  0x05, 0x0e, 0xf7, 0xf7, 0xf7, 0xf7, 0xf7, 0xf7, 0x07, 0xf7, 0xf7, 0xf7, 0xf7, 0xf7, 0xb7, 0x00, 0x0b, 0xf8, 0xf8, 0xc8, 0x0b, 0x04, 0x0d, 0xf7,
  0xf7, 0xf7, 0xf7, 0xf7, 0xf7, 0x17, 0xf7, 0xf7, 0xf7, 0xf7, 0xf7, 0xc7, 0x00, 0x08, 0x0b, 0xf8, 0xf8, 0x98, 0x0b, 0x01, 0x03, 0xf7, 0xf7, 0xf7,
  0xf7, 0xf7, 0xf7, 0x27, 0xf7, 0xf7, 0xf7, 0xf7, 0xf7, 0xd7, 0x00, 0x08, 0x0b, 0xf8, 0xf8, 0x78, 0x0b, 0x04, 0x03, 0xf7, 0xf7, 0xf7, 0xf7, 0xf7,
  0xf7, 0x37, 0xf7, 0xf7, 0xf7, 0xf7, 0xf7, 0xe7, 0x00, 0x01, 0x02, 0xf8, 0xf8, 0x58, 0x0f, 0x01, 0x06, 0xf7, 0xf7, 0xf7, 0xf7, 0xf7, 0xf7, 0x47,
  0xf7, 0xf7, 0xf7, 0xf7, 0xf7, 0xf7, 0x03, 0x12, 0x09, 0x08, 0x0b, 0xf8, 0xf8, 0x0c, 0x0b, 0x04, 0x0e, 0xf7, 0xf7, 0xf7, 0xf7, 0xf7, 0xf7, 0x57,
  0xf7, 0xf7, 0xf7, 0xf7, 0xf7, 0xf7, 0x07, 0x00, 0x04, 0x0f, 0x0b, 0x28, 0x19, 0xf8, 0x88, 0x02, 0x08, 0x0f, 0x05, 0x04, 0x03, 0xf7, 0xf7, 0xf7,
  0xf7, 0xf7, 0xf7, 0x67, 0xf7, 0xf7, 0xf7, 0xf7, 0xf7, 0xf7, 0x27, 0x00, 0x0b, 0x0c, 0x0b, 0x08, 0x19, 0x18, 0x29, 0xf8, 0x48, 0x0b, 0x05, 0xf7,
  0xf7, 0xf7, 0xf7, 0xf7, 0xf7, 0x97, 0xf7, 0xf7, 0xf7, 0xf7, 0xf7, 0xf7, 0x27, 0x0e, 0x00, 0x04, 0x01, 0x0b, 0x08, 0x09, 0x08, 0x39, 0x08, 0x09,
  0xf8, 0x1b, 0x00, 0x13, 0xf7, 0xf7, 0xf7, 0xf7, 0xf7, 0xf7, 0x97, 0xf7, 0xf7, 0xf7, 0xf7, 0xf7, 0xf7, 0x57, 0x00, 0x02, 0x0a, 0x09, 0x08, 0x29,
  0x18, 0x09, 0xe8, 0x11, 0x05, 0x0e, 0xf7, 0xf7, 0xf7, 0xf7, 0xf7, 0xf7, 0xb7, 0xf7, 0xf7, 0xf7, 0xf7, 0xf7, 0xf7, 0x67, 0x13, 0x04, 0x0c, 0x0b,
  0x0a, 0x0b, 0x18, 0x09, 0xc8, 0x0b, 0x02, 0x00, 0xf7, 0xf7, 0xf7, 0xf7, 0xf7, 0xf7, 0xe7, 0xf7, 0xf7, 0xf7, 0xf7, 0xf7, 0xf7, 0x87, 0x0e, 0x14,
  0x05, 0x01, 0x0b, 0x08, 0x19, 0x98, 0x05, 0x20, 0x0d, 0xf7, 0xf7, 0xf7, 0xf7, 0xf7, 0xf7, 0xe7, 0xf7, 0xf7, 0xf7, 0xf7, 0xf7, 0xf7, 0xc7, 0x00,
  0x1b, 0x0a, 0xab, 0x03, 0xf7, 0xf7, 0xf7, 0xf7, 0xf7, 0xf7, 0xf7, 0x27, 0xf7, 0xf7, 0xf7, 0xf7, 0xf7, 0xf7, 0xc7, 0x03, 0xd0, 0x0e, 0xf7, 0xf7,
  0xf7, 0xf7, 0xf7, 0xf7, 0xf7, 0x27, 0xf7, 0xf7, 0xf7, 0xf7, 0xf7, 0xf7, 0xf7, 0xf7, 0xf7, 0xf7, 0xf7, 0xf7, 0xf7, 0xf7, 0xf7, 0xf7, 0xf7, 0xf7,
  0xf7, 0xf7, 0xf7, 0xf7, 0xf7, 0xf7, 0xf7, 0xf7, 0xf7, 0xf7, 0xf7, 0xf7,
};

static const uint16_t FACE_04_PALETTE[16] PROGMEM = {
  0x0e7f, 0x0084, 0x059c, 0xffdf, 0x026d, 0x0372, 0x0476, 0x0189, 0x52cd, 0x94f5, 0xadd8, 0xb619, 0x6390, 0x7c33, 0xc5f9, 0x0000
};
static const uint8_t FACE_04_RUNS[] PROGMEM = {
  0xff, 0xff, 0xff, 0xff, 0xff, 0xff, 0xff, 0xff, 0xff, 0xff, 0xff, 0xff, 0xff, 0xff, 0xef, 0x01, 0xff, 0xff, 0xff, 0xff, 0xff, 0xff, 0xff, 0xff,
  0xff, 0xff, 0xff, 0xff, 0xff, 0xff, 0xff, 0xff, 0xff, 0xff, 0xff, 0xff, 0xff, 0xff, 0xff, 0xff, 0xff, 0xff, 0xff, 0xff, 0xff, 0xff, 0xff, 0xff,
  0xff, 0xff, 0xff, 0xff, 0xff, 0xff, 0xff, 0xff, 0xff, 0xff, 0xff, 0xff, 0xff, 0xff, 0xff, 0xff, 0xff, 0xff, 0xff, 0xff, 0xff, 0xff, 0xff, 0xff,
  0xff, 0xff, 0xff, 0xff, 0xff, 0xff, 0xff, 0xff, 0xff, 0xff, 0xff, 0xff, 0xff, 0xff, 0xff, 0xff, 0xff, 0xff, 0xff, 0xff, 0xff, 0xff, 0xff, 0xff,
  0xff, 0xff, 0xff, 0xff, 0xff, 0xff, 0xff, 0xff, 0xff, 0xff, 0xff, 0xff, 0xff, 0xff, 0xff, 0xff, 0xff, 0xff, 0xff, 0xff, 0xff, 0xff, 0xff, 0xff,
  0xff, 0xff, 0xff, 0xff, 0xff, 0xff, 0xff, 0xff, 0xff, 0xff, 0xff, 0xff, 0xff, 0xff, 0xff, 0xff, 0xff, 0xff, 0xff, 0xff, 0xff, 0xff, 0xff, 0xff,
  0xff, 0xff, 0xff, 0xff, 0xff, 0xff, 0xff, 0xff, 0xff, 0xff, 0xff, 0xff, 0xff, 0xff, 0xff, 0xff, 0xff, 0xff, 0xff, 0xff, 0xff, 0xff, 0xff, 0xff,
  0xff, 0xff, 0xff, 0xff, 0xff, 0xff, 0xff, 0xff, 0xff, 0xff, 0xff, 0xff, 0xff, 0xff, 0xff, 0xff, 0xff, 0xff, 0xff, 0xff, 0xff, 0xff, 0xff, 0xff,
  0xff, 0xff, 0xff, 0xff, 0xff, 0xff, 0xff, 0xff, 0xff, 0xff, 0xff, 0xff, 0xff, 0xff, 0xff, 0xff, 0xff, 0xff, 0xff, 0xff, 0xff, 0xff, 0xff, 0xff,
  0xff, 0xff, 0xff, 0xff, 0xff, 0xff, 0xff, 0xff, 0xff, 0xff, 0xff, 0xff, 0xff, 0xff, 0xff, 0xff, 0xff, 0xff, 0xff, 0xff, 0xff, 0xff, 0xff, 0xff,
  0xff, 0xff, 0xff, 0xff, 0xff, 0xff, 0xff, 0xff, 0xff, 0xff, 0xff, 0xff, 0xff, 0xff, 0xff, 0xff, 0xff, 0xff, 0xff, 0xff, 0xff, 0xff, 0xff, 0xff,
  0xff, 0xff, 0xff, 0xff, 0xff, 0xff, 0xff, 0xff, 0xff, 0xff, 0xff, 0xff, 0xff, 0xff, 0xff, 0xff, 0xff, 0xff, 0xff, 0xff, 0xff, 0xff, 0xff, 0xff,
  0xff, 0xff, 0xff, 0xff, 0xff, 0xff, 0xff, 0xff, 0xff, 0xff, 0xff, 0xff, 0xff, 0xff, 0xff, 0xff, 0xff, 0xff, 0xff, 0xff, 0xff, 0xff, 0xff, 0xff,
  0xff, 0xff, 0xff, 0xff, 0xff, 0xff, 0xff, 0xff, 0xff, 0xff, 0xff, 0xff, 0xff, 0xff, 0xff, 0xff, 0xff, 0xff, 0xff, 0xff, 0xff, 0xff, 0xff, 0xff,
  0xff, 0xff, 0xff, 0xff, 0xff, 0xff, 0xff, 0xff, 0xff, 0xff, 0xff, 0xff, 0xff, 0xff, 0xff, 0xff, 0xff, 0xff, 0xff, 0xff, 0xff, 0xff, 0xff, 0xff,
  0xff, 0xff, 0xff, 0xff, 0xff, 0xff, 0xff, 0xff, 0xff, 0xff, 0xff, 0xff, 0xff, 0xff, 0xff, 0xff, 0xff, 0xff, 0xff, 0xff, 0xff, 0xff, 0xff, 0xff,
  0xff, 0xff, 0xff, 0xff, 0xff, 0xff, 0xff, 0xff, 0xff, 0xff, 0x6f, 0x01, 0x4f, 0x81, 0xff, 0xff, 0xff, 0xff, 0xff, 0xef, 0xf1, 0x01, 0xff, 0xff,
  0xff, 0x9f, 0xff, 0xff, 0xff, 0x5f, 0x01, 0x02, 0x06, 0x12, 0x26, 0x72, 0x07, 0xff, 0xff, 0xff, 0xff, 0xff, 0xcf, 0x01, 0x05, 0xe2, 0x04, 0xff,
  0xff, 0xff, 0x9f, 0xff, 0xff, 0xff, 0x0f, 0x01, 0x04, 0x07, 0x11, 0x05, 0xe0, 0x06, 0x04, 0x05, 0x01, 0xff, 0xff, 0xff, 0xff, 0xff, 0x6f, 0x07,
  0x14, 0x05, 0x02, 0xe0, 0x06, 0x07, 0x24, 0x01, 0xff, 0xff, 0xff, 0x4f, 0xff, 0xff, 0xff, 0x0f, 0x07, 0xd2, 0x80, 0x15, 0x07, 0xff, 0xff, 0xff,
  0xff, 0xff, 0x3f, 0x07, 0x02, 0x20, 0xe2, 0x10, 0x02, 0x20, 0x05, 0xff, 0xff, 0xff, 0x4f, 0xff, 0xff, 0xdf, 0x04, 0x15, 0x32, 0x00, 0x92, 0xa0,
  0x06, 0x07, 0x01, 0xff, 0xff, 0xff, 0xff, 0xef, 0x01, 0x04, 0x05, 0x02, 0x00, 0xd2, 0x00, 0x02, 0x70, 0x02, 0x15, 0x01, 0xff, 0xff, 0xff, 0x1f,
  0xff, 0xff, 0xcf, 0x07, 0x02, 0x20, 0xd2, 0x70, 0x42, 0x07, 0xff, 0xff, 0xff, 0xff, 0xef, 0x07, 0x30, 0xc2, 0x50, 0x42, 0x20, 0x05, 0x07, 0x01,
  0xff, 0xff, 0xff, 0xff, 0xff, 0x9f, 0x01, 0x15, 0x02, 0x00, 0x22, 0x10, 0x02, 0x00, 0xa2, 0x80, 0x22, 0x05, 0x04, 0xff, 0xff, 0xff, 0xff, 0xcf,
  0x04, 0x02, 0x60, 0x92, 0x50, 0x92, 0x06, 0x01, 0xff, 0xff, 0xef, 0xff, 0xff, 0x9f, 0x05, 0x30, 0x22, 0x50, 0x82, 0x80, 0x22, 0x00, 0x02, 0x01,
  0xff, 0xff, 0xff, 0xff, 0xaf, 0x01, 0x02, 0x80, 0x72, 0x70, 0x72, 0x00, 0x12, 0x05, 0x01, 0xff, 0xff, 0xcf, 0xff, 0xff, 0x7f, 0x07, 0x06, 0x02,
  0xc0, 0x92, 0x00, 0x02, 0x40, 0x32, 0x00, 0x02, 0x01, 0xff, 0xff, 0xff, 0xff, 0xaf, 0x01, 0x02, 0x00, 0x02, 0x50, 0xd2, 0x10, 0xa2, 0x10, 0x05,
  0xff, 0xff, 0xcf, 0xff, 0xff, 0x6f, 0x01, 0x02, 0xf0, 0xd0, 0x52, 0x00, 0x02, 0x01, 0xff, 0xff, 0xff, 0xff, 0xaf, 0x01, 0x02, 0x00, 0x02, 0xf0,
  0x30, 0xd2, 0x00, 0x02, 0x04, 0x01, 0xff, 0xff, 0xaf, 0xff, 0xff, 0x4f, 0x01, 0x05, 0x12, 0xe0, 0xd2, 0x00, 0x32, 0x00, 0x02, 0x00, 0x02, 0x01,
  0xff, 0xff, 0xff, 0xff, 0xaf, 0x01, 0x02, 0x00, 0x02, 0x50, 0x02, 0x06, 0xf2, 0x82, 0x00, 0x02, 0x10, 0x05, 0xff, 0xff, 0xaf, 0xff, 0xff, 0x4f,
  0x04, 0x20, 0x02, 0x60, 0x12, 0x40, 0x05, 0xb1, 0x07, 0x02, 0x10, 0x42, 0x06, 0x01, 0xff, 0xff, 0xff, 0xff, 0xaf, 0x01, 0x06, 0x32, 0x30, 0x04,
  0xb1, 0x07, 0x02, 0x20, 0x82, 0x30, 0x02, 0x04, 0xff, 0xff, 0x9f, 0xff, 0xff, 0x2f, 0x01, 0x07, 0x02, 0x00, 0x12, 0xa0, 0x35, 0x01, 0xcf, 0x04,
  0x15, 0x30, 0x06, 0x01, 0xff, 0xff, 0xff, 0xff, 0xcf, 0x07, 0x02, 0x30, 0x05, 0x07, 0x04, 0x01, 0xcf, 0x04, 0x25, 0x02, 0x00, 0x52, 0x30, 0x02,
  0x00, 0x02, 0x04, 0xff, 0xff, 0x8f, 0xff, 0xff, 0x2f, 0x07, 0x02, 0x00, 0x22, 0x10, 0x02, 0x30, 0x32, 0x01, 0xff, 0x2f, 0x01, 0x05, 0x02, 0x16,
  0x04, 0xff, 0xff, 0xff, 0xff, 0xef, 0x05, 0x32, 0x01, 0xff, 0x2f, 0x01, 0x05, 0x62, 0x60, 0x02, 0x04, 0xff, 0xff, 0x7f, 0xff, 0xff, 0x1f, 0x01,
  0x05, 0x70, 0x12, 0x10, 0x02, 0x07, 0x11, 0xff, 0x4f, 0x31, 0xff, 0xff, 0xff, 0xff, 0xff, 0x41, 0xff, 0x4f, 0x01, 0x07, 0x01, 0x06, 0x90, 0x02,
  0x00, 0x02, 0x07, 0xff, 0xff, 0x6f, 0xff, 0xff, 0x0f, 0x01, 0x02, 0x70, 0x12, 0x00, 0x02, 0x05, 0x04, 0xff, 0xff, 0xff, 0xff, 0xff, 0xff, 0xff,
  0xff, 0x8f, 0x07, 0x22, 0x80, 0x12, 0x04, 0xff, 0xff, 0x5f, 0xff, 0xff, 0x0f, 0x07, 0x70, 0x12, 0x00, 0x02, 0x05, 0xff, 0xff, 0xff, 0xff, 0xff,
  0xff, 0xff, 0xff, 0xbf, 0x11, 0x06, 0x00, 0x12, 0x40, 0x02, 0x10, 0x05, 0xff, 0xff, 0x5f, 0xff, 0xef, 0x01, 0x04, 0x02, 0x90, 0x05, 0x07, 0x01,
  0xff, 0xff, 0xff, 0xff, 0xff, 0xff, 0xff, 0xff, 0xdf, 0x07, 0x02, 0x60, 0x02, 0x10, 0x02, 0x05, 0x01, 0xff, 0xff, 0x3f, 0xff, 0xef, 0x01, 0x02,
  0x00, 0x02, 0x60, 0x02, 0x05, 0x01, 0xff, 0xff, 0xff, 0xff, 0xff, 0xff, 0xff, 0xff, 0xff, 0x0f, 0x01, 0x06, 0x12, 0x30, 0x22, 0x00, 0x02, 0x01,
  0xff, 0xff, 0x3f, 0xff, 0xef, 0x01, 0x02, 0x00, 0x02, 0x60, 0x02, 0x01, 0xff, 0xff, 0xff, 0xff, 0xff, 0xff, 0xff, 0xff, 0xff, 0x1f, 0x11, 0x05,
  0x10, 0x02, 0x00, 0x32, 0x00, 0x02, 0x01, 0xff, 0xff, 0x3f, 0xff, 0xef, 0x01, 0x02, 0x00, 0x12, 0x10, 0x02, 0x10, 0x06, 0x01, 0xff, 0xff, 0xff,
  0xff, 0xff, 0xff, 0xff, 0xff, 0xff, 0x4f, 0x01, 0x06, 0x62, 0x00, 0x02, 0x01, 0xff, 0xff, 0x3f, 0xff, 0xef, 0x07, 0x02, 0x00, 0x42, 0x00, 0x02,
  0x01, 0xff, 0xff, 0xff, 0xff, 0xff, 0xff, 0xff, 0xff, 0xff, 0x6f, 0x01, 0x05, 0x00, 0x42, 0x00, 0x02, 0x01, 0xff, 0xff, 0x3f, 0xff, 0xef, 0x01,
  0x52, 0x00, 0x02, 0x05, 0xff, 0xff, 0xff, 0xff, 0xff, 0xff, 0xff, 0xff, 0xff, 0x8f, 0x07, 0x06, 0x52, 0x05, 0x01, 0xff, 0xff, 0x3f, 0xff, 0xff,
  0x01, 0x05, 0x30, 0x02, 0x07, 0xff, 0xff, 0xff, 0xff, 0xff, 0xff, 0xff, 0xff, 0xff, 0xaf, 0x01, 0x05, 0x02, 0x20, 0x05, 0x01, 0xff, 0xff, 0x4f,
  0xff, 0xff, 0x0f, 0x07, 0x06, 0x35, 0xff, 0xff, 0xff, 0xff, 0xff, 0xff, 0xff, 0xff, 0xff, 0xcf, 0x01, 0x35, 0x01, 0xff, 0xff, 0x5f, 0xff, 0xff,
  0x1f, 0x31, 0xff, 0xff, 0xff, 0xff, 0xff, 0xff, 0xff, 0xff, 0xff, 0xff, 0xff, 0xff, 0x9f, 0xff, 0xff, 0xff, 0xff, 0xff, 0xff, 0xff, 0xff, 0xff,
  0xff, 0xff, 0xff, 0xff, 0xff, 0xff, 0xff, 0xff, 0xff, 0xff, 0xff, 0xff, 0xff, 0xff, 0xff, 0xff, 0xff, 0xff, 0xff, 0xff, 0xff, 0xff, 0xff, 0xff,
  0xff, 0xff, 0xff, 0xff, 0xff, 0xff, 0xff, 0xff, 0xff, 0xff, 0xff, 0xff, 0xff, 0xff, 0xff, 0xff, 0xff, 0xff, 0xff, 0xff, 0xff, 0xff, 0xff, 0xff,
  0xff, 0xff, 0xff, 0xff, 0xff, 0xff, 0xff, 0xff, 0xff, 0xff, 0xff, 0xff, 0xff, 0xff, 0xff, 0xff, 0xff, 0xff, 0xff, 0xff, 0xff, 0xff, 0xff, 0xff,
  0xff, 0xff, 0xff, 0xff, 0xff, 0xff, 0xff, 0xff, 0xff, 0xff, 0xff, 0xff, 0xff, 0xff, 0xff, 0xff, 0xff, 0xff, 0xff, 0xff, 0xff, 0xff, 0xff, 0xff,
  0xff, 0xff, 0xff, 0xff, 0xff, 0xff, 0xff, 0xff, 0xff, 0xff, 0xff, 0xff, 0xff, 0xff, 0xff, 0xff, 0xff, 0xff, 0xff, 0xff, 0xff, 0xff, 0xff, 0xff,
  0xff, 0xff, 0xff, 0xff, 0xff, 0xff, 0xff, 0xff, 0xff, 0xff, 0xff, 0xff, 0xff, 0xff, 0xff, 0xff, 0xff, 0xff, 0xff, 0xff, 0xff, 0xff, 0xff, 0xff,
  0xff, 0xff, 0xff, 0xff, 0xff, 0xff, 0xff, 0xff, 0xff, 0xff, 0xff, 0xff, 0xff, 0xff, 0xff, 0xff, 0xff, 0xff, 0xff, 0xff, 0xff, 0xff, 0xff, 0xff,
  0xff, 0xff, 0xff, 0xff, 0xff, 0xff, 0xff, 0xff, 0xff, 0xff, 0xff, 0xff, 0xff, 0xff, 0xff, 0xff, 0xff, 0xff, 0xff, 0xff, 0xff, 0xff, 0xff, 0xff,
  0xff, 0xff, 0xff, 0xff, 0xff, 0xff, 0xff, 0xff, 0xff, 0xff, 0xff, 0xff, 0xff, 0xff, 0xff, 0xff, 0xff, 0xff, 0xff, 0xff, 0xff, 0xff, 0xff, 0xff,
  0xff, 0xff, 0xff, 0xff, 0xff, 0xff, 0xff, 0xff, 0xff, 0xff, 0xff, 0xff, 0xff, 0xff, 0xff, 0xff, 0xff, 0xff, 0xff, 0xff, 0xff, 0xff, 0xff, 0xff,
  0xff, 0xff, 0xff, 0xff, 0xff, 0xff, 0xff, 0xff, 0xff, 0x1f, 0x01, 0xbf, 0x11, 0xff, 0xff, 0xff, 0xff, 0xff, 0xff, 0xff, 0xff, 0xff, 0xff, 0xef,
  0xff, 0xff, 0xff, 0xff, 0xff, 0xff, 0xff, 0xff, 0xff, 0xff, 0x8f, 0xf1, 0x21, 0xff, 0xff, 0xff, 0x3f, 0xff, 0xff, 0xef, 0xf1, 0x21, 0x07, 0x01,
  0xff, 0xff, 0xff, 0xff, 0xff, 0xff, 0x2f, 0x01, 0x05, 0xf6, 0x26, 0x01, 0x0f, 0x11, 0xff, 0xff, 0xff, 0xff, 0xff, 0xdf, 0x01, 0x10, 0xf2, 0x10,
  0x04, 0xff, 0xff, 0xff, 0xff, 0xff, 0xff, 0x2f, 0x01, 0xf0, 0x30, 0x04, 0xff, 0xff, 0xff, 0x2f, 0xff, 0xff, 0xdf, 0x07, 0xf0, 0x30, 0x05, 0x41,
  0xff, 0xff, 0xff, 0xff, 0xff, 0x8f, 0x07, 0x34, 0x05, 0x10, 0x02, 0xf0, 0x00, 0x05, 0x47, 0xff, 0xff, 0xdf, 0xff, 0xff, 0x8f, 0x04, 0x36, 0x02,
  0xf0, 0x40, 0x32, 0x06, 0x01, 0xff, 0xff, 0xff, 0xff, 0xff, 0x6f, 0x01, 0x02, 0xf0, 0xa0, 0x12, 0x00, 0x02, 0x01, 0xff, 0xff, 0xcf, 0xff, 0xff,
  0x7f, 0x01, 0x02, 0xf0, 0xe0, 0x04, 0x11, 0xff, 0xff, 0xff, 0xff, 0xff, 0x1f, 0x01, 0x04, 0x07, 0x04, 0x10, 0x02, 0xf0, 0xc0, 0x05, 0x01, 0x07,
  0xff, 0xff, 0xaf, 0xff, 0xff, 0x4f, 0x01, 0x05, 0x16, 0xf0, 0xf0, 0x00, 0x02, 0x00, 0x04, 0xff, 0xff, 0xff, 0xff, 0xff, 0x0f, 0x04, 0xf0, 0xf0,
  0x50, 0x07, 0xff, 0xff, 0x9f, 0xff, 0xff, 0x3f, 0x01, 0x04, 0xf0, 0xf0, 0x50, 0x02, 0x07, 0x01, 0x1f, 0x01, 0xff, 0xff, 0xff, 0xff, 0x9f, 0x04,
  0x05, 0x02, 0xf0, 0xf0, 0x50, 0x02, 0x05, 0x04, 0xff, 0xff, 0x7f, 0xff, 0xff, 0x2f, 0x04, 0x12, 0xf0, 0xf0, 0x70, 0x06, 0xff, 0xff, 0xff, 0xff,
  0xbf, 0x01, 0x02, 0x10, 0x02, 0xb0, 0x52, 0xf0, 0x40, 0x02, 0x01, 0xff, 0xff, 0x6f, 0xff, 0xff, 0x21, 0x02, 0xf0, 0xf0, 0xa0, 0x24, 0x01, 0xff,
  0xff, 0xff, 0xff, 0x4f, 0x01, 0x25, 0x02, 0xf0, 0xf0, 0x90, 0x02, 0x05, 0x14, 0x01, 0xff, 0xff, 0x3f, 0xff, 0xef, 0x07, 0x22, 0xf0, 0xf0, 0xe0,
  0x05, 0xff, 0xff, 0xff, 0xff, 0x4f, 0x05, 0xf0, 0x00, 0xa2, 0xf0, 0x50, 0x06, 0x01, 0xff, 0xff, 0x2f, 0xff, 0xdf, 0x01, 0x02, 0xf0, 0x40, 0x02,
  0x44, 0x15, 0x44, 0x02, 0xf0, 0x05, 0x01, 0xff, 0xff, 0xff, 0xff, 0x1f, 0x04, 0xf0, 0x00, 0x05, 0x01, 0x17, 0x71, 0x02, 0xf0, 0x50, 0x05, 0x01,
  0xff, 0xff, 0x1f, 0xff, 0xcf, 0x01, 0x05, 0xf0, 0x50, 0x05, 0x0f, 0x51, 0x4f, 0x05, 0xf0, 0x00, 0x05, 0xff, 0xff, 0xff, 0xff, 0x01, 0x05, 0x02,
  0xd0, 0x22, 0x07, 0x81, 0x1f, 0x04, 0x16, 0x02, 0xf0, 0x30, 0x05, 0xff, 0xff, 0x1f, 0xff, 0xbf, 0x01, 0x06, 0xf0, 0x30, 0x05, 0x17, 0xd1, 0x07,
  0x14, 0x05, 0xd0, 0x04, 0xff, 0xff, 0xff, 0xef, 0x04, 0xd0, 0x05, 0x07, 0xf1, 0x11, 0x07, 0xf0, 0x30, 0x02, 0x07, 0xff, 0xff, 0x0f, 0xff, 0xaf,
  0x01, 0x05, 0xf0, 0x10, 0x22, 0x07, 0x0f, 0xe1, 0x2f, 0x01, 0x02, 0xc0, 0x02, 0x05, 0xff, 0xff, 0xff, 0xcf, 0x04, 0x02, 0xd0, 0x04, 0x0f, 0xf1,
  0x21, 0x04, 0x05, 0xf0, 0x30, 0x04, 0xff, 0xff, 0xff, 0xaf, 0x06, 0xf0, 0x20, 0x06, 0xf1, 0x61, 0x14, 0x05, 0xc0, 0x04, 0xff, 0xff, 0xff, 0xaf,
  0x07, 0xc0, 0x05, 0x07, 0x04, 0x07, 0xf1, 0x31, 0x0f, 0x01, 0x05, 0x12, 0xf0, 0x00, 0x02, 0x07, 0xff, 0xef, 0xff, 0x8f, 0x01, 0x04, 0xf0, 0x10,
  0x02, 0x06, 0x07, 0x0f, 0xf1, 0x61, 0x0f, 0x01, 0xc0, 0x02, 0x07, 0xff, 0xff, 0xff, 0x8f, 0x04, 0x02, 0xb0, 0x02, 0xf1, 0xb1, 0x02, 0xf0, 0x10,
  0x02, 0x04, 0x01, 0xff, 0xcf, 0xff, 0x8f, 0x06, 0xf0, 0x20, 0x06, 0xf1, 0xb1, 0x07, 0x04, 0x02, 0xa0, 0x02, 0x07, 0xff, 0xff, 0xff, 0x7f, 0x06,
  0xa0, 0x02, 0x04, 0xf1, 0xc1, 0x04, 0x02, 0xf0, 0x20, 0x07, 0xff, 0xcf, 0xff, 0x8f, 0x05, 0xf0, 0x10, 0x02, 0x04, 0xf1, 0xb1, 0x1f, 0x05, 0xb0,
  0x07, 0xff, 0xff, 0xff, 0x7f, 0x05, 0xa0, 0x06, 0x01, 0x0f, 0xf1, 0xb1, 0x0f, 0x04, 0xf0, 0x20, 0x07, 0xff, 0xcf, 0xff, 0x8f, 0x05, 0xf0, 0x00,
  0x06, 0xf1, 0xe1, 0x0f, 0x07, 0x05, 0x02, 0x80, 0x02, 0x01, 0xff, 0xff, 0xff, 0x7f, 0x05, 0x90, 0x05, 0xf1, 0xf1, 0x07, 0x05, 0x02, 0xf0, 0x00,
  0x07, 0xff, 0xcf, 0xff, 0x6f, 0x01, 0x04, 0x02, 0xf0, 0x00, 0x05, 0xf1, 0xf1, 0x0f, 0x01, 0x06, 0x90, 0x02, 0x07, 0xff, 0xff, 0xff, 0x4f, 0x07,
  0x06, 0x90, 0x06, 0x01, 0x0f, 0xf1, 0xf1, 0x01, 0x05, 0x00, 0x02, 0xe0, 0x04, 0x01, 0xff, 0xbf, 0xff, 0x6f, 0x05, 0xf0, 0x10, 0x05, 0xf1, 0x51,
  0x0f, 0x07, 0x69, 0x0d, 0x01, 0x1f, 0x07, 0x05, 0x02, 0x80, 0x05, 0xff, 0xff, 0xff, 0x4f, 0x04, 0x90, 0x05, 0x07, 0x01, 0x0f, 0x01, 0x0c, 0x6b,
  0x04, 0x0f, 0xf1, 0x51, 0x02, 0xf0, 0x10, 0x06, 0x01, 0xff, 0xaf, 0xff, 0x5f, 0x01, 0x06, 0xf0, 0x10, 0x05, 0x0f, 0xf1, 0x51, 0x08, 0x73, 0x04,
  0x31, 0x06, 0x80, 0x02, 0x04, 0x01, 0xff, 0xff, 0xff, 0x0f, 0x01, 0x05, 0x02, 0x80, 0x02, 0x07, 0x31, 0x09, 0x63, 0x09, 0x08, 0x07, 0xf1, 0x41,
  0x06, 0xf0, 0x10, 0x02, 0x01, 0xff, 0xaf, 0xff, 0x4f, 0x01, 0x06, 0xf0, 0x10, 0x02, 0x05, 0xf1, 0x31, 0x0f, 0x0d, 0xb3, 0x08, 0x0f, 0x01, 0x04,
  0x02, 0x90, 0x04, 0xff, 0xff, 0xff, 0x0f, 0x01, 0x02, 0x80, 0x02, 0x07, 0x21, 0x0a, 0xa3, 0x09, 0xf1, 0x51, 0x07, 0x02, 0xf0, 0x00, 0x02, 0x01,
  0xff, 0x9f, 0xff, 0x4f, 0x07, 0xf0, 0x20, 0x04, 0xf1, 0x41, 0x08, 0x0a, 0xb3, 0x0c, 0x11, 0x07, 0x12, 0x80, 0x07, 0xff, 0xff, 0xff, 0x0f, 0x01,
  0x06, 0x80, 0x06, 0x21, 0x08, 0xc3, 0x0d, 0x07, 0xf1, 0x41, 0x02, 0xf0, 0x10, 0x01, 0xff, 0x9f, 0xff, 0x4f, 0x01, 0x02, 0xf0, 0x10, 0x04, 0xf1,
  0x21, 0x0f, 0x08, 0xf3, 0x07, 0x11, 0x04, 0x80, 0x05, 0x01, 0xff, 0xff, 0xff, 0x07, 0x02, 0x70, 0x05, 0x21, 0x09, 0xe3, 0x08, 0x0f, 0xf1, 0x31,
  0x02, 0x00, 0x02, 0xe0, 0x02, 0x04, 0x01, 0xff, 0x8f, 0xff, 0x3f, 0x04, 0x02, 0xf0, 0x20, 0x07, 0xf1, 0x31, 0x08, 0xf3, 0x01, 0x1f, 0x01, 0x02,
  0x80, 0x02, 0xff, 0xff, 0xef, 0x04, 0x02, 0x80, 0x04, 0x0f, 0x11, 0x0a, 0xe3, 0x09, 0x07, 0xf1, 0x31, 0x06, 0x00, 0x02, 0xf0, 0x00, 0x06, 0xff,
  0x8f, 0xff, 0x2f, 0x01, 0x02, 0xf0, 0x30, 0x07, 0xf1, 0x21, 0xf3, 0x13, 0x18, 0x01, 0x07, 0x90, 0x02, 0xff, 0xff, 0xef, 0x05, 0x90, 0x05, 0x01,
  0x0c, 0x09, 0xf3, 0x13, 0x04, 0xf1, 0x21, 0x02, 0xf0, 0x20, 0x06, 0xff, 0x8f, 0xff, 0x2f, 0x01, 0x06, 0xf0, 0x30, 0x07, 0xf1, 0x11, 0x07, 0xf3,
  0x33, 0x17, 0x02, 0x80, 0x02, 0xff, 0xff, 0xef, 0x05, 0x70, 0x02, 0x05, 0x07, 0x0f, 0x09, 0xf3, 0x23, 0x08, 0xf1, 0x21, 0x04, 0x06, 0xf0, 0x10,
  0x06, 0xff, 0x8f, 0xff, 0x2f, 0x01, 0x02, 0xf0, 0x10, 0x05, 0xf1, 0x31, 0x07, 0xf3, 0x33, 0x07, 0x11, 0x04, 0x70, 0x02, 0xff, 0xff, 0xef, 0x05,
  0x70, 0x06, 0x01, 0x1f, 0x09, 0xf3, 0x23, 0x08, 0xf1, 0x21, 0x0f, 0x07, 0xf0, 0x10, 0x06, 0xff, 0x8f, 0xff, 0x2f, 0x01, 0x06, 0xf0, 0x10, 0x04,
  0x0f, 0xf1, 0x21, 0x07, 0xf3, 0x33, 0x07, 0x11, 0x07, 0x70, 0x02, 0xff, 0xff, 0xef, 0x04, 0x70, 0x06, 0x21, 0x09, 0xf3, 0x23, 0x08, 0xf1, 0x21,
  0x0f, 0x04, 0xf0, 0x10, 0x06, 0xff, 0x8f, 0xff, 0x2f, 0x01, 0x06, 0xf0, 0x10, 0x04, 0x0f, 0xf1, 0x21, 0x07, 0xf3, 0x33, 0x07, 0x11, 0x04, 0x70,
  0x02, 0x07, 0x01, 0xff, 0xff, 0xaf, 0x01, 0x07, 0x06, 0x70, 0x06, 0x21, 0x09, 0xf3, 0x23, 0x08, 0xf1, 0x21, 0x0f, 0x04, 0xf0, 0x10, 0x02, 0x07,
  0x01, 0xff, 0x6f, 0xff, 0x0f, 0x01, 0x04, 0x05, 0x02, 0xf0, 0x10, 0x04, 0x0f, 0xf1, 0x21, 0x07, 0xf3, 0x33, 0x07, 0x11, 0x04, 0x90, 0x02, 0x01,
  0xff, 0xff, 0x9f, 0x04, 0x90, 0x06, 0x21, 0x09, 0xf3, 0x23, 0x08, 0xf1, 0x21, 0x0f, 0x04, 0xf0, 0x30, 0x05, 0xff, 0x6f, 0xff, 0x0f, 0x01, 0xf0,
  0x40, 0x04, 0x0f, 0xf1, 0x21, 0x07, 0xf3, 0x33, 0x07, 0x21, 0x05, 0x02, 0x80, 0x01, 0xff, 0xff, 0x9f, 0x04, 0x70, 0x02, 0x05, 0x07, 0x21, 0x0d,
  0xf3, 0x23, 0x08, 0xf1, 0x31, 0x04, 0xf0, 0x30, 0x06, 0xff, 0x6f, 0xff, 0x0f, 0x01, 0x02, 0xf0, 0x30, 0x04, 0x0f, 0xf1, 0x21, 0x04, 0xf3, 0x33,
  0x07, 0x21, 0x0f, 0x05, 0x80, 0x01, 0xff, 0xff, 0x9f, 0x04, 0x70, 0x02, 0x41, 0x0d, 0xf3, 0x23, 0x04, 0xf1, 0x31, 0x04, 0xf0, 0x30, 0x06, 0xff,
  0x6f, 0xff, 0x0f, 0x01, 0x02, 0xf0, 0x30, 0x04, 0x0f, 0xf1, 0x21, 0x04, 0xf3, 0x33, 0x07, 0x31, 0x05, 0x80, 0x07, 0xff, 0xff, 0x9f, 0x04, 0x70,
  0x02, 0x31, 0x0f, 0x0c, 0xf3, 0x23, 0x04, 0xf1, 0x31, 0x04, 0xf0, 0x30, 0x06, 0xff, 0x6f, 0xff, 0x0f, 0x01, 0x02, 0xf0, 0x30, 0x05, 0x0f, 0xf1,
  0x21, 0x07, 0xf3, 0x33, 0x07, 0x31, 0x05, 0x80, 0x07, 0xff, 0xff, 0x9f, 0x04, 0x70, 0x02, 0x31, 0x0f, 0x08, 0xf3, 0x13, 0x09, 0xf1, 0x41, 0x04,
  0xf0, 0x30, 0x06, 0xff, 0x6f, 0xff, 0x0f, 0x01, 0x02, 0xf0, 0x30, 0x05, 0xf1, 0x51, 0x08, 0xf3, 0x09, 0x08, 0x31, 0x0f, 0x05, 0x80, 0x07, 0xff,
  0xff, 0x9f, 0x04, 0x70, 0x06, 0x41, 0x07, 0x08, 0x0b, 0xe3, 0x0c, 0xf1, 0x51, 0x04, 0xf0, 0x30, 0x06, 0xff, 0x6f, 0xff, 0x0f, 0x01, 0x02, 0xf0,
  0x30, 0x05, 0xf1, 0x41, 0x0f, 0x08, 0xf3, 0x08, 0x0f, 0x31, 0x0f, 0x05, 0x80, 0x07, 0xff, 0xff, 0x9f, 0x04, 0x70, 0x06, 0x61, 0x0a, 0xe3, 0x08,
  0x0f, 0xf1, 0x41, 0x04, 0xf0, 0x30, 0x06, 0xff, 0x6f, 0xff, 0x0f, 0x01, 0x02, 0xf0, 0x30, 0x05, 0xf1, 0x51, 0x07, 0x08, 0xd3, 0x09, 0x04, 0x41,
  0x0f, 0x05, 0x80, 0x07, 0xff, 0xff, 0x9f, 0x04, 0x70, 0x06, 0x61, 0x08, 0x0a, 0xb3, 0x09, 0x07, 0xf1, 0x61, 0x04, 0xf0, 0x30, 0x06, 0xff, 0x6f,
  0xff, 0x0f, 0x01, 0x02, 0xf0, 0x30, 0x05, 0xf1, 0x61, 0x0f, 0x0c, 0xb3, 0x0a, 0x01, 0x0f, 0x41, 0x0f, 0x05, 0x80, 0x07, 0xff, 0xff, 0x9f, 0x04,
  0x70, 0x06, 0x71, 0x04, 0xb3, 0x08, 0x0f, 0xf1, 0x61, 0x04, 0xf0, 0x30, 0x06, 0xff, 0x6f, 0xff, 0x0f, 0x01, 0x02, 0xf0, 0x30, 0x05, 0xf1, 0x91,
  0x09, 0x83, 0x08, 0x07, 0x61, 0x0f, 0x05, 0x80, 0x07, 0xff, 0xff, 0x9f, 0x04, 0x70, 0x06, 0x91, 0x0d, 0x73, 0x09, 0xf1, 0x91, 0x04, 0xf0, 0x30,
  0x06, 0x01, 0xff, 0x5f, 0xff, 0x0f, 0x01, 0x02, 0xf0, 0x30, 0x05, 0xf1, 0x81, 0x0f, 0x09, 0x73, 0x09, 0x01, 0x0f, 0x61, 0x0f, 0x05, 0x80, 0x07,
  0xff, 0xff, 0x9f, 0x04, 0x70, 0x06, 0x91, 0x07, 0x09, 0x0a, 0x33, 0x0e, 0x0a, 0x08, 0x0f, 0xf1, 0x81, 0x04, 0xf0, 0x30, 0x06, 0x01, 0xff, 0x5f,
  0xff, 0x0f, 0x01, 0x02, 0xf0, 0x30, 0x05, 0xf1, 0xf1, 0xc1, 0x0f, 0x05, 0x80, 0x07, 0xff, 0xff, 0x9f, 0x04, 0x70, 0x06, 0xf1, 0xf1, 0xc1, 0x0f,
  0x07, 0xf0, 0x30, 0x06, 0x01, 0xff, 0x5f, 0xff, 0x0f, 0x01, 0x02, 0xf0, 0x30, 0x05, 0x0f, 0xf1, 0xf1, 0xb1, 0x0f, 0x04, 0x80, 0x07, 0xff, 0xff,
  0x9f, 0x04, 0x70, 0x06, 0xf1, 0xf1, 0xc1, 0x0f, 0x04, 0xf0, 0x30, 0x06, 0x01, 0xff, 0x5f, 0xff, 0x0f, 0x01, 0x02, 0xf0, 0x30, 0x02, 0x04, 0xf1,
  0xf1, 0xb1, 0x0f, 0x04, 0x80, 0x07, 0xff, 0xff, 0x9f, 0x04, 0x70, 0x06, 0xf1, 0xf1, 0xc1, 0x05, 0x02, 0xf0, 0x30, 0x06, 0x01, 0xff, 0x5f, 0xff,
  0x0f, 0x01, 0x02, 0xf0, 0x50, 0x07, 0xf1, 0xf1, 0xa1, 0x0f, 0x04, 0x80, 0x07, 0xff, 0xff, 0x9f, 0x04, 0x70, 0x06, 0xf1, 0xf1, 0xc1, 0x02, 0xf0,
  0x40, 0x06, 0x01, 0xff, 0x5f, 0xff, 0x0f, 0x01, 0x02, 0xf0, 0x40, 0x02, 0xf1, 0xf1, 0xb1, 0x0f, 0x04, 0x80, 0x01, 0xff, 0xff, 0x9f, 0x04, 0x70,
  0x02, 0xf1, 0xf1, 0xc1, 0x06, 0x00, 0x02, 0xf0, 0x20, 0x06, 0x01, 0xff, 0x5f, 0xff, 0x0f, 0x01, 0x02, 0xf0, 0x40, 0x02, 0xf1, 0xf1, 0xb1, 0x0f,
  0x04, 0x70, 0x02, 0x01, 0xff, 0xff, 0x9f, 0x04, 0x70, 0x06, 0xf1, 0xf1, 0xc1, 0x06, 0xf0, 0x40, 0x06, 0x01, 0xff, 0x5f, 0xff, 0x0f, 0x01, 0x02,
  0xf0, 0x40, 0x02, 0x01, 0x0f, 0xf1, 0xf1, 0x91, 0x0f, 0x05, 0x70, 0x02, 0x01, 0xff, 0xff, 0x9f, 0x04, 0x70, 0x06, 0xf1, 0xf1, 0xa1, 0x0f, 0x01,
  0x02, 0xf0, 0x40, 0x06, 0x01, 0xff, 0x5f, 0xff, 0x0f, 0x01, 0xf0, 0x60, 0x04, 0xf1, 0xf1, 0x91, 0x07, 0x06, 0x02, 0x70, 0x02, 0x01, 0xff, 0xff,
  0x9f, 0x04, 0x80, 0x02, 0x04, 0xf1, 0xf1, 0x81, 0x07, 0x05, 0x02, 0xf0, 0x40, 0x06, 0xff, 0x6f, 0xff, 0x0f, 0x01, 0xf0, 0x70, 0x05, 0xf1, 0xf1,
  0x71, 0x0f, 0x07, 0x90, 0x02, 0x01, 0xff, 0xff, 0x9f, 0x04, 0x90, 0x06, 0xf1, 0xf1, 0x81, 0x02, 0xf0, 0x60, 0x06, 0xff, 0x6f, 0xff, 0x0f, 0x01,
  0xf0, 0x70, 0x05, 0xf1, 0xf1, 0x91, 0x02, 0x80, 0x02, 0x01, 0xff, 0xff, 0x9f, 0x04, 0x90, 0x05, 0xf1, 0xf1, 0x81, 0x06, 0x00, 0x02, 0xf0, 0x40,
  0x06, 0xff, 0x6f, 0xff, 0x0f, 0x01, 0xf0, 0x70, 0x05, 0x0f, 0xf1, 0xf1, 0x61, 0x0f, 0x01, 0x02, 0x70, 0x02, 0x06, 0x01, 0xff, 0xff, 0x9f, 0x04,
  0x90, 0x05, 0x0f, 0xf1, 0xf1, 0x71, 0x05, 0xf0, 0x50, 0x02, 0x04, 0xff, 0x6f, 0xff, 0x0f, 0x01, 0x04, 0x05, 0xf0, 0x50, 0x02, 0x07, 0xf1, 0xf1,
  0x71, 0x04, 0x70, 0x02, 0x07, 0x01, 0xff, 0xff, 0xaf, 0x01, 0x07, 0x05, 0x70, 0x06, 0xf1, 0xf1, 0x61, 0x07, 0x05, 0x02, 0xf0, 0x40, 0x06, 0x11,
  0xff, 0x6f, 0xff, 0x2f, 0x01, 0x02, 0xf0, 0x60, 0x04, 0xf1, 0xf1, 0x51, 0x05, 0x80, 0x02, 0x01, 0xff, 0xff, 0xdf, 0x04, 0x80, 0x02, 0x04, 0xf1,
  0xf1, 0x41, 0x05, 0xf0, 0x60, 0x06, 0xff, 0x8f, 0xff, 0x2f, 0x01, 0x02, 0xf0, 0x60, 0x04, 0xf1, 0xf1, 0x51, 0x05, 0x80, 0x02, 0x01, 0xff, 0xff,
  0xdf, 0x05, 0x90, 0x07, 0x0f, 0xf1, 0xf1, 0x31, 0x05, 0xf0, 0x60, 0x06, 0xff, 0x8f, 0xff, 0x2f, 0x01, 0x02, 0xf0, 0x60, 0x02, 0x04, 0xf1, 0xf1,
  0x31, 0x07, 0x06, 0x80, 0x02, 0x01, 0xff, 0xff, 0xdf, 0x04, 0x90, 0x04, 0xf1, 0xf1, 0x31, 0x05, 0x02, 0xf0, 0x60, 0x06, 0xff, 0x8f, 0xff, 0x2f,
  0x01, 0x02, 0xf0, 0x70, 0x06, 0xf1, 0xf1, 0x31, 0x02, 0x90, 0x02, 0x01, 0xff, 0xff, 0xdf, 0x05, 0x90, 0x02, 0x04, 0xf1, 0xf1, 0x21, 0x02, 0xf0,
  0x70, 0x06, 0xff, 0x8f, 0xff, 0x2f, 0x01, 0x02, 0xf0, 0x70, 0x02, 0x06, 0xf1, 0xf1, 0x11, 0x07, 0x02, 0x80, 0x02, 0x06, 0x01, 0xff, 0xff, 0xdf,
  0x04, 0xa0, 0x02, 0xf1, 0xf1, 0x11, 0x04, 0x02, 0xf0, 0x60, 0x02, 0x04, 0xff, 0x8f, 0xff, 0x3f, 0x04, 0x06, 0xf0, 0x70, 0x02, 0xf1, 0xf1, 0x01,
  0x04, 0x02, 0x90, 0x05, 0x01, 0xff, 0xff, 0xef, 0x01, 0x07, 0x02, 0x80, 0x02, 0x07, 0xf1, 0xf1, 0x04, 0xf0, 0x70, 0x02, 0x07, 0xff, 0x9f, 0xff,
  0x4f, 0x01, 0xf0, 0x80, 0x02, 0x01, 0x0f, 0xf1, 0xd1, 0x05, 0xa0, 0x04, 0xff, 0xff, 0xff, 0x1f, 0x06, 0x90, 0x02, 0x04, 0xf1, 0xc1, 0x07, 0x05,
  0x02, 0xf0, 0x70, 0x02, 0x01, 0xff, 0x9f, 0xff, 0x4f, 0x07, 0xf0, 0x90, 0x05, 0x04, 0xf1, 0xa1, 0x0f, 0x01, 0x06, 0x02, 0xa0, 0x04, 0xff, 0xff,
  0xff, 0x0f, 0x01, 0x06, 0xb0, 0x07, 0x0f, 0xf1, 0xa1, 0x06, 0xf0, 0x90, 0x02, 0x01, 0xff, 0x9f, 0xff, 0x4f, 0x07, 0x02, 0xf0, 0x90, 0x02, 0x07,
  0xf1, 0xa1, 0x05, 0xa0, 0x02, 0x05, 0x01, 0xff, 0xff, 0xff, 0x0f, 0x01, 0x04, 0x02, 0xa0, 0x02, 0x17, 0xf1, 0x71, 0x07, 0x05, 0x02, 0xf0, 0x80,
  0x02, 0x04, 0xff, 0xaf, 0xff, 0x5f, 0x07, 0x02, 0xf0, 0x90, 0x12, 0x07, 0x0f, 0xf1, 0x41, 0x0f, 0x01, 0x02, 0xb0, 0x06, 0x01, 0xff, 0xff, 0xff,
  0x3f, 0x07, 0x02, 0xb0, 0x05, 0xf1, 0x71, 0x02, 0xf0, 0xa0, 0x04, 0xff, 0xbf, 0xff, 0x6f, 0x05, 0xf0, 0xb0, 0x05, 0x04, 0xf1, 0x31, 0x17, 0x05,
  0xb0, 0x02, 0x04, 0xff, 0xff, 0xff, 0x4f, 0x01, 0x02, 0xb0, 0x02, 0x15, 0xf1, 0x11, 0x0f, 0x01, 0x06, 0x12, 0xf0, 0x90, 0x02, 0x04, 0xff, 0xbf,
  0xff, 0x6f, 0x04, 0x02, 0xf0, 0xc0, 0x06, 0x0f, 0xf1, 0x11, 0x02, 0xc0, 0x02, 0x04, 0xff, 0xff, 0xff, 0x6f, 0x01, 0x05, 0xc0, 0x02, 0x07, 0x01,
  0x07, 0xe1, 0x0f, 0x07, 0xf0, 0xb0, 0x02, 0x01, 0xff, 0xcf, 0xff, 0x7f, 0x01, 0xf0, 0xc0, 0x02, 0x25, 0x07, 0xa1, 0x04, 0x26, 0xe0, 0x07, 0xff,
  0xff, 0xff, 0x7f, 0x06, 0xd0, 0x02, 0x06, 0x02, 0x05, 0x91, 0x0f, 0x01, 0x16, 0x05, 0x02, 0xf0, 0xb0, 0x06, 0x01, 0xff, 0xcf, 0xff, 0x7f, 0x01,
  0xf0, 0xf0, 0x00, 0x04, 0x0f, 0x01, 0x0f, 0x61, 0x0f, 0x05, 0xf0, 0x10, 0x04, 0xff, 0xff, 0xff, 0x6f, 0x01, 0x02, 0xf0, 0x00, 0x02, 0x91, 0x0f,
  0x07, 0xf0, 0xf0, 0x06, 0x01, 0xff, 0xcf, 0xff, 0x8f, 0x06, 0xf0, 0xf0, 0x02, 0x05, 0x06, 0x35, 0x46, 0x02, 0xf0, 0x02, 0x04, 0x01, 0xff, 0xff,
  0xff, 0x7f, 0x01, 0x05, 0x02, 0xe0, 0x12, 0x96, 0x02, 0xf0, 0xe0, 0x05, 0x01, 0xff, 0xdf, 0xff, 0x8f, 0x01, 0x04, 0xf0, 0xf0, 0xf0, 0xa0, 0x02,
  0x04, 0xff, 0xff, 0xff, 0xaf, 0x01, 0x02, 0xf0, 0xf0, 0xf0, 0x90, 0x02, 0x04, 0xff, 0xef, 0xff, 0x9f, 0x01, 0x06, 0xf0, 0xf0, 0xf0, 0x80, 0x02,
  0x04, 0x01, 0xff, 0xff, 0xff, 0xbf, 0x04, 0x06, 0xf0, 0xf0, 0xf0, 0x70, 0x02, 0x01, 0xff, 0xff, 0xff, 0xaf, 0x01, 0x06, 0xf0, 0xf0, 0xf0, 0x60,
  0x02, 0x04, 0xff, 0xff, 0xff, 0xef, 0x01, 0x02, 0xf0, 0xf0, 0xf0, 0x50, 0x02, 0x01, 0xff, 0xff, 0x0f, 0xff, 0xbf, 0x01, 0x05, 0xf0, 0xf0, 0xf0,
  0x40, 0x02, 0x05, 0xff, 0xff, 0xff, 0xff, 0x0f, 0x07, 0x02, 0xf0, 0xf0, 0xf0, 0x30, 0x02, 0x04, 0xff, 0xff, 0x1f, 0xff, 0xcf, 0x01, 0x12, 0xf0,
  0xf0, 0xf0, 0x20, 0x05, 0x01, 0xff, 0xff, 0xff, 0xff, 0x1f, 0x01, 0x02, 0xf0, 0xf0, 0xf0, 0x10, 0x02, 0x01, 0xff, 0xff, 0x2f, 0xff, 0xdf, 0x01,
  0x06, 0xf0, 0xf0, 0xf0, 0x10, 0x05, 0x01, 0xff, 0xff, 0xff, 0xff, 0x3f, 0x01, 0x02, 0xf0, 0xf0, 0xf0, 0x00, 0x04, 0xff, 0xff, 0x3f, 0xff, 0xef,
  0x04, 0x00, 0x12, 0xf0, 0xf0, 0xb0, 0x06, 0x05, 0x06, 0x01, 0xff, 0xff, 0xff, 0xff, 0x5f, 0x04, 0x05, 0x02, 0xf0, 0xf0, 0xa0, 0x02, 0x24, 0x01,
  0xff, 0xff, 0x3f, 0xff, 0xff, 0x11, 0x07, 0xf0, 0xf0, 0xa0, 0x02, 0x01, 0x0f, 0x01, 0xff, 0xff, 0xff, 0xff, 0x8f, 0x07, 0x02, 0x00, 0x02, 0xf0,
  0xf0, 0x70, 0x02, 0x01, 0xff, 0xff, 0x6f, 0xff, 0xff, 0x1f, 0x01, 0x06, 0x12, 0xf0, 0xf0, 0x50, 0x02, 0x05, 0x04, 0xff, 0xff, 0xff, 0xff, 0xcf,
  0x11, 0x07, 0xf0, 0xf0, 0x50, 0x05, 0x07, 0x01, 0xff, 0xff, 0x7f, 0xff, 0xff, 0x2f, 0x01, 0x0f, 0x05, 0xf0, 0xf0, 0x50, 0x04, 0xff, 0xff, 0xff,
  0xff, 0xff, 0x0f, 0x01, 0x22, 0xf0, 0xf0, 0x22, 0x07, 0xff, 0xff, 0x9f, 0xff, 0xff, 0x4f, 0x01, 0x06, 0x05, 0x02, 0xf0, 0xf0, 0x05, 0x14, 0x01,
  0xff, 0xff, 0xff, 0xff, 0xff, 0x1f, 0x11, 0x07, 0x02, 0xf0, 0xe0, 0x04, 0x11, 0xff, 0xff, 0xaf, 0xff, 0xff, 0x7f, 0x04, 0xf0, 0xe0, 0x02, 0x01,
  0xff, 0xff, 0xff, 0xff, 0xff, 0x7f, 0x05, 0x32, 0xf0, 0x40, 0x02, 0x46, 0x01, 0xff, 0xff, 0xcf, 0xff, 0xff, 0x7f, 0x01, 0x34, 0x05, 0x02, 0xf0,
  0x30, 0x05, 0x34, 0x07, 0xff, 0xff, 0xff, 0xff, 0xff, 0x8f, 0x41, 0x04, 0xf0, 0x30, 0x04, 0x0f, 0x31, 0xff, 0xff, 0xdf, 0xff, 0xff, 0xcf, 0x01,
  0x02, 0xf0, 0x30, 0x01, 0xff, 0xff, 0xff, 0xff, 0xff, 0xff, 0x2f, 0x07, 0xf0, 0x20, 0x02, 0x04, 0xff, 0xff, 0xff, 0x2f, 0xff, 0xff, 0xdf, 0x05,
  0x02, 0xf6, 0x26, 0x01, 0xff, 0xff, 0xff, 0xff, 0xff, 0xff, 0x2f, 0xf1, 0x51, 0xff, 0xff, 0xff, 0x2f, 0xff, 0xff, 0xff, 0xff, 0x1f, 0x01, 0xff,
  0xff, 0xff, 0xff, 0xff, 0xff, 0xff, 0xff, 0xff, 0xff, 0xcf, 0xff, 0xff, 0xff, 0xff, 0xff, 0xff, 0xff, 0xff, 0xff, 0xff, 0xff, 0xff, 0xff, 0xff,
  0xff, 0xff, 0xff, 0xff, 0xff, 0xff, 0xff, 0xff, 0xff, 0xff, 0xff, 0xff, 0xff, 0xff, 0xff, 0xff, 0xff, 0xff, 0xff, 0xff, 0xff, 0xff, 0xff, 0x07,
  0x65, 0x14, 0x01, 0xff, 0xff, 0xff, 0xff, 0xff, 0xff, 0xff, 0x4f, 0xff, 0xff, 0xff, 0xff, 0xff, 0xff, 0xcf, 0x01, 0x1f, 0x06, 0x80, 0x05, 0xff,
  0xff, 0xff, 0xff, 0xff, 0xff, 0xff, 0x4f, 0xff, 0xff, 0xff, 0xff, 0xff, 0xff, 0xcf, 0x05, 0x00, 0x02, 0xa0, 0x12, 0x07, 0xff, 0xff, 0xff, 0xff,
  0xff, 0xff, 0xff, 0x1f, 0xff, 0xff, 0xff, 0xff, 0xff, 0xff, 0xaf, 0x01, 0x04, 0x02, 0xe0, 0x06, 0x01, 0xff, 0xff, 0xff, 0xff, 0xff, 0xff, 0xff,
  0x0f, 0xff, 0xff, 0xff, 0xff, 0xff, 0xff, 0x9f, 0x01, 0x02, 0xf0, 0x20, 0x05, 0xff, 0xff, 0xff, 0xff, 0xff, 0xff, 0xff, 0xff, 0xff, 0xff, 0xff,
  0xff, 0xff, 0x8f, 0x04, 0x06, 0xf0, 0x30, 0x02, 0x04, 0x01, 0xff, 0xff, 0xff, 0xff, 0xff, 0xff, 0xdf, 0xff, 0xff, 0xff, 0xff, 0xff, 0xff, 0x7f,
  0x01, 0x02, 0xf0, 0x60, 0x05, 0xff, 0xff, 0xff, 0xff, 0xff, 0xff, 0xdf, 0xff, 0xff, 0xff, 0xff, 0xff, 0xff, 0x6f, 0x01, 0x05, 0x02, 0xf0, 0x60,
  0x02, 0x04, 0x01, 0xff, 0xff, 0xff, 0xff, 0xff, 0xff, 0xbf, 0xff, 0xff, 0xff, 0xff, 0xff, 0xff, 0x6f, 0x04, 0xf0, 0x70, 0x02, 0x00, 0x02, 0x01,
  0xff, 0xff, 0xff, 0xff, 0xff, 0xff, 0xbf, 0xff, 0xff, 0xff, 0xff, 0xff, 0xff, 0x5f, 0x01, 0x05, 0xf0, 0x90, 0x02, 0x07, 0xff, 0xff, 0xff, 0xff,
  0xff, 0xff, 0xbf, 0xff, 0xff, 0xff, 0xff, 0xff, 0xff, 0x4f, 0x01, 0x02, 0xf0, 0xc0, 0x04, 0xff, 0xff, 0xff, 0xff, 0xff, 0xff, 0xaf, 0xff, 0xff,
  0xff, 0xff, 0xff, 0xff, 0x4f, 0x01, 0x02, 0xf0, 0xc0, 0x04, 0xff, 0xff, 0xff, 0xff, 0xff, 0xff, 0xaf, 0xff, 0xff, 0xff, 0xff, 0xff, 0xff, 0x4f,
  0x01, 0x02, 0xf0, 0xa0, 0x02, 0x00, 0x04, 0xff, 0xff, 0xff, 0xff, 0xff, 0xff, 0xaf, 0xff, 0xff, 0xff, 0xff, 0xff, 0xff, 0x3f, 0x01, 0x04, 0x02,
  0xf0, 0xc0, 0x06, 0x01, 0xff, 0xff, 0xff, 0xff, 0xff, 0xff, 0x9f, 0xff, 0xff, 0xff, 0xff, 0xff, 0xff, 0x3f, 0x04, 0xf0, 0xf0, 0x02, 0x01, 0xff,
  0xff, 0xff, 0xff, 0xff, 0xff, 0x8f, 0xff, 0xff, 0xff, 0xff, 0xff, 0xff, 0x3f, 0x04, 0xf0, 0xf0, 0x00, 0x01, 0xff, 0xff, 0xff, 0xff, 0xff, 0xff,
  0x8f, 0xff, 0xff, 0xff, 0xff, 0xff, 0xff, 0x3f, 0x04, 0xf0, 0xf0, 0x00, 0x01, 0xff, 0xff, 0xff, 0xff, 0xff, 0xff, 0x8f, 0xff, 0xff, 0xff, 0xff,
  0xff, 0xff, 0x3f, 0x04, 0xf0, 0xf0, 0x00, 0x01, 0xff, 0xff, 0xff, 0xff, 0xff, 0xff, 0x8f, 0xff, 0xff, 0xff, 0xff, 0xff, 0xff, 0x3f, 0x04, 0xf0,
  0xf0, 0x00, 0x01, 0xff, 0xff, 0xff, 0xff, 0xff, 0xff, 0x8f, 0xff, 0xff, 0xff, 0xff, 0xff, 0xff, 0x3f, 0x04, 0xf0, 0xf0, 0x00, 0x07, 0xff, 0xff,
  0xff, 0xff, 0xff, 0xff, 0x8f, 0xff, 0xff, 0xff, 0xff, 0xff, 0xff, 0x3f, 0x04, 0xf0, 0xf0, 0x00, 0x07, 0xff, 0xff, 0xff, 0xff, 0xff, 0xff, 0x8f,
  0xff, 0xff, 0xff, 0xff, 0xff, 0xff, 0x3f, 0x04, 0xf0, 0xf0, 0x00, 0x07, 0xff, 0xff, 0xff, 0xff, 0xff, 0xff, 0x8f, 0xff, 0xff, 0xff, 0xff, 0xff,
  0xff, 0x3f, 0x04, 0xf0, 0xf0, 0x00, 0x07, 0xff, 0xff, 0xff, 0xff, 0xff, 0xff, 0x8f, 0xff, 0xff, 0xff, 0xff, 0xff, 0xff, 0x3f, 0x04, 0xf0, 0xf0,
  0x00, 0x07, 0xff, 0xff, 0xff, 0xff, 0xff, 0xff, 0x8f, 0xff, 0xff, 0xff, 0xff, 0xff, 0xff, 0x3f, 0x04, 0xf0, 0xf0, 0x00, 0x07, 0xff, 0xff, 0xff,
  0xff, 0xff, 0xff, 0x8f, 0xff, 0xff, 0xff, 0xff, 0xff, 0xff, 0x3f, 0x04, 0xf0, 0xf0, 0x00, 0x07, 0xff, 0xff, 0xff, 0xff, 0xff, 0xff, 0x8f, 0xff,
  0xff, 0xff, 0xff, 0xff, 0xff, 0x3f, 0x04, 0xf0, 0xf0, 0x00, 0x07, 0xff, 0xff, 0xff, 0xff, 0xff, 0xff, 0x8f, 0xff, 0xff, 0xff, 0xff, 0xff, 0xff,
  0x3f, 0x01, 0x06, 0xf0, 0xd0, 0x02, 0x05, 0x01, 0xff, 0xff, 0xff, 0xff, 0xff, 0xff, 0x8f, 0xff, 0xff, 0xff, 0xff, 0xff, 0xff, 0x4f, 0x01, 0x06,
  0xf0, 0xa0, 0x02, 0x00, 0x04, 0xff, 0xff, 0xff, 0xff, 0xff, 0xff, 0xaf, 0xff, 0xff, 0xff, 0xff, 0xff, 0xff, 0x4f, 0x01, 0x06, 0xf0, 0xc0, 0x04,
  0xff, 0xff, 0xff, 0xff, 0xff, 0xff, 0xaf, 0xff, 0xff, 0xff, 0xff, 0xff, 0xff, 0x4f, 0x01, 0x02, 0xf0, 0xc0, 0x04, 0xff, 0xff, 0xff, 0xff, 0xff,
  0xff, 0xaf, 0xff, 0xff, 0xff, 0xff, 0xff, 0xff, 0x5f, 0x04, 0x02, 0xf0, 0xa0, 0x02, 0x07, 0xff, 0xff, 0xff, 0xff, 0xff, 0xff, 0xaf, 0xff, 0xff,
  0xff, 0xff, 0xff, 0xff, 0x6f, 0x04, 0xf0, 0x90, 0x02, 0x01, 0xff, 0xff, 0xff, 0xff, 0xff, 0xff, 0xbf, 0xff, 0xff, 0xff, 0xff, 0xff, 0xff, 0x6f,
  0x07, 0x12, 0xf0, 0x70, 0x02, 0x01, 0xff, 0xff, 0xff, 0xff, 0xff, 0xff, 0xbf, 0xff, 0xff, 0xff, 0xff, 0xff, 0xff, 0x7f, 0x07, 0x02, 0xf0, 0x60,
  0x02, 0x07, 0xff, 0xff, 0xff, 0xff, 0xff, 0xff, 0xcf, 0xff, 0xff, 0xff, 0xff, 0xff, 0xff, 0x8f, 0x06, 0xf0, 0x60, 0x05, 0xff, 0xff, 0xff, 0xff,
  0xff, 0xff, 0xdf, 0xff, 0xff, 0xff, 0xff, 0xff, 0xff, 0x8f, 0x01, 0x05, 0x02, 0xf0, 0x30, 0x04, 0x01, 0xff, 0xff, 0xff, 0xff, 0xff, 0xff, 0xdf,
  0xff, 0xff, 0xff, 0xff, 0xff, 0xff, 0xaf, 0x06, 0xf0, 0x20, 0x06, 0xff, 0xff, 0xff, 0xff, 0xff, 0xff, 0xff, 0xff, 0xff, 0xff, 0xff, 0xff, 0xff,
  0xaf, 0x01, 0x04, 0x05, 0xe0, 0x06, 0x07, 0x01, 0xff, 0xff, 0xff, 0xff, 0xff, 0xff, 0xff, 0xff, 0xff, 0xff, 0xff, 0xff, 0xff, 0xcf, 0x01, 0x05,
  0x02, 0x90, 0x02, 0x15, 0x01, 0xff, 0xff, 0xff, 0xff, 0xff, 0xff, 0xff, 0x1f, 0xff, 0xff, 0xff, 0xff, 0xff, 0xff, 0xef, 0x01, 0x02, 0x80, 0x05,
  0xff, 0xff, 0xff, 0xff, 0xff, 0xff, 0xff, 0x4f, 0xff, 0xff, 0xff, 0xff, 0xff, 0xff, 0xff, 0x07, 0x84, 0x01, 0xff, 0xff, 0xff, 0xff, 0xff, 0xff,
  0xff, 0x4f, 0xff, 0xff, 0xff, 0xff, 0xff, 0xff, 0xff, 0xff, 0xff, 0xff, 0xff, 0xff, 0xff, 0xff, 0xff, 0xff, 0xff, 0xff, 0xff, 0xff, 0xff, 0xff,
  0xff, 0xff, 0xff, 0xff, 0xff, 0xff, 0xff, 0xff,
};

static const uint16_t FACE_05_PALETTE[16] PROGMEM = {
  0x269f, 0x0084, 0x0d7b, 0xf7bf, 0x0b72, 0x0a8d, 0x1475, 0x0189, 0x471f, 0x9516, 0x4aee, 0x7433, 0x5b91, 0xadb8, 0xbe7b, 0x0000
};
static const uint8_t FACE_05_RUNS[] PROGMEM = {
  0xff, 0xff, 0xff, 0xff, 0xff, 0xff, 0xff, 0xff, 0xff, 0xff, 0xff, 0xff, 0xff, 0xff, 0xff, 0xff, 0xff, 0xff, 0xff, 0xff, 0xff, 0xff, 0xff, 0xff,
  0xff, 0xff, 0xff, 0xff, 0xff, 0xff, 0xff, 0xff, 0xff, 0xff, 0xff, 0xff, 0xff, 0xff, 0xff, 0xff, 0xff, 0xff, 0xff, 0xff, 0xff, 0xff, 0xff, 0xff,
  0xff, 0xff, 0xff, 0xff, 0xff, 0xff, 0xff, 0xff, 0xff, 0xff, 0xff, 0xff, 0xff, 0xff, 0xff, 0xff, 0xff, 0xff, 0xff, 0xff, 0xff, 0xff, 0xff, 0xff,
  0xff, 0xff, 0xff, 0xff, 0xff, 0xff, 0xff, 0xff, 0xff, 0xff, 0xff, 0xff, 0xff, 0xff, 0xff, 0xff, 0xff, 0xff, 0xff, 0xff, 0xff, 0xff, 0xff, 0xff,
  0xff, 0xff, 0xff, 0xff, 0xff, 0xff, 0xff, 0xff, 0xff, 0xff, 0xff, 0xff, 0xff, 0xff, 0xff, 0xff, 0xff, 0xff, 0xff, 0xff, 0xff, 0xff, 0xff, 0xff,
  0xff, 0xff, 0xff, 0xff, 0xff, 0xff, 0xff, 0xff, 0xff, 0xff, 0xff, 0xff, 0xff, 0xff, 0xff, 0xff, 0xff, 0xff, 0xff, 0xff, 0xff, 0xff, 0xff, 0xff,
  0xff, 0xff, 0xff, 0xff, 0xff, 0xff, 0xff, 0xff, 0xff, 0xff, 0xff, 0xff, 0xff, 0xff, 0xff, 0xff, 0xff, 0xff, 0xff, 0xff, 0xff, 0xff, 0xff, 0xff,
  0xff, 0xff, 0xff, 0xff, 0xff, 0xff, 0xff, 0xff, 0xff, 0xff, 0xff, 0xff, 0xff, 0xff, 0xff, 0xff, 0xff, 0xff, 0xff, 0xff, 0xff, 0xff, 0xff, 0xff,
  0xff, 0xff, 0xff, 0xff, 0xff, 0xff, 0xff, 0xff, 0xff, 0xff, 0xff, 0xff, 0xff, 0xff, 0xff, 0xff, 0xff, 0xff, 0xff, 0xff, 0xff, 0xff, 0xff, 0xff,
  0xff, 0xff, 0xff, 0xff, 0xff, 0xff, 0xff, 0xff, 0xff, 0xff, 0xff, 0xff, 0xff, 0xff, 0xff, 0xff, 0xff, 0xff, 0xff, 0xff, 0xff, 0xff, 0xff, 0xff,
  0xff, 0xff, 0xff, 0xff, 0xff, 0xff, 0xff, 0xff, 0xff, 0xff, 0xff, 0xff, 0xff, 0xff, 0xff, 0xff, 0xff, 0xff, 0xff, 0xff, 0xff, 0xff, 0xff, 0xff,
  0xff, 0xff, 0xff, 0xff, 0xff, 0xff, 0xff, 0xff, 0xff, 0xff, 0xff, 0xff, 0xff, 0xff, 0xff, 0xff, 0xff, 0xff, 0xff, 0xff, 0xff, 0xff, 0xff, 0xff,
  0xff, 0xff, 0xff, 0xff, 0xff, 0xff, 0xff, 0xff, 0xff, 0xff, 0xff, 0xff, 0xff, 0xff, 0xff, 0xff, 0xff, 0xff, 0xff, 0xff, 0xff, 0xff, 0xff, 0xff,
  0xff, 0xff, 0xff, 0xff, 0xff, 0xff, 0xff, 0xff, 0xff, 0xff, 0xff, 0xff, 0xff, 0xff, 0xff, 0xff, 0xff, 0xff, 0xff, 0xff, 0xff, 0xff, 0xff, 0xff,
  0xff, 0xff, 0xff, 0xff, 0xff, 0xff, 0xff, 0xff, 0xff, 0xff, 0xff, 0xff, 0xff, 0xff, 0xff, 0xff, 0xff, 0xff, 0xff, 0xff, 0xff, 0xff, 0xff, 0xff,
  0xff, 0xff, 0xff, 0xff, 0xff, 0xff, 0xff, 0xff, 0xff, 0xff, 0xff, 0xff, 0xff, 0xff, 0xff, 0xff, 0xff, 0xff, 0xff, 0xff, 0xff, 0xff, 0xff, 0xff,
  0xff, 0xff, 0xff, 0xff, 0xff, 0xff, 0xff, 0xff, 0xff, 0xff, 0xff, 0xff, 0xff, 0xff, 0xff, 0xff, 0xff, 0xff, 0xff, 0xff, 0xff, 0xff, 0xff, 0xff,
  0xff, 0xff, 0xff, 0xff, 0xff, 0xff, 0xff, 0xff, 0xff, 0xff, 0xff, 0xff, 0xff, 0xff, 0xff, 0xff, 0xff, 0xff, 0xff, 0xff, 0xff, 0xff, 0xff, 0xff,
  0xff, 0xff, 0xff, 0xff, 0xff, 0xff, 0xff, 0xff, 0xff, 0xff, 0xff, 0xff, 0xff, 0xff, 0xff, 0xff, 0xff, 0xff, 0xff, 0xff, 0xff, 0xff, 0xff, 0xff,
  0xff, 0xff, 0xff, 0xff, 0xff, 0xff, 0xff, 0xff, 0xff, 0xff, 0xff, 0xff, 0xff, 0xff, 0xff, 0xff, 0xff, 0xff, 0xff, 0xff, 0xff, 0xff, 0xff, 0xff,
  0xff, 0xff, 0xff, 0xff, 0xff, 0xff, 0xff, 0xff, 0xff, 0xff, 0xff, 0xff, 0xff, 0xff, 0xff, 0xff, 0xff, 0xff, 0xff, 0xff, 0xff, 0xff, 0xff, 0xff,
  0xff, 0xff, 0xff, 0xff, 0xff, 0xff, 0xff, 0xff, 0xff, 0xff, 0xff, 0xff, 0xff, 0xff, 0xff, 0xff, 0xff, 0xff, 0xff, 0xff, 0xff, 0xff, 0xff, 0xff,
  0xff, 0xff, 0xff, 0xff, 0xff, 0xff, 0xff, 0xff, 0xff, 0xff, 0xff, 0xff, 0xff, 0xff, 0xff, 0x7f, 0x07, 0x54, 0x45, 0x04, 0x05, 0x04, 0x05, 0xff,
  0xff, 0xff, 0xff, 0xff, 0xff, 0xff, 0xff, 0xff, 0xff, 0x7f, 0xff, 0xff, 0xff, 0x3f, 0x11, 0x0f, 0x01, 0x06, 0xd0, 0x02, 0x05, 0x01, 0x17, 0x01,
  0xff, 0xff, 0xff, 0xff, 0xff, 0xff, 0xff, 0xff, 0xff, 0xff, 0x2f, 0xff, 0xff, 0xff, 0x2f, 0x01, 0x42, 0x00, 0x02, 0x20, 0x72, 0x10, 0x32, 0x05,
  0xff, 0xff, 0xff, 0xff, 0xff, 0xff, 0xff, 0xff, 0xff, 0xff, 0x2f, 0xff, 0xff, 0xff, 0x01, 0x15, 0x04, 0x90, 0x62, 0x60, 0x02, 0x04, 0x05, 0xff,
  0xff, 0xff, 0xff, 0xff, 0xff, 0xff, 0xff, 0xff, 0xff, 0x0f, 0xff, 0xff, 0xdf, 0x11, 0x04, 0x30, 0x12, 0x70, 0x52, 0x30, 0x02, 0x30, 0x02, 0x01,
  0xff, 0xff, 0xff, 0xff, 0xff, 0xff, 0xff, 0xff, 0xff, 0xff, 0xff, 0xff, 0xdf, 0x04, 0x12, 0xd0, 0x42, 0x90, 0x12, 0x05, 0xff, 0xff, 0xff, 0xff,
  0xff, 0xff, 0xff, 0xff, 0xff, 0xef, 0xff, 0xff, 0xbf, 0x05, 0x04, 0x02, 0xf0, 0x10, 0x22, 0xb0, 0x06, 0xff, 0xff, 0xff, 0xff, 0xff, 0xff, 0xff,
  0xff, 0xff, 0xef, 0xff, 0xff, 0xaf, 0x07, 0xf0, 0x30, 0x32, 0x90, 0x02, 0x00, 0x04, 0xff, 0xff, 0xff, 0xff, 0xff, 0xff, 0xff, 0xff, 0xff, 0xef,
  0xff, 0xff, 0x8f, 0x01, 0x04, 0x02, 0x00, 0x02, 0xf0, 0xf0, 0x10, 0x04, 0xff, 0xff, 0xff, 0xff, 0xff, 0xff, 0xff, 0xff, 0xff, 0xef, 0xff, 0xff,
  0x8f, 0x04, 0x10, 0x02, 0x80, 0x02, 0xf0, 0x00, 0x22, 0x20, 0x02, 0x00, 0x04, 0xff, 0xff, 0xff, 0xff, 0xff, 0x2f, 0xd1, 0x07, 0x01, 0xff, 0xff,
  0xff, 0xbf, 0xff, 0xff, 0x7f, 0x05, 0x02, 0x00, 0x02, 0x80, 0x02, 0x30, 0x02, 0xb4, 0x02, 0x10, 0x42, 0x00, 0x06, 0xff, 0xff, 0xff, 0xff, 0xef,
  0x11, 0x0f, 0x01, 0x02, 0x00, 0xb2, 0x00, 0x02, 0x01, 0xff, 0xff, 0xff, 0xaf, 0xff, 0xff, 0x5f, 0x01, 0x04, 0x02, 0x00, 0x02, 0xa0, 0x32, 0x04,
  0xbf, 0x04, 0x02, 0x06, 0x02, 0x00, 0x02, 0x00, 0x02, 0x04, 0x07, 0xff, 0xff, 0xff, 0xff, 0xdf, 0x05, 0x12, 0x14, 0xf0, 0x44, 0x05, 0xff, 0xff,
  0xff, 0x5f, 0xff, 0xff, 0x5f, 0x05, 0x00, 0x12, 0xb0, 0x04, 0x31, 0xdf, 0x01, 0x06, 0x12, 0x00, 0x02, 0x01, 0xff, 0xff, 0xff, 0xff, 0xbf, 0x11,
  0x05, 0x02, 0xa0, 0x02, 0xc0, 0x02, 0x17, 0x01, 0xff, 0xff, 0xff, 0x2f, 0xff, 0xff, 0x3f, 0x01, 0x05, 0x02, 0xb0, 0x02, 0x14, 0x01, 0xff, 0x2f,
  0x01, 0x37, 0x01, 0xff, 0xff, 0xff, 0xff, 0xaf, 0x01, 0x06, 0x12, 0xf0, 0xa0, 0x02, 0x00, 0x06, 0x11, 0xff, 0xff, 0xff, 0x0f, 0xff, 0xff, 0x3f,
  0x05, 0xc0, 0x02, 0x07, 0x0f, 0x01, 0xff, 0xff, 0xff, 0xff, 0xff, 0xff, 0x3f, 0x05, 0x04, 0xf0, 0xf0, 0x12, 0x06, 0x01, 0xff, 0xff, 0xff, 0xff,
  0xff, 0x2f, 0x01, 0x04, 0x10, 0x02, 0x70, 0x02, 0x04, 0x07, 0x01, 0xff, 0xff, 0xff, 0xff, 0xff, 0xff, 0x4f, 0x01, 0x02, 0xf0, 0xf0, 0x30, 0x04,
  0x05, 0x01, 0xff, 0xff, 0xdf, 0xff, 0xff, 0x1f, 0x01, 0x06, 0x12, 0x70, 0x12, 0x04, 0xff, 0xff, 0xff, 0xff, 0xff, 0xff, 0x6f, 0x05, 0x04, 0xf0,
  0xf0, 0x60, 0x02, 0x01, 0xff, 0xff, 0xcf, 0xff, 0xff, 0x1f, 0x05, 0xa0, 0x04, 0x07, 0x01, 0xff, 0xff, 0xff, 0xff, 0xff, 0xff, 0x5f, 0x01, 0x02,
  0xf0, 0xf0, 0x80, 0x04, 0x01, 0xff, 0xff, 0xbf, 0xff, 0xff, 0x01, 0x05, 0x02, 0x80, 0x12, 0x07, 0xff, 0xff, 0xff, 0xff, 0xff, 0xff, 0x8f, 0x02,
  0xf0, 0xf0, 0x90, 0x06, 0x01, 0xff, 0xff, 0xaf, 0xff, 0xff, 0x01, 0x02, 0x70, 0x22, 0x01, 0xff, 0xff, 0xff, 0xff, 0xff, 0xff, 0x9f, 0x02, 0xa0,
  0xc2, 0xf0, 0x10, 0x02, 0x04, 0x01, 0xff, 0xff, 0x9f, 0xff, 0xff, 0x01, 0x02, 0x00, 0x02, 0x60, 0x02, 0x07, 0xff, 0xff, 0xff, 0xff, 0xff, 0xff,
  0xaf, 0x02, 0xa0, 0x04, 0xb1, 0x02, 0xf0, 0x20, 0x04, 0xff, 0xff, 0x9f, 0xff, 0xff, 0x01, 0x02, 0x00, 0x02, 0x40, 0x12, 0x07, 0xff, 0xff, 0xff,
  0xff, 0xff, 0xff, 0xbf, 0x02, 0x60, 0x02, 0x15, 0x04, 0x07, 0xbf, 0x05, 0x24, 0x05, 0x06, 0xd0, 0x02, 0x04, 0x01, 0xff, 0xff, 0x7f, 0xff, 0xff,
  0x01, 0x02, 0x60, 0x02, 0x01, 0xff, 0xff, 0xff, 0xff, 0xff, 0xff, 0xcf, 0x05, 0x02, 0x30, 0x12, 0x05, 0xff, 0x01, 0x3f, 0x07, 0x02, 0xe0, 0x07,
  0xff, 0xff, 0x7f, 0xff, 0xff, 0x01, 0x06, 0x02, 0x10, 0x02, 0x10, 0x02, 0x05, 0xff, 0xff, 0xff, 0xff, 0xff, 0xff, 0xef, 0x04, 0x30, 0x04, 0x01,
  0xff, 0x5f, 0x01, 0x07, 0x01, 0x05, 0x02, 0xb0, 0x05, 0xff, 0xff, 0x7f, 0xff, 0xff, 0x0f, 0x01, 0x04, 0x40, 0x07, 0xff, 0xff, 0xff, 0xff, 0xff,
  0xff, 0xff, 0x01, 0x05, 0x27, 0x01, 0xff, 0xaf, 0x01, 0x04, 0xa0, 0x05, 0xff, 0xff, 0x7f, 0xff, 0xff, 0x1f, 0x01, 0x44, 0x01, 0xff, 0xff, 0xff,
  0xff, 0xff, 0xff, 0xff, 0xff, 0xff, 0x1f, 0x01, 0x06, 0x02, 0x60, 0x02, 0x00, 0x05, 0xff, 0xff, 0x7f, 0xff, 0xff, 0xff, 0xff, 0xff, 0xff, 0xff,
  0xff, 0xff, 0xff, 0xff, 0xcf, 0x07, 0x02, 0x70, 0x05, 0xff, 0xff, 0x7f, 0xff, 0xff, 0xff, 0xff, 0xff, 0xff, 0xff, 0xff, 0xff, 0xff, 0xff, 0xdf,
  0x05, 0x02, 0x10, 0x12, 0x00, 0x12, 0x05, 0xff, 0xff, 0x7f, 0xff, 0xff, 0xff, 0xff, 0xff, 0xff, 0xff, 0xff, 0xff, 0xff, 0xff, 0xdf, 0x11, 0x02,
  0x30, 0x02, 0x07, 0xff, 0xff, 0x8f, 0xff, 0xff, 0xff, 0xff, 0xff, 0xff, 0xff, 0xff, 0xff, 0xff, 0xff, 0xff, 0x07, 0x34, 0x05, 0xff, 0xff, 0x9f,
  0xff, 0xff, 0xff, 0xff, 0xff, 0xff, 0xff, 0xff, 0xff, 0xff, 0xff, 0xff, 0xff, 0xff, 0xff, 0xff, 0xff, 0xff, 0xff, 0xff, 0xff, 0xff, 0xff, 0xff,
  0xff, 0xff, 0xff, 0xff, 0xff, 0xff, 0xff, 0xff, 0xff, 0xff, 0xff, 0xff, 0xff, 0xff, 0xff, 0xff, 0xff, 0xff, 0xff, 0xff, 0xff, 0xff, 0xff, 0xff,
  0xff, 0xff, 0xff, 0xff, 0xff, 0xff, 0xff, 0xff, 0xff, 0xff, 0xff, 0xff, 0xff, 0xff, 0xff, 0xff, 0xff, 0xff, 0xff, 0xff, 0xff, 0xff, 0xff, 0xff,
  0xff, 0xff, 0xff, 0xff, 0xff, 0xff, 0xff, 0xff, 0xff, 0xff, 0xff, 0xff, 0xff, 0xff, 0xff, 0xff, 0xff, 0xff, 0xff, 0xff, 0xff, 0xff, 0xff, 0xff,
  0xff, 0xff, 0xff, 0xff, 0xff, 0xff, 0xff, 0xff, 0xff, 0xff, 0xff, 0xff, 0xff, 0xff, 0xff, 0xff, 0xff, 0xff, 0xff, 0xff, 0xff, 0xff, 0xff, 0xff,
  0xff, 0xff, 0xff, 0xff, 0xff, 0xff, 0xff, 0xff, 0xff, 0xff, 0xff, 0xff, 0xff, 0xff, 0xff, 0xff, 0xff, 0xff, 0xff, 0xff, 0xff, 0xff, 0xff, 0xff,
  0xff, 0xff, 0xff, 0xff, 0xff, 0xff, 0xff, 0xff, 0xef, 0x11, 0x0f, 0x01, 0xf5, 0x35, 0x1f, 0x11, 0xff, 0xff, 0xff, 0xff, 0xff, 0xff, 0xff, 0xff,
  0xff, 0xff, 0x4f, 0xff, 0xff, 0xff, 0x1f, 0x05, 0xf0, 0x10, 0x08, 0x02, 0xff, 0xff, 0xff, 0xff, 0xff, 0xff, 0xff, 0xff, 0xff, 0xff, 0x8f, 0xff,
  0xff, 0xcf, 0x07, 0x35, 0x02, 0xf0, 0x30, 0x44, 0x01, 0xff, 0xff, 0xff, 0xff, 0xff, 0xff, 0xff, 0xff, 0xff, 0xff, 0x2f, 0xff, 0xff, 0xbf, 0x01,
  0x02, 0x50, 0x48, 0xf0, 0x20, 0x04, 0xff, 0xff, 0xff, 0xff, 0xff, 0xff, 0xff, 0xff, 0xff, 0xff, 0x2f, 0xff, 0xff, 0x9f, 0x15, 0x06, 0xf0, 0xb0,
  0x08, 0x00, 0x08, 0x00, 0x12, 0x01, 0xff, 0xff, 0xff, 0xff, 0xff, 0xff, 0xff, 0xff, 0xff, 0xff, 0xff, 0xff, 0x8f, 0x07, 0x00, 0x08, 0xf0, 0xb0,
  0x28, 0x20, 0x08, 0x04, 0x11, 0xff, 0xff, 0xff, 0xff, 0xff, 0xff, 0xff, 0xff, 0xff, 0xdf, 0xff, 0xff, 0x6f, 0x05, 0x06, 0x02, 0xf0, 0xf0, 0x08,
  0x20, 0x28, 0x04, 0xff, 0xff, 0xff, 0xff, 0xff, 0xff, 0xff, 0xff, 0xff, 0xdf, 0xff, 0xff, 0x3f, 0x01, 0x07, 0x01, 0x06, 0xf0, 0xf0, 0x30, 0x28,
  0x00, 0x08, 0x02, 0x25, 0x01, 0xff, 0xff, 0xff, 0xff, 0xff, 0xff, 0xff, 0xff, 0xff, 0x9f, 0xff, 0xff, 0x3f, 0x05, 0xf0, 0x00, 0x28, 0x20, 0x02,
  0x94, 0x02, 0x80, 0x38, 0x04, 0xff, 0xff, 0xff, 0xff, 0xff, 0xff, 0xff, 0xff, 0xff, 0x9f, 0xff, 0xff, 0x1f, 0x01, 0x04, 0xf0, 0x70, 0x05, 0x0f,
  0x81, 0x07, 0xd0, 0x04, 0x01, 0xff, 0xff, 0xff, 0xff, 0xff, 0xff, 0xff, 0xff, 0xff, 0x7f, 0xff, 0xff, 0x1f, 0x04, 0xf0, 0x20, 0x18, 0x02, 0x15,
  0x04, 0x07, 0x91, 0x07, 0x24, 0x02, 0x80, 0x08, 0x00, 0x04, 0xff, 0xff, 0xff, 0xff, 0xff, 0xff, 0xff, 0xff, 0xff, 0x7f, 0xff, 0xff, 0x01, 0x04,
  0xf0, 0x30, 0x12, 0x04, 0x21, 0x3f, 0xa1, 0x05, 0x02, 0xa0, 0x06, 0x01, 0xff, 0xff, 0xff, 0xff, 0xff, 0xff, 0xff, 0xff, 0xff, 0x5f, 0xff, 0xef,
  0x01, 0x04, 0xf0, 0x30, 0x04, 0x51, 0x7a, 0x07, 0x71, 0x07, 0x02, 0x70, 0x08, 0x00, 0x04, 0x01, 0xff, 0xff, 0xff, 0xff, 0xff, 0xff, 0xff, 0xff,
  0xff, 0x4f, 0xff, 0xdf, 0x01, 0x04, 0xf0, 0x20, 0x02, 0x06, 0x07, 0x41, 0x0c, 0x73, 0x05, 0x81, 0x05, 0x12, 0x40, 0x38, 0x06, 0x01, 0xff, 0xff,
  0xff, 0xff, 0xff, 0xff, 0xff, 0xff, 0xff, 0x3f, 0xff, 0xcf, 0x01, 0x06, 0xf0, 0x20, 0x02, 0x07, 0x41, 0x0c, 0x0b, 0x0d, 0x73, 0x09, 0x0c, 0x07,
  0x81, 0x04, 0x08, 0x30, 0x48, 0x06, 0x07, 0xff, 0xff, 0xff, 0xff, 0xff, 0xef, 0xa1, 0xff, 0xff, 0x8f, 0xff, 0xcf, 0x01, 0x06, 0xf0, 0x20, 0x04,
  0x41, 0x05, 0xc3, 0x07, 0x91, 0x04, 0x02, 0x88, 0x05, 0xff, 0xff, 0xff, 0xff, 0xff, 0xdf, 0x07, 0xa2, 0x01, 0xff, 0xff, 0x7f, 0xff, 0xcf, 0x01,
  0x06, 0xf0, 0x00, 0x02, 0x04, 0x07, 0x21, 0x07, 0x09, 0xd3, 0x09, 0x07, 0x91, 0x04, 0x08, 0x00, 0x58, 0x00, 0x07, 0xff, 0xff, 0xff, 0xff, 0xff,
  0x6f, 0x07, 0x44, 0x05, 0x06, 0xa0, 0x04, 0x01, 0xff, 0xff, 0x6f, 0xff, 0xbf, 0x05, 0x02, 0xf0, 0x00, 0x08, 0x06, 0x41, 0x0a, 0xf3, 0x09, 0x91,
  0x07, 0x04, 0x78, 0x06, 0x01, 0xff, 0xff, 0xff, 0xff, 0xff, 0x0f, 0x41, 0x02, 0xf0, 0x20, 0x02, 0xff, 0xff, 0x6f, 0xff, 0xbf, 0x04, 0xf0, 0x20,
  0x05, 0x21, 0x07, 0x0c, 0x0e, 0xf3, 0x09, 0xb1, 0x06, 0x78, 0x04, 0xff, 0xff, 0xff, 0xff, 0xff, 0x01, 0x04, 0xf0, 0x70, 0x02, 0x01, 0xff, 0xff,
  0x5f, 0xff, 0x9f, 0x01, 0x06, 0xf0, 0x00, 0x08, 0x02, 0x07, 0x41, 0x0e, 0xf3, 0x03, 0x09, 0xb1, 0x07, 0x06, 0x68, 0x00, 0x04, 0xff, 0xff, 0xff,
  0xff, 0xaf, 0x01, 0x04, 0x16, 0x02, 0xf0, 0x80, 0x02, 0x01, 0xff, 0xff, 0x5f, 0xff, 0x9f, 0x01, 0xf0, 0x20, 0x02, 0x31, 0x05, 0x0c, 0xf3, 0x13,
  0x09, 0xc1, 0x07, 0x00, 0x68, 0x06, 0xff, 0xff, 0xff, 0xff, 0x7f, 0x21, 0x04, 0xf0, 0xc0, 0x02, 0x01, 0xff, 0xff, 0x5f, 0xff, 0x9f, 0x01, 0x02,
  0xf0, 0x10, 0x06, 0x31, 0x0d, 0xf3, 0x23, 0x09, 0xd1, 0x02, 0x68, 0x06, 0x01, 0xff, 0xff, 0xff, 0xff, 0x6f, 0x05, 0x00, 0x02, 0xf0, 0xe0, 0x01,
  0xff, 0xff, 0x5f, 0xff, 0x8f, 0x07, 0x04, 0xf0, 0x10, 0x06, 0x07, 0x21, 0x07, 0x0d, 0xf3, 0x23, 0x09, 0xd1, 0x02, 0x48, 0x20, 0x02, 0x07, 0xff,
  0xff, 0xff, 0xff, 0x2f, 0x05, 0x06, 0x04, 0x02, 0xf0, 0xe0, 0x02, 0x04, 0x01, 0xff, 0xff, 0x5f, 0xff, 0x7f, 0x01, 0x02, 0xf0, 0x10, 0x02, 0x07,
  0x31, 0x07, 0x0d, 0xf3, 0x23, 0x09, 0xe1, 0x04, 0x00, 0x08, 0x50, 0x05, 0xff, 0xff, 0xff, 0xff, 0x1f, 0x01, 0x02, 0xf0, 0xf0, 0x02, 0x00, 0x05,
  0xff, 0xff, 0x7f, 0xff, 0x7f, 0x01, 0x02, 0xf0, 0x20, 0x07, 0x41, 0x0d, 0xf3, 0x13, 0x0c, 0x07, 0xe1, 0x07, 0x70, 0x05, 0xff, 0xff, 0xff, 0xef,
  0x01, 0x16, 0x02, 0xf0, 0xf0, 0x00, 0x04, 0x11, 0xff, 0xff, 0x7f, 0xff, 0x7f, 0x01, 0x02, 0xf0, 0x20, 0x07, 0x41, 0x0d, 0xf3, 0x13, 0x05, 0xf1,
  0x07, 0x70, 0x05, 0xff, 0xff, 0xff, 0xcf, 0x11, 0x04, 0xf0, 0xa0, 0x02, 0x46, 0x24, 0x01, 0xff, 0xff, 0x9f, 0xff, 0x8f, 0x06, 0xf0, 0x20, 0x05,
  0x41, 0x09, 0xf3, 0x03, 0x0c, 0x07, 0xf1, 0x07, 0x70, 0x05, 0xff, 0xff, 0xff, 0xbf, 0x01, 0x02, 0xf0, 0xc0, 0x04, 0xff, 0xff, 0xff, 0x2f, 0xff,
  0x6f, 0x11, 0x02, 0xf0, 0x00, 0x02, 0x05, 0x51, 0x09, 0xf3, 0x0b, 0xf1, 0x11, 0x07, 0x06, 0x60, 0x04, 0x11, 0xff, 0xff, 0xff, 0x8f, 0x05, 0x02,
  0xf0, 0x70, 0x06, 0x45, 0x01, 0xff, 0xff, 0xff, 0x2f, 0xff, 0x6f, 0x04, 0xf0, 0x20, 0x04, 0x61, 0x0b, 0xe3, 0x0a, 0xf1, 0x31, 0x0f, 0x04, 0x60,
  0x02, 0x07, 0xff, 0xff, 0xff, 0x6f, 0x07, 0x04, 0xf0, 0x50, 0x32, 0x07, 0xff, 0xff, 0xff, 0x8f, 0xff, 0x5f, 0x01, 0x06, 0xf0, 0x20, 0x04, 0x71,
  0x0a, 0xc3, 0x0a, 0xf1, 0x41, 0x0f, 0x05, 0x70, 0x05, 0xff, 0xff, 0xff, 0x4f, 0x11, 0x06, 0xf0, 0x50, 0x06, 0x31, 0xff, 0xff, 0xff, 0x9f, 0xff,
  0x6f, 0x06, 0xf0, 0x20, 0x04, 0x81, 0x09, 0x0d, 0x83, 0x09, 0x0a, 0xf1, 0x51, 0x0f, 0x04, 0x70, 0x05, 0xff, 0xff, 0xff, 0x4f, 0x06, 0x02, 0xf0,
  0x40, 0x06, 0x05, 0x01, 0x4f, 0x21, 0xff, 0xff, 0xff, 0x5f, 0xff, 0x6f, 0x06, 0xf0, 0x20, 0x04, 0xa1, 0x0d, 0x63, 0x09, 0xf1, 0x71, 0x0f, 0x05,
  0x70, 0x05, 0xff, 0xff, 0xff, 0x2f, 0x07, 0x04, 0xf0, 0x60, 0x04, 0x17, 0x15, 0x01, 0xff, 0xff, 0xff, 0xaf, 0xff, 0x6f, 0x06, 0xf0, 0x20, 0x04,
  0xa1, 0x0a, 0x5b, 0x0c, 0x07, 0xf1, 0x71, 0x0f, 0x05, 0x70, 0x05, 0xff, 0xff, 0xff, 0x1f, 0x01, 0x06, 0xf0, 0xc0, 0x05, 0x61, 0xff, 0xff, 0xff,
  0x3f, 0xff, 0x6f, 0x06, 0xf0, 0x20, 0x04, 0xf1, 0xf1, 0xb1, 0x0f, 0x05, 0x70, 0x05, 0xff, 0xff, 0xff, 0x0f, 0x01, 0x04, 0xf0, 0xe0, 0x12, 0x30,
  0x05, 0xff, 0xff, 0xff, 0x3f, 0xff, 0x6f, 0x06, 0xf0, 0x20, 0x04, 0xf1, 0xf1, 0xb1, 0x0f, 0x05, 0x70, 0x05, 0xff, 0xff, 0xff, 0x0f, 0x06, 0xf0,
  0xf0, 0x50, 0x02, 0x15, 0x04, 0x05, 0xff, 0xff, 0xff, 0xff, 0x6f, 0x06, 0xf0, 0x20, 0x04, 0xf1, 0xf1, 0xb1, 0x0f, 0x05, 0x50, 0x08, 0x00, 0x05,
  0xff, 0xff, 0xef, 0x01, 0x04, 0xf0, 0xf0, 0xb0, 0x07, 0x11, 0xff, 0xff, 0xcf, 0xff, 0x6f, 0x06, 0xf0, 0x20, 0x04, 0xf1, 0xf1, 0xb1, 0x0f, 0x05,
  0x50, 0x08, 0x00, 0x05, 0xff, 0xff, 0xdf, 0x01, 0x02, 0xf0, 0xf0, 0xc0, 0x12, 0x06, 0xff, 0xff, 0xcf, 0xff, 0x6f, 0x06, 0xf0, 0x20, 0x04, 0xf1,
  0xf1, 0xb1, 0x0f, 0x05, 0x50, 0x08, 0x00, 0x05, 0xff, 0xff, 0xdf, 0x01, 0x02, 0xf0, 0xf0, 0xf0, 0x04, 0x05, 0x01, 0xff, 0xff, 0x9f, 0xff, 0x6f,
  0x06, 0xf0, 0x20, 0x04, 0xf1, 0xf1, 0xb1, 0x0f, 0x05, 0x70, 0x05, 0xff, 0xff, 0xcf, 0x01, 0x04, 0xf0, 0xf0, 0xf0, 0x20, 0x04, 0x01, 0xff, 0xff,
  0x8f, 0xff, 0x6f, 0x06, 0xf0, 0x20, 0x04, 0xf1, 0xf1, 0xb1, 0x0f, 0x05, 0x70, 0x05, 0xff, 0xff, 0xbf, 0x01, 0x02, 0xf0, 0xf0, 0xf0, 0x40, 0x02,
  0x04, 0xff, 0xff, 0x7f, 0xff, 0x6f, 0x06, 0xf0, 0x20, 0x04, 0xf1, 0xf1, 0xb1, 0x0f, 0x04, 0x70, 0x05, 0xff, 0xff, 0x9f, 0x11, 0x04, 0xf0, 0xf0,
  0xf0, 0x70, 0x05, 0x01, 0xff, 0xff, 0x5f, 0xff, 0x6f, 0x06, 0xf0, 0x20, 0x05, 0x0f, 0xf1, 0xf1, 0xb1, 0x04, 0x70, 0x05, 0xff, 0xff, 0x9f, 0x01,
  0x02, 0xf0, 0xf0, 0xf0, 0x90, 0x06, 0xff, 0xff, 0x5f, 0xff, 0x6f, 0x06, 0xf0, 0x20, 0x05, 0xf1, 0xf1, 0xb1, 0x0f, 0x05, 0x70, 0x05, 0xff, 0xff,
  0x8f, 0x01, 0x05, 0xf0, 0x50, 0xa2, 0xf0, 0x90, 0x02, 0x07, 0x01, 0xff, 0xff, 0x3f, 0xff, 0x6f, 0x06, 0xf0, 0x20, 0x02, 0x06, 0x07, 0xf1, 0xf1,
  0x91, 0x07, 0x06, 0x70, 0x05, 0xff, 0xff, 0x7f, 0x01, 0x06, 0x02, 0xf0, 0x50, 0x07, 0xa1, 0x07, 0x01, 0x04, 0xf0, 0x60, 0x02, 0x05, 0xff, 0xff,
  0x3f, 0xff, 0x6f, 0x06, 0xf0, 0x40, 0x05, 0xf1, 0xf1, 0x81, 0x07, 0x90, 0x05, 0xff, 0xff, 0x7f, 0x01, 0x02, 0xf0, 0x00, 0x02, 0x34, 0x05, 0x01,
  0xcf, 0x01, 0x34, 0x15, 0x02, 0xf0, 0x00, 0x05, 0xff, 0xff, 0x3f, 0xff, 0x6f, 0x06, 0xf0, 0x40, 0x07, 0xf1, 0xf1, 0x81, 0x05, 0x90, 0x05, 0xff,
  0xff, 0x7f, 0x01, 0x02, 0xf0, 0x02, 0x01, 0x2f, 0x01, 0xff, 0x5f, 0x04, 0x00, 0x12, 0xd0, 0x04, 0xff, 0xff, 0x3f, 0xff, 0x6f, 0x06, 0xf0, 0x40,
  0x07, 0xf1, 0xf1, 0x81, 0x07, 0x90, 0x05, 0xff, 0xff, 0x7f, 0x01, 0x02, 0xb0, 0x02, 0x04, 0x15, 0x07, 0xff, 0xaf, 0x31, 0x05, 0xc0, 0x04, 0xff,
  0xff, 0x3f, 0xff, 0x6f, 0x04, 0xf0, 0x40, 0x04, 0x07, 0xf1, 0xf1, 0x71, 0x05, 0x80, 0x06, 0x01, 0xff, 0xff, 0x7f, 0x01, 0x02, 0x90, 0x02, 0x00,
  0x07, 0xff, 0xff, 0x3f, 0x04, 0x12, 0x90, 0x04, 0xff, 0xff, 0x3f, 0xff, 0x6f, 0x01, 0x05, 0x02, 0xf0, 0x30, 0x06, 0xf1, 0xf1, 0x61, 0x05, 0x02,
  0x70, 0x05, 0x01, 0xff, 0xff, 0x8f, 0x01, 0x02, 0x80, 0x06, 0x11, 0xff, 0xff, 0x4f, 0x21, 0x90, 0x04, 0xff, 0xff, 0x3f, 0xff, 0x7f, 0x01, 0x06,
  0xf0, 0x30, 0x06, 0xf1, 0xf1, 0x61, 0x02, 0x80, 0x05, 0xff, 0xff, 0xaf, 0x07, 0x06, 0x50, 0x02, 0x05, 0x01, 0xff, 0xff, 0x9f, 0x15, 0x02, 0x50,
  0x04, 0x01, 0xff, 0xff, 0x3f, 0xff, 0x7f, 0x01, 0x02, 0xf0, 0x30, 0x02, 0x04, 0xf1, 0xf1, 0x41, 0x07, 0x02, 0x80, 0x05, 0xff, 0xff, 0xbf, 0x07,
  0x52, 0x05, 0xff, 0xff, 0xdf, 0x04, 0x42, 0x06, 0xff, 0xff, 0x5f, 0xff, 0x7f, 0x01, 0x06, 0xf0, 0x50, 0x07, 0xf1, 0xf1, 0x31, 0x02, 0x90, 0x05,
  0xff, 0xff, 0xbf, 0x71, 0xff, 0xff, 0xdf, 0x61, 0xff, 0xff, 0x5f, 0xff, 0x7f, 0x01, 0x06, 0xf0, 0x50, 0x05, 0xf1, 0xf1, 0x21, 0x07, 0xa0, 0x07,
  0xff, 0xff, 0xff, 0xff, 0xff, 0xff, 0xff, 0xff, 0xef, 0xff, 0x8f, 0x04, 0xf0, 0x50, 0x02, 0x05, 0xf1, 0xf1, 0x01, 0x05, 0x02, 0x80, 0x02, 0x05,
  0x01, 0xff, 0xff, 0xff, 0xff, 0xff, 0xff, 0xff, 0xff, 0xef, 0xff, 0x9f, 0x07, 0xf0, 0x50, 0x06, 0xf1, 0xf1, 0x01, 0x04, 0x90, 0x04, 0xff, 0xff,
  0xff, 0xff, 0xff, 0xff, 0xff, 0xff, 0xff, 0x0f, 0xff, 0x9f, 0x01, 0xf0, 0x50, 0x12, 0x05, 0xf1, 0xc1, 0x05, 0x06, 0x02, 0x90, 0x04, 0xff, 0xff,
  0xff, 0xff, 0xff, 0xff, 0xff, 0xff, 0xff, 0x0f, 0xff, 0x9f, 0x01, 0x06, 0xf0, 0x60, 0x02, 0x07, 0xf1, 0xb1, 0x06, 0xa0, 0x06, 0x05, 0xff, 0xff,
  0xff, 0xff, 0xff, 0xff, 0xff, 0xff, 0xff, 0x0f, 0xff, 0xaf, 0x01, 0x06, 0xf0, 0x60, 0x02, 0x06, 0xf1, 0x61, 0x0f, 0x01, 0x04, 0x06, 0xb0, 0x07,
  0xff, 0xff, 0xff, 0xff, 0xff, 0xff, 0xff, 0xff, 0xff, 0x1f, 0xff, 0xbf, 0x04, 0xf0, 0x80, 0x04, 0x17, 0xf1, 0x41, 0x07, 0x02, 0xb0, 0x04, 0x01,
  0xff, 0xff, 0xff, 0xff, 0xff, 0xff, 0xff, 0xff, 0xff, 0x1f, 0xff, 0xbf, 0x01, 0x05, 0xf0, 0x90, 0x04, 0x01, 0x0f, 0xe1, 0x1f, 0x07, 0x12, 0xb0,
  0x05, 0x01, 0xff, 0xff, 0xff, 0xff, 0xff, 0xff, 0xff, 0xff, 0xff, 0x2f, 0xff, 0xcf, 0x01, 0xf0, 0x90, 0x02, 0x24, 0x07, 0xa1, 0x07, 0x24, 0x02,
  0xd0, 0x05, 0xff, 0xff, 0xff, 0xff, 0xff, 0xff, 0xff, 0xff, 0xff, 0x3f, 0xff, 0xcf, 0x07, 0xf0, 0xd0, 0x04, 0x01, 0x0f, 0x81, 0x04, 0xf0, 0x10,
  0x05, 0xff, 0xff, 0xff, 0xff, 0xff, 0xff, 0xff, 0xff, 0xff, 0x3f, 0xff, 0xcf, 0x01, 0x05, 0x02, 0xf0, 0xb0, 0x02, 0x04, 0x66, 0x02, 0x16, 0x02,
  0xf0, 0x06, 0x01, 0xff, 0xff, 0xff, 0xff, 0xff, 0xff, 0xff, 0xff, 0xff, 0x4f, 0xff, 0xef, 0x05, 0xf0, 0xf0, 0xf0, 0x80, 0x01, 0xff, 0xff, 0xff,
  0xff, 0xff, 0xff, 0xff, 0xff, 0xff, 0x5f, 0xff, 0xff, 0x05, 0x02, 0xf0, 0xf0, 0xf0, 0x40, 0x06, 0x07, 0x01, 0xff, 0xff, 0xff, 0xff, 0xff, 0xff,
  0xff, 0xff, 0xff, 0x5f, 0xff, 0xff, 0x0f, 0x05, 0xf0, 0xf0, 0xf0, 0x30, 0x02, 0x01, 0xff, 0xff, 0xff, 0xff, 0xff, 0xff, 0xff, 0xff, 0xff, 0x7f,
  0xff, 0xff, 0x1f, 0x05, 0x02, 0xf0, 0xf0, 0xf0, 0x00, 0x02, 0x05, 0xff, 0xff, 0xff, 0xff, 0xff, 0xff, 0xff, 0xff, 0xff, 0x8f, 0xff, 0xff, 0x2f,
  0x05, 0xf0, 0xf0, 0xf0, 0x02, 0x01, 0xff, 0xff, 0xff, 0xff, 0xff, 0xff, 0xff, 0xff, 0xff, 0x9f, 0xff, 0xff, 0x2f, 0x01, 0x15, 0x04, 0xf0, 0xf0,
  0x90, 0x02, 0x05, 0x04, 0x05, 0xff, 0xff, 0xff, 0xff, 0xff, 0xff, 0xff, 0xff, 0xff, 0xaf, 0xff, 0xff, 0x5f, 0x01, 0x02, 0xf0, 0xf0, 0x80, 0x05,
  0xff, 0xff, 0xff, 0xff, 0xff, 0xff, 0xff, 0xff, 0xff, 0xdf, 0xff, 0xff, 0x5f, 0x01, 0x17, 0x04, 0xf0, 0xf0, 0x40, 0x04, 0x05, 0x01, 0xff, 0xff,
  0xff, 0xff, 0xff, 0xff, 0xff, 0xff, 0xff, 0xdf, 0xff, 0xff, 0x8f, 0x01, 0x16, 0x02, 0xf0, 0xe0, 0x02, 0x06, 0x04, 0x01, 0xff, 0xff, 0xff, 0xff,
  0xff, 0xff, 0xff, 0xff, 0xff, 0xff, 0xff, 0xff, 0x9f, 0x11, 0x04, 0xf0, 0xe0, 0x07, 0x0f, 0x01, 0xff, 0xff, 0xff, 0xff, 0x4f, 0x01, 0x46, 0x05,
  0xff, 0xff, 0xff, 0xff, 0xff, 0x4f, 0xff, 0xff, 0xbf, 0x01, 0x24, 0x16, 0xf0, 0x30, 0x06, 0x25, 0x04, 0x05, 0x01, 0xff, 0xff, 0xff, 0xff, 0x5f,
  0x01, 0x04, 0x40, 0x02, 0x07, 0x01, 0xff, 0xff, 0xff, 0xff, 0xff, 0x2f, 0xff, 0xff, 0xff, 0x0f, 0x01, 0x02, 0xf0, 0x20, 0x05, 0xff, 0xff, 0xff,
  0xff, 0xaf, 0x01, 0x06, 0x02, 0x50, 0x02, 0x07, 0xff, 0xff, 0xff, 0xff, 0xff, 0x2f, 0xff, 0xff, 0xff, 0x1f, 0x05, 0xf6, 0x26, 0x01, 0xff, 0xff,
  0xff, 0xff, 0xaf, 0x07, 0x80, 0x07, 0xff, 0xff, 0xff, 0xff, 0xff, 0x2f, 0xff, 0xff, 0xff, 0x2f, 0x51, 0x0f, 0x11, 0x8f, 0x01, 0xff, 0xff, 0xff,
  0xff, 0xaf, 0x05, 0x02, 0x80, 0x07, 0xff, 0xff, 0xff, 0xff, 0xff, 0x2f, 0xff, 0xff, 0xff, 0xff, 0xff, 0xff, 0xff, 0xff, 0xff, 0x07, 0x02, 0x80,
  0x02, 0x07, 0xff, 0xff, 0xff, 0xff, 0xff, 0x2f, 0xff, 0xff, 0xff, 0xff, 0xff, 0xff, 0xff, 0xff, 0xef, 0x07, 0x02, 0xa0, 0x05, 0xff, 0xff, 0xff,
  0xff, 0xff, 0x2f, 0xff, 0xff, 0xff, 0xff, 0xff, 0xff, 0xff, 0xff, 0xdf, 0x01, 0x06, 0x90, 0x02, 0x04, 0x01, 0xff, 0xff, 0xff, 0xff, 0xff, 0x2f,
  0xff, 0xff, 0xff, 0xff, 0xff, 0xff, 0xff, 0xff, 0xcf, 0x05, 0xb0, 0x02, 0xff, 0xff, 0xff, 0xff, 0xff, 0x4f, 0xff, 0xff, 0xff, 0xff, 0xff, 0xff,
  0xff, 0xff, 0xaf, 0x11, 0x06, 0xa0, 0x02, 0x05, 0xff, 0xff, 0xff, 0xff, 0xff, 0x4f, 0xff, 0xff, 0xff, 0xff, 0xff, 0xff, 0xff, 0xff, 0xaf, 0x04,
  0xc0, 0x07, 0xff, 0xff, 0xff, 0xff, 0xff, 0x5f, 0xff, 0xff, 0xff, 0xff, 0xff, 0xff, 0xff, 0xff, 0x8f, 0x01, 0x05, 0x02, 0xb0, 0x02, 0x01, 0xff,
  0xff, 0xff, 0xff, 0xff, 0x5f, 0xff, 0xff, 0xff, 0xff, 0xff, 0xcf, 0x01, 0x17, 0x41, 0xff, 0xff, 0x2f, 0x07, 0x06, 0xc0, 0x02, 0x07, 0x01, 0xff,
  0xff, 0xff, 0xff, 0xff, 0x5f, 0xff, 0xff, 0xff, 0xff, 0xff, 0xcf, 0x05, 0x00, 0x42, 0x05, 0xff, 0xff, 0x0f, 0x15, 0x02, 0xc0, 0x02, 0x05, 0xff,
  0xff, 0xff, 0xff, 0xff, 0x7f, 0xff, 0xff, 0xff, 0xff, 0xff, 0xbf, 0x01, 0x06, 0x50, 0x02, 0x15, 0xff, 0xdf, 0x05, 0xf0, 0x04, 0xff, 0xff, 0xff,
  0xff, 0xff, 0x8f, 0xff, 0xff, 0xff, 0xff, 0xff, 0xaf, 0x01, 0x02, 0x80, 0x02, 0x05, 0x17, 0xff, 0x7f, 0x04, 0x16, 0x02, 0xe0, 0x05, 0x01, 0xff,
  0xff, 0xff, 0xff, 0xff, 0x8f, 0xff, 0xff, 0xff, 0xff, 0xff, 0xaf, 0x01, 0xa0, 0x02, 0x00, 0x02, 0x07, 0x11, 0x07, 0x01, 0xdf, 0x01, 0x17, 0x01,
  0x05, 0xf0, 0x00, 0x02, 0x04, 0x01, 0xff, 0xff, 0xff, 0xff, 0xff, 0x9f, 0xff, 0xff, 0xff, 0xff, 0xff, 0xaf, 0x01, 0xd0, 0x22, 0x00, 0x02, 0x07,
  0xa1, 0x0f, 0x01, 0x02, 0xf0, 0x40, 0x07, 0xff, 0xff, 0xff, 0xff, 0xff, 0xbf, 0xff, 0xff, 0xff, 0xff, 0xff, 0xaf, 0x01, 0x02, 0xf0, 0x10, 0x02,
  0x06, 0x32, 0x56, 0x04, 0x06, 0xf0, 0x30, 0x06, 0x05, 0xff, 0xff, 0xff, 0xff, 0xff, 0xcf, 0xff, 0xff, 0xff, 0xff, 0xff, 0xaf, 0x01, 0xf0, 0xf0,
  0xf0, 0x40, 0x01, 0xff, 0xff, 0xff, 0xff, 0xff, 0xdf, 0xff, 0xff, 0xff, 0xff, 0xff, 0xaf, 0x01, 0x06, 0x02, 0xf0, 0xf0, 0xf0, 0x00, 0x04, 0x07,
  0xff, 0xff, 0xff, 0xff, 0xff, 0xef, 0xff, 0xff, 0xff, 0xff, 0xff, 0xcf, 0x05, 0xf0, 0xf0, 0xe0, 0x02, 0x05, 0xff, 0xff, 0xff, 0xff, 0xff, 0xff,
  0x0f, 0xff, 0xff, 0xff, 0xff, 0xff, 0xcf, 0x01, 0x06, 0x02, 0xf0, 0xf0, 0x90, 0x22, 0x07, 0xff, 0xff, 0xff, 0xff, 0xff, 0xff, 0x1f, 0xff, 0xff,
  0xff, 0xff, 0xff, 0xdf, 0x01, 0x07, 0x02, 0xf0, 0xf0, 0x80, 0x04, 0x11, 0xff, 0xff, 0xff, 0xff, 0xff, 0xff, 0x2f, 0xff, 0xff, 0xff, 0xff, 0xff,
  0xff, 0x05, 0x04, 0x02, 0xf0, 0xf0, 0x40, 0x02, 0x05, 0x01, 0xff, 0xff, 0xff, 0xff, 0xff, 0xff, 0x4f, 0xff, 0xff, 0xff, 0xff, 0xff, 0xff, 0x1f,
  0x01, 0x22, 0xf0, 0xe0, 0x16, 0x02, 0x05, 0xff, 0xff, 0xff, 0xff, 0xff, 0xff, 0x6f, 0xff, 0xff, 0xff, 0xff, 0xff, 0xff, 0x2f, 0x21, 0x04, 0xf0,
  0xc0, 0x02, 0x01, 0x0f, 0x01, 0xff, 0xff, 0xff, 0xff, 0xff, 0xff, 0x7f, 0xff, 0xff, 0xff, 0xff, 0xff, 0xff, 0x5f, 0x01, 0x15, 0x24, 0x02, 0xf0,
  0x10, 0x45, 0x01, 0xff, 0xff, 0xff, 0xff, 0xff, 0xff, 0xaf, 0xff, 0xff, 0xff, 0xff, 0xff, 0xff, 0xbf, 0x05, 0xf2, 0x02, 0x06, 0xff, 0xff, 0xff,
  0xff, 0xff, 0xff, 0xff, 0x0f, 0xff, 0xff, 0xff, 0xff, 0xff, 0xff, 0xbf, 0xf1, 0x21, 0xff, 0xff, 0xff, 0xff, 0xff, 0xff, 0xff, 0x0f, 0xff, 0xff,
  0xff, 0xff, 0xff, 0xff, 0xff, 0xff, 0xff, 0xff, 0xff, 0xff, 0xff, 0xff, 0xff, 0xff, 0xff, 0xff, 0xff, 0xff, 0xff, 0xff, 0xff, 0xff, 0xff, 0xff,
  0xff, 0xff, 0xff, 0xff, 0xff, 0xff, 0xff, 0xff, 0xff, 0xff, 0xff, 0xff, 0xff, 0xff, 0xff, 0xff, 0xff, 0xff, 0xff, 0xff, 0xff, 0xff, 0xff, 0xff,
  0xff, 0xff, 0xff, 0xff, 0xff, 0xff, 0xff, 0xff, 0xff, 0xff, 0xff, 0xff, 0xff, 0xff, 0xff, 0xff, 0xff, 0xff, 0xff, 0xff, 0xff, 0xff, 0xff, 0xff,
  0xff, 0xff, 0xff, 0xff, 0xff, 0xff, 0xff, 0xff, 0xff, 0xff, 0xff, 0xff, 0xff, 0xff, 0xff, 0xff, 0xff, 0xff, 0xff, 0xff, 0xff, 0xff, 0xff, 0xff,
  0xff, 0xff, 0xff, 0xff, 0xff, 0xff, 0xff, 0xff, 0xff, 0xff, 0xff, 0xff, 0xff, 0xff, 0xff, 0xff, 0xff, 0xff, 0xff, 0xff, 0xff, 0xff, 0xff, 0xff,
  0xff, 0xff, 0xff, 0xff, 0xff, 0xff, 0xff, 0xff, 0xff, 0xff, 0xff, 0xff, 0xff, 0xff, 0xff, 0xff, 0xff, 0xff, 0xff, 0xff, 0xff, 0xff, 0xff, 0xff,
  0xff, 0xff, 0xff, 0xff, 0xff, 0xff, 0xff, 0xff, 0xff, 0xff, 0xff, 0xff, 0xff, 0xff, 0xff, 0xff, 0xff, 0xff, 0xff, 0xff, 0xff, 0xff, 0xff, 0xff,
  0xff, 0xff, 0xff, 0xff, 0xff, 0xff, 0xff, 0xff, 0xff, 0xff, 0xff, 0xff, 0xff, 0xff, 0xff, 0xff, 0xff, 0xff, 0xff, 0xff, 0xff, 0xff, 0xff, 0xff,
  0xff, 0xff, 0xff, 0xff, 0xff, 0xff, 0xff, 0xff, 0xff, 0xff, 0xff, 0xff, 0xff, 0xff, 0xff, 0xff, 0xff, 0xff, 0xff, 0xff, 0xff, 0xff, 0xff, 0xff,
  0xff, 0xff, 0xff, 0xff, 0xff, 0xff, 0xff, 0xff, 0xff, 0xff, 0xff, 0xff, 0xff, 0xff, 0xff, 0xff, 0xff, 0xff, 0xff, 0xff, 0xff, 0xff, 0xff, 0xff,
  0xff, 0xff, 0xff, 0xff, 0xff, 0xff, 0xff, 0xff, 0xff, 0xff, 0xff, 0xff, 0xff, 0xff, 0xff, 0xff, 0xff, 0xff, 0xff, 0xff, 0xff, 0xff, 0xff, 0xff,
  0xff, 0xff, 0xff, 0xff, 0xff, 0xff, 0xff, 0xff, 0xff, 0xff, 0xff, 0xff, 0xff, 0xff, 0xff, 0xff, 0xff, 0xff, 0xff, 0xff, 0xff, 0xff, 0xff, 0xff,
  0xff, 0xff, 0xff, 0xff, 0xff, 0xff, 0xff, 0xff, 0xff, 0xff, 0xff, 0xff, 0xff, 0xff, 0xff, 0xff, 0xff, 0xff, 0xff, 0xff, 0xff, 0xff, 0xff, 0xff,
  0xff, 0xff, 0xff, 0xff, 0xff, 0xff, 0xff, 0xff, 0xff, 0xff, 0xff, 0xff, 0xff, 0xff, 0xff, 0xff, 0xff, 0xff, 0xff, 0xff, 0xff, 0xff, 0xff, 0xff,
  0xff, 0xff, 0xff, 0xff, 0xff, 0xff, 0xff, 0xff, 0xff, 0xff, 0xff, 0xff, 0xff, 0xff, 0xff, 0xff, 0xff, 0xff, 0xff, 0xff, 0xff, 0xff,
};

static const uint16_t FACE_06_PALETTE[16] PROGMEM = {
  0x26bf, 0x0084, 0xf7bf, 0x0aad, 0x1495, 0x1d7a, 0x0b72, 0x0189, 0x4ace, 0xadb8, 0x94f6, 0x63b1, 0x7453, 0xbe3a, 0x473f, 0x0000
};
static const uint8_t FACE_06_RUNS[] PROGMEM = {
  0xff, 0xff, 0xff, 0xff, 0xff, 0xff, 0xff, 0xff, 0xff, 0xff, 0xff, 0xff, 0xff, 0xff, 0xff, 0xff, 0xff, 0xff, 0xff, 0xff, 0xff, 0xff, 0xff, 0xff,
  0xff, 0xff, 0xff, 0xff, 0xff, 0xff, 0xff, 0xff, 0xff, 0xff, 0xff, 0xff, 0xff, 0xff, 0xff, 0xff, 0xff, 0xff, 0xff, 0xff, 0xff, 0xff, 0xff, 0xff,
  0xff, 0xff, 0xff, 0xff, 0xff, 0xff, 0xff, 0xff, 0xff, 0xff, 0xff, 0xff, 0xff, 0xff, 0xff, 0xff, 0xff, 0xff, 0xff, 0xff, 0xff, 0xff, 0xff, 0xff,
  0xff, 0xff, 0xff, 0xff, 0xff, 0xff, 0xff, 0xff, 0xff, 0xff, 0xff, 0xff, 0xff, 0xff, 0xff, 0xff, 0xff, 0xff, 0xff, 0xff, 0xff, 0xff, 0xff, 0xff,
  0xff, 0xff, 0xff, 0xff, 0xff, 0xff, 0xff, 0xff, 0xff, 0xff, 0xff, 0xff, 0xff, 0xff, 0xff, 0xff, 0xff, 0xff, 0xff, 0xff, 0xff, 0xff, 0xff, 0xff,
  0xff, 0xff, 0xff, 0xff, 0xff, 0xff, 0xff, 0xff, 0xff, 0xff, 0xff, 0xff, 0xff, 0xff, 0xff, 0xff, 0xff, 0xff, 0xff, 0xff, 0xff, 0xff, 0xff, 0xff,
  0xff, 0xff, 0xff, 0xff, 0xff, 0xff, 0xff, 0xff, 0xff, 0xff, 0xff, 0xff, 0xff, 0xff, 0xff, 0xff, 0xff, 0xff, 0xff, 0xff, 0xff, 0xff, 0xff, 0xff,
  0xff, 0xff, 0xff, 0xff, 0xff, 0xff, 0xff, 0xff, 0xff, 0xff, 0xff, 0xff, 0xff, 0xff, 0xff, 0xff, 0xff, 0xff, 0xff, 0xff, 0xff, 0xff, 0xff, 0xff,
  0xff, 0xff, 0xff, 0xff, 0xff, 0xff, 0xff, 0xff, 0xff, 0xff, 0xff, 0xff, 0xff, 0xff, 0xff, 0xff, 0xff, 0xff, 0xff, 0xff, 0xff, 0xff, 0xff, 0xff,
  0xff, 0xff, 0xff, 0xff, 0xff, 0xff, 0xff, 0xff, 0xff, 0xff, 0xff, 0xff, 0xff, 0xff, 0xff, 0xff, 0xff, 0xff, 0xff, 0xff, 0xff, 0xff, 0xff, 0xff,
  0xff, 0xff, 0xff, 0xff, 0xff, 0xff, 0xff, 0xff, 0xff, 0xff, 0xff, 0xff, 0xff, 0xff, 0xff, 0xff, 0xff, 0xff, 0xff, 0xff, 0xff, 0xff, 0xff, 0xff,
  0xff, 0xff, 0xff, 0xff, 0xff, 0xff, 0xff, 0xff, 0xff, 0xff, 0xff, 0xff, 0xff, 0xff, 0xff, 0xff, 0xff, 0xff, 0xff, 0xff, 0xff, 0xff, 0xff, 0xff,
  0xff, 0xff, 0xff, 0xff, 0xff, 0xff, 0xff, 0xff, 0xff, 0xff, 0xff, 0xff, 0xff, 0xff, 0xff, 0xff, 0xff, 0xff, 0xff, 0xff, 0xff, 0xff, 0xff, 0xff,
  0xff, 0xff, 0xff, 0xff, 0xff, 0xff, 0xff, 0xff, 0xff, 0xff, 0xff, 0xff, 0xff, 0xff, 0xff, 0xff, 0xff, 0xff, 0xff, 0xff, 0xff, 0xff, 0xff, 0xff,
  0xff, 0xff, 0xff, 0xff, 0xff, 0xff, 0xff, 0xff, 0xff, 0xff, 0xff, 0xff, 0xff, 0xff, 0xff, 0xff, 0xff, 0xff, 0xff, 0xff, 0xff, 0xff, 0xff, 0xff,
  0xff, 0xff, 0xff, 0xff, 0xff, 0xff, 0xff, 0xff, 0xff, 0xff, 0xff, 0xff, 0xff, 0xff, 0xff, 0xff, 0xff, 0xff, 0xff, 0xff, 0xff, 0xff, 0xff, 0xff,
  0xff, 0xff, 0xff, 0xff, 0xff, 0xff, 0xff, 0xff, 0xff, 0xff, 0xff, 0xff, 0xff, 0xff, 0xff, 0xff, 0xff, 0xff, 0xff, 0xff, 0xff, 0xff, 0xff, 0xff,
  0xff, 0xff, 0xff, 0xff, 0xff, 0xff, 0xff, 0xff, 0xff, 0xff, 0xff, 0xff, 0xff, 0xff, 0xff, 0xff, 0xff, 0xff, 0xff, 0xff, 0xff, 0xff, 0xff, 0xff,
  0xff, 0xff, 0xff, 0xff, 0xff, 0xff, 0xff, 0xff, 0xff, 0xff, 0xff, 0xff, 0xff, 0xff, 0xff, 0xff, 0xff, 0xff, 0xff, 0xff, 0xff, 0xff, 0xff, 0xff,
  0xff, 0xff, 0xff, 0xff, 0xff, 0xff, 0xff, 0xff, 0xff, 0xff, 0xff, 0xff, 0xff, 0xff, 0xff, 0xff, 0xff, 0xff, 0xff, 0xff, 0xff, 0xff, 0xff, 0xff,
  0xff, 0xff, 0xff, 0xff, 0xff, 0xff, 0xff, 0xff, 0xff, 0xff, 0xff, 0xff, 0xff, 0xff, 0xff, 0xff, 0xff, 0xff, 0xff, 0xff, 0xff, 0xff, 0xff, 0xff,
  0xff, 0xff, 0xff, 0xff, 0xff, 0xff, 0xff, 0xff, 0xff, 0xff, 0xff, 0xff, 0xff, 0xff, 0xff, 0xff, 0xff, 0xff, 0xff, 0xff, 0xff, 0xff, 0xff, 0xff,
  0xff, 0xff, 0xff, 0xff, 0xff, 0xff, 0xff, 0xff, 0xff, 0xff, 0xff, 0xff, 0xff, 0xff, 0xff, 0xff, 0xff, 0xff, 0xff, 0xff, 0xff, 0xff, 0xff, 0xff,
  0xff, 0xff, 0xff, 0xff, 0xff, 0xff, 0xff, 0xff, 0xff, 0xff, 0xff, 0xff, 0xff, 0xff, 0xff, 0xff, 0xff, 0xff, 0xff, 0xff, 0xff, 0xff, 0xff, 0xff,
  0xff, 0xff, 0xff, 0xff, 0xff, 0xff, 0xff, 0xff, 0xff, 0xff, 0xff, 0xff, 0xff, 0xff, 0xff, 0xff, 0xff, 0xff, 0xff, 0xff, 0xff, 0xff, 0xff, 0xff,
  0xff, 0xff, 0xff, 0xff, 0xff, 0xff, 0xff, 0xff, 0xff, 0xff, 0xff, 0xff, 0xff, 0xff, 0xff, 0xff, 0xff, 0xff, 0xff, 0xff, 0xff, 0xff, 0xff, 0xff,
  0xff, 0xff, 0xff, 0xff, 0xff, 0xff, 0xff, 0xff, 0xff, 0xff, 0xff, 0xff, 0xff, 0xff, 0xff, 0xff, 0xff, 0xff, 0xff, 0xff, 0xff, 0xff, 0xff, 0xff,
  0xff, 0xff, 0xff, 0xff, 0xff, 0xff, 0xff, 0xff, 0xff, 0xff, 0xff, 0xff, 0xff, 0xff, 0xff, 0xff, 0xff, 0xff, 0xff, 0xff, 0xff, 0xff, 0xff, 0xff,
  0xff, 0xff, 0xff, 0xff, 0xff, 0xff, 0xff, 0xff, 0xff, 0xff, 0xff, 0xff, 0xff, 0xff, 0xff, 0xff, 0xff, 0xff, 0xff, 0xff, 0xff, 0xff, 0xff, 0xff,
  0xff, 0xff, 0xff, 0xff, 0xff, 0xff, 0xff, 0xff, 0xff, 0xff, 0xff, 0xff, 0xff, 0xff, 0xff, 0xff, 0xff, 0xff, 0xff, 0xff, 0xff, 0xff, 0xff, 0xff,
  0xff, 0xff, 0xff, 0xff, 0xff, 0xff, 0xff, 0xff, 0xff, 0xff, 0xff, 0xff, 0xff, 0xff, 0xff, 0xff, 0xff, 0xff, 0xff, 0xff, 0xff, 0xff, 0xff, 0xff,
  0xff, 0xff, 0xff, 0xff, 0xff, 0xff, 0xff, 0xff, 0x1f, 0x41, 0xff, 0xff, 0xff, 0xff, 0xff, 0xff, 0xff, 0xff, 0xff, 0xff, 0x01, 0x13, 0x07, 0x01,
  0xff, 0xff, 0x3f, 0xff, 0xff, 0x1f, 0x07, 0x00, 0x05, 0x00, 0x05, 0xff, 0xff, 0xff, 0xff, 0xff, 0xff, 0xff, 0xff, 0xff, 0xff, 0x07, 0x20, 0x04,
  0x01, 0xff, 0xff, 0x2f, 0xff, 0xff, 0x1f, 0x03, 0x30, 0x06, 0x13, 0xff, 0xff, 0xff, 0xff, 0xff, 0xff, 0xff, 0xff, 0xff, 0x9f, 0x01, 0x16, 0x05,
  0x20, 0x05, 0x01, 0xff, 0xff, 0x2f, 0xff, 0xff, 0x0f, 0x03, 0x70, 0x07, 0xff, 0xff, 0xff, 0xff, 0xff, 0xff, 0xff, 0xff, 0xff, 0x8f, 0x06, 0x60,
  0x05, 0x01, 0xff, 0xff, 0x1f, 0xff, 0xff, 0x0f, 0x03, 0x70, 0x05, 0x14, 0x01, 0xff, 0xff, 0xff, 0xff, 0xff, 0xff, 0xff, 0xff, 0xff, 0x2f, 0x03,
  0x05, 0x04, 0x80, 0x03, 0xff, 0xff, 0x1f, 0xff, 0xff, 0x03, 0x05, 0xa0, 0x04, 0x17, 0x01, 0xff, 0xff, 0xff, 0xff, 0xff, 0xff, 0xff, 0xff, 0xcf,
  0x11, 0x03, 0xb0, 0x06, 0x01, 0xff, 0xff, 0x0f, 0xff, 0xff, 0x04, 0xe0, 0x06, 0xff, 0xff, 0xff, 0xff, 0xff, 0xff, 0xff, 0xff, 0x9f, 0x21, 0x04,
  0xe0, 0x06, 0xff, 0xff, 0x0f, 0xff, 0xef, 0x01, 0x04, 0xf0, 0x06, 0x03, 0x07, 0x01, 0xff, 0xff, 0xff, 0xff, 0xff, 0xff, 0xff, 0xff, 0x5f, 0x01,
  0x04, 0x05, 0xf0, 0x06, 0xff, 0xff, 0x0f, 0xff, 0xdf, 0x01, 0x04, 0xf0, 0x30, 0x03, 0xff, 0xff, 0xff, 0xff, 0xff, 0xff, 0xff, 0xff, 0x2f, 0x01,
  0x07, 0x03, 0x06, 0xf0, 0x10, 0x05, 0x06, 0xff, 0xff, 0xff, 0xdf, 0x01, 0xf0, 0x50, 0x15, 0x01, 0xff, 0xff, 0xff, 0xff, 0xff, 0xff, 0xff, 0xef,
  0x01, 0x04, 0xf0, 0x50, 0x05, 0xff, 0xff, 0xff, 0xcf, 0x01, 0x03, 0xf0, 0x70, 0x05, 0x13, 0xff, 0xff, 0xff, 0xff, 0xff, 0xff, 0xff, 0x9f, 0x01,
  0x03, 0x14, 0xf0, 0x60, 0x05, 0x07, 0x01, 0xff, 0xdf, 0xff, 0xcf, 0x04, 0xf0, 0xb0, 0x03, 0x11, 0xff, 0xff, 0xff, 0xff, 0xff, 0xff, 0xff, 0x4f,
  0x11, 0x03, 0xf0, 0xa0, 0x05, 0x07, 0xff, 0xdf, 0xff, 0xcf, 0x04, 0xf0, 0xd0, 0x06, 0x01, 0xff, 0xff, 0xff, 0xff, 0xff, 0xff, 0xff, 0x2f, 0x03,
  0x15, 0xf0, 0xc0, 0x07, 0xff, 0xdf, 0xff, 0xcf, 0x04, 0xf0, 0xe0, 0x04, 0x13, 0x01, 0xff, 0xff, 0xff, 0xff, 0xff, 0xff, 0xcf, 0x01, 0x07, 0x03,
  0x05, 0xf0, 0xe0, 0x07, 0xff, 0xdf, 0xff, 0xcf, 0x07, 0x06, 0x05, 0xf0, 0xf0, 0x06, 0xff, 0xff, 0xff, 0xff, 0xff, 0xff, 0xbf, 0x01, 0x04, 0xf0,
  0xe0, 0x05, 0x04, 0x03, 0x01, 0xff, 0xdf, 0xff, 0xef, 0x01, 0x04, 0x05, 0xf0, 0xd0, 0x05, 0x14, 0x07, 0xff, 0xff, 0xff, 0xff, 0xff, 0xff, 0x5f,
  0x01, 0x03, 0x06, 0x04, 0xf0, 0xe0, 0x05, 0x07, 0xff, 0xff, 0x0f, 0xff, 0xff, 0x0f, 0x01, 0x05, 0xf0, 0xf0, 0x05, 0x07, 0x11, 0xff, 0xff, 0xff,
  0xff, 0xff, 0xff, 0x2f, 0x06, 0xf0, 0xe0, 0x05, 0x16, 0x03, 0xff, 0xff, 0x1f, 0xff, 0xff, 0x1f, 0x11, 0x03, 0xf0, 0xf0, 0x00, 0x04, 0xff, 0xff,
  0xff, 0xff, 0xff, 0xff, 0x01, 0x04, 0x05, 0xf0, 0xf0, 0x07, 0xff, 0xff, 0x4f, 0xff, 0xff, 0x4f, 0x06, 0x15, 0xf0, 0xe0, 0x06, 0x03, 0x07, 0xff,
  0xff, 0xff, 0xff, 0xff, 0x9f, 0x21, 0x04, 0xf0, 0xd0, 0x05, 0x16, 0x03, 0xff, 0xff, 0x5f, 0xff, 0xff, 0x6f, 0x01, 0x06, 0xf0, 0xf0, 0x00, 0x07,
  0x01, 0xff, 0xff, 0xff, 0xff, 0xff, 0x7f, 0x06, 0xf0, 0xf0, 0x00, 0x07, 0xff, 0xff, 0x8f, 0xff, 0xff, 0x7f, 0x01, 0x06, 0x04, 0x15, 0xf0, 0xd0,
  0x04, 0x03, 0xff, 0xff, 0xff, 0xff, 0xff, 0x2f, 0x11, 0x07, 0x06, 0x05, 0xf0, 0xd0, 0x06, 0x01, 0x07, 0xff, 0xff, 0x9f, 0xff, 0xff, 0xaf, 0x01,
  0x06, 0xf0, 0xf0, 0x03, 0x11, 0xff, 0xff, 0xff, 0xff, 0xef, 0x01, 0x04, 0xf0, 0xe0, 0x05, 0x16, 0x01, 0xff, 0xff, 0xbf, 0xff, 0xff, 0xbf, 0x01,
  0x13, 0x06, 0xf0, 0xd0, 0x15, 0x03, 0xff, 0xff, 0xff, 0xff, 0xaf, 0x21, 0x06, 0xf0, 0xe0, 0x05, 0x01, 0xff, 0xff, 0xef, 0xff, 0xff, 0xef, 0x01,
  0x14, 0x05, 0xf0, 0xc0, 0x05, 0x06, 0x03, 0xff, 0xff, 0xff, 0xff, 0x8f, 0x06, 0xf0, 0xe0, 0x04, 0x17, 0x01, 0xff, 0xff, 0xff, 0xff, 0xff, 0xff,
  0x1f, 0x07, 0x05, 0xf0, 0xe0, 0x05, 0x06, 0x01, 0xff, 0xff, 0xff, 0xff, 0x2f, 0x01, 0x13, 0xf0, 0xd0, 0x15, 0x07, 0xff, 0xff, 0xff, 0x2f, 0xff,
  0xff, 0xff, 0x2f, 0x01, 0x06, 0x15, 0xf0, 0xd0, 0x06, 0x11, 0xff, 0xff, 0xff, 0xff, 0x07, 0x05, 0xf0, 0xe0, 0x07, 0x0f, 0x01, 0xff, 0xff, 0xff,
  0x3f, 0xff, 0xff, 0xff, 0x4f, 0x01, 0x07, 0xf0, 0xf0, 0x00, 0x07, 0xff, 0xff, 0xff, 0xbf, 0x03, 0x14, 0x05, 0xf0, 0xb0, 0x05, 0x04, 0x00, 0x04,
  0x01, 0xff, 0xff, 0xff, 0x5f, 0xff, 0xff, 0xef, 0x07, 0x33, 0x21, 0x03, 0x16, 0xf0, 0xd0, 0x05, 0x13, 0x01, 0xff, 0xff, 0xff, 0x7f, 0x01, 0x05,
  0xf0, 0xe0, 0x07, 0x0f, 0x07, 0x01, 0x0f, 0x01, 0x36, 0x03, 0xff, 0xff, 0xff, 0xff, 0xff, 0xbf, 0x27, 0x05, 0x30, 0x06, 0x3f, 0x01, 0x04, 0xf0,
  0xf0, 0x06, 0xff, 0xff, 0xff, 0x4f, 0x01, 0x06, 0x04, 0x05, 0xf0, 0xb0, 0x05, 0x03, 0x16, 0x01, 0x1f, 0x11, 0x06, 0x30, 0x05, 0x21, 0xff, 0xff,
  0xcf, 0xff, 0xff, 0xbf, 0x04, 0x70, 0x06, 0x03, 0x07, 0x11, 0x27, 0x06, 0xf0, 0xd0, 0x24, 0xff, 0xff, 0xff, 0x01, 0x07, 0x06, 0xf0, 0xe0, 0x03,
  0x1f, 0x21, 0x06, 0x15, 0x50, 0x15, 0x03, 0xff, 0xff, 0xcf, 0xff, 0xff, 0x8f, 0x01, 0x16, 0x05, 0xa0, 0x04, 0x01, 0x0f, 0x21, 0x06, 0x14, 0x05,
  0xf0, 0xc0, 0x06, 0x03, 0x07, 0xff, 0xff, 0xbf, 0x01, 0x05, 0xf0, 0xd0, 0x03, 0x07, 0x03, 0x01, 0x1f, 0x01, 0x17, 0x05, 0x90, 0x05, 0x03, 0x01,
  0xff, 0xff, 0xaf, 0xff, 0xff, 0x8f, 0x07, 0xe0, 0x06, 0x17, 0x31, 0x0f, 0x06, 0xf0, 0xf0, 0x03, 0xff, 0xff, 0x7f, 0x01, 0x06, 0x04, 0x05, 0xf0,
  0xb0, 0x05, 0x00, 0x06, 0x3f, 0x01, 0x06, 0x05, 0xe0, 0x05, 0x01, 0xff, 0xff, 0x9f, 0xff, 0xff, 0x5f, 0x03, 0x14, 0x05, 0xe0, 0x05, 0x10, 0x07,
  0x21, 0x0f, 0x07, 0x26, 0xf0, 0xc0, 0x05, 0x06, 0x03, 0xff, 0xff, 0x3f, 0x11, 0x06, 0xf0, 0xd0, 0x03, 0x51, 0x06, 0x05, 0xf0, 0x10, 0x06, 0x13,
  0xff, 0xff, 0x7f, 0xff, 0xff, 0x4f, 0x07, 0xf0, 0x20, 0x15, 0x04, 0x07, 0x41, 0x1f, 0x01, 0x04, 0xf0, 0xe0, 0x01, 0xff, 0xff, 0x2f, 0x03, 0xf0,
  0xb0, 0x05, 0x06, 0x04, 0x06, 0x01, 0x1f, 0x31, 0x14, 0x01, 0x04, 0xf0, 0x20, 0x07, 0xff, 0xff, 0x6f, 0xff, 0xff, 0x3f, 0x07, 0x05, 0xf0, 0x10,
  0x06, 0x07, 0xa1, 0x07, 0x13, 0x06, 0xf0, 0xa0, 0x05, 0x01, 0xff, 0xff, 0x2f, 0x03, 0xf0, 0xb0, 0x04, 0x2f, 0x91, 0x07, 0x06, 0x04, 0x15, 0xf0,
  0x03, 0xff, 0xff, 0x5f, 0xff, 0xff, 0x2f, 0x03, 0xf0, 0x00, 0x05, 0x04, 0x03, 0xc1, 0x0f, 0x01, 0x0f, 0x01, 0x04, 0x06, 0x04, 0xf0, 0x70, 0x05,
  0x01, 0xff, 0xff, 0x2f, 0x03, 0xf0, 0x80, 0x05, 0x03, 0x06, 0x07, 0xf1, 0x07, 0x05, 0xf0, 0x00, 0x07, 0xff, 0xff, 0x4f, 0xff, 0xff, 0x1f, 0x07,
  0x05, 0xf0, 0x00, 0x03, 0x41, 0x0f, 0x07, 0x2d, 0x19, 0x0c, 0x71, 0x07, 0x05, 0xf0, 0x50, 0x04, 0x07, 0xff, 0xff, 0x3f, 0x01, 0x04, 0xf0, 0x40,
  0x25, 0x07, 0x6f, 0xc1, 0x06, 0x04, 0x05, 0xe0, 0x05, 0x03, 0xff, 0xff, 0x3f, 0xff, 0xff, 0x0f, 0x07, 0x05, 0xf0, 0x00, 0x04, 0x01, 0x0f, 0x21,
  0x1b, 0x09, 0x52, 0x08, 0x07, 0x81, 0x06, 0xf0, 0x30, 0x03, 0xff, 0xff, 0x6f, 0x04, 0xf0, 0x20, 0x05, 0x41, 0x03, 0x0c, 0x0b, 0x38, 0x03, 0xc1,
  0x07, 0xf0, 0x05, 0x07, 0xff, 0xff, 0x2f, 0xff, 0xff, 0x06, 0xf0, 0x10, 0x03, 0x21, 0x0f, 0x07, 0x0b, 0xa2, 0x91, 0x16, 0xf0, 0x10, 0x03, 0xff,
  0xff, 0x6f, 0x04, 0xf0, 0x00, 0x05, 0x04, 0x03, 0x41, 0x0b, 0x52, 0x0a, 0xd1, 0x05, 0xf0, 0x00, 0x03, 0xff, 0xff, 0x1f, 0xff, 0xff, 0x03, 0xf0,
  0x00, 0x05, 0x07, 0x21, 0x03, 0x09, 0xb2, 0x08, 0x81, 0x1f, 0x01, 0x04, 0xe0, 0x07, 0xff, 0xff, 0x7f, 0x06, 0xf0, 0x06, 0x31, 0x0f, 0x07, 0x0a,
  0x09, 0x72, 0x0c, 0x03, 0xc1, 0x06, 0xf0, 0x04, 0xff, 0xff, 0x1f, 0xff, 0xef, 0x01, 0x06, 0xf0, 0x06, 0x07, 0x31, 0x09, 0xd2, 0x0b, 0x91, 0x0f,
  0x07, 0x16, 0x04, 0xa0, 0x05, 0x01, 0xff, 0xff, 0x7f, 0x01, 0x03, 0xb0, 0x05, 0x17, 0x01, 0x0f, 0x21, 0x07, 0x0c, 0xa2, 0x0c, 0xb1, 0x0f, 0x01,
  0x05, 0xe0, 0x04, 0x01, 0xff, 0xff, 0x0f, 0xff, 0xef, 0x04, 0xf0, 0x00, 0x06, 0x0f, 0x11, 0x03, 0x0c, 0xe2, 0x0a, 0xb1, 0x1f, 0x01, 0x15, 0x70,
  0x05, 0x03, 0xff, 0xff, 0x9f, 0x01, 0x05, 0x80, 0x06, 0x03, 0x07, 0x3f, 0x01, 0x0f, 0x07, 0x0d, 0xc2, 0x0b, 0xb1, 0x07, 0xf0, 0x00, 0x04, 0xff,
  0xff, 0x0f, 0xff, 0xdf, 0x07, 0x05, 0xf0, 0x00, 0x06, 0x21, 0x0c, 0xf2, 0x0c, 0xf1, 0x01, 0x03, 0x60, 0x05, 0x01, 0xff, 0xff, 0xaf, 0x04, 0x50,
  0x05, 0x04, 0x03, 0x01, 0x5f, 0x01, 0x03, 0x09, 0xd2, 0x09, 0xc1, 0x06, 0x05, 0xe0, 0x05, 0x07, 0xff, 0xff, 0xff, 0xcf, 0x03, 0xf0, 0x00, 0x05,
  0x17, 0x21, 0x0a, 0xf2, 0x0a, 0xe1, 0x1f, 0x01, 0x17, 0x04, 0x20, 0x06, 0x07, 0x01, 0xff, 0xff, 0xaf, 0x01, 0x03, 0x05, 0x20, 0x04, 0x11, 0x3f,
  0x21, 0x0f, 0x01, 0x0a, 0xe2, 0x0a, 0xd1, 0x06, 0xf0, 0x05, 0x03, 0xff, 0xef, 0xff, 0xcf, 0x03, 0xf0, 0x00, 0x04, 0x21, 0x03, 0x0d, 0xf2, 0x02,
  0x0b, 0xb1, 0x03, 0x05, 0x03, 0x07, 0x21, 0x0f, 0x01, 0x06, 0x00, 0x04, 0xff, 0xff, 0xef, 0x01, 0x04, 0x05, 0x06, 0x03, 0x07, 0x1f, 0x01, 0x07,
  0x01, 0x03, 0x04, 0x01, 0x0f, 0x01, 0x07, 0x09, 0xe2, 0x0a, 0xc1, 0x0f, 0x03, 0xf0, 0x00, 0x03, 0x0f, 0x01, 0xff, 0xcf, 0xff, 0xbf, 0x01, 0x03,
  0xf0, 0x00, 0x04, 0x21, 0x08, 0xf2, 0x12, 0x0b, 0xb1, 0x03, 0x20, 0x05, 0x07, 0x3f, 0x11, 0xff, 0xff, 0xff, 0x21, 0x3f, 0x07, 0x05, 0x10, 0x04,
  0x11, 0x03, 0xf2, 0x02, 0x0a, 0xd1, 0x03, 0xf0, 0x00, 0x03, 0xff, 0xef, 0xff, 0xaf, 0x01, 0x04, 0xf0, 0x10, 0x05, 0x21, 0x08, 0xf2, 0x02, 0x09,
  0x08, 0xb1, 0x07, 0x30, 0x04, 0x07, 0x03, 0x01, 0xff, 0xff, 0xff, 0x4f, 0x11, 0x17, 0x03, 0x05, 0x20, 0x03, 0x11, 0x08, 0xf2, 0x02, 0x0a, 0xd1,
  0x03, 0xf0, 0x00, 0x05, 0x03, 0x01, 0xff, 0xcf, 0xff, 0xaf, 0x01, 0xf0, 0x20, 0x04, 0x21, 0x08, 0xf2, 0x02, 0x03, 0xd1, 0x07, 0x05, 0x40, 0x06,
  0xff, 0xff, 0xff, 0x5f, 0x07, 0x05, 0x40, 0x03, 0x11, 0x0f, 0x03, 0xf2, 0x02, 0x0a, 0xd1, 0x07, 0x04, 0xf0, 0x10, 0x01, 0xff, 0xcf, 0xff, 0xaf,
  0x01, 0xf0, 0x10, 0x04, 0x31, 0x08, 0xf2, 0x0b, 0xe1, 0x0f, 0x03, 0x40, 0x05, 0x06, 0x13, 0xff, 0xff, 0xef, 0x01, 0x03, 0x16, 0x05, 0x40, 0x05,
  0x31, 0x03, 0xf2, 0x0a, 0x03, 0xf1, 0x04, 0xf0, 0x05, 0x01, 0xff, 0xcf, 0xff, 0xaf, 0x07, 0xf0, 0x10, 0x06, 0x31, 0x03, 0xe2, 0x09, 0xf1, 0x01,
  0x03, 0x80, 0x01, 0xff, 0xff, 0xdf, 0x01, 0x80, 0x04, 0x31, 0x08, 0xf2, 0x08, 0x0f, 0xf1, 0x04, 0xf0, 0x00, 0x01, 0xff, 0xcf, 0xff, 0xaf, 0x01,
  0xf0, 0x10, 0x04, 0x31, 0x03, 0xd2, 0x0c, 0x07, 0xf1, 0x0f, 0x06, 0x80, 0x01, 0xff, 0xff, 0xdf, 0x01, 0x05, 0x70, 0x04, 0x31, 0x03, 0xe2, 0x0b,
  0x07, 0xf1, 0x01, 0x04, 0xf0, 0x05, 0x01, 0xff, 0xcf, 0xff, 0x8f, 0x01, 0x03, 0x04, 0xf0, 0x10, 0x04, 0x41, 0x08, 0x0a, 0xa2, 0x0a, 0x07, 0xf1,
  0x11, 0x06, 0x80, 0x04, 0x03, 0xff, 0xff, 0xbf, 0x03, 0x04, 0x80, 0x04, 0x31, 0x08, 0xd2, 0x0c, 0xf1, 0x21, 0x04, 0xf0, 0x00, 0x06, 0x07, 0xff,
  0xbf, 0xff, 0x8f, 0x01, 0xf0, 0x30, 0x04, 0x41, 0x0f, 0x03, 0x92, 0x0b, 0xf1, 0x41, 0x07, 0x80, 0x04, 0xff, 0xff, 0xbf, 0x04, 0x80, 0x06, 0x41,
  0x07, 0x0b, 0x09, 0x92, 0x0d, 0x0c, 0x07, 0xf1, 0x21, 0x04, 0xf0, 0x10, 0x05, 0x01, 0xff, 0xaf, 0xff, 0x8f, 0x01, 0xf0, 0x30, 0x04, 0x61, 0x08,
  0x0a, 0x52, 0x09, 0x0c, 0xf1, 0x61, 0x05, 0x70, 0x04, 0xff, 0xff, 0xbf, 0x04, 0x80, 0x07, 0x61, 0x0c, 0x92, 0x0b, 0xf1, 0x41, 0x04, 0xf0, 0x10,
  0x05, 0x01, 0xff, 0xaf, 0xff, 0x8f, 0x01, 0xf0, 0x30, 0x04, 0x61, 0x0f, 0x01, 0x09, 0x42, 0x08, 0x0f, 0xf1, 0x61, 0x05, 0x70, 0x04, 0xff, 0xff,
  0xbf, 0x04, 0x80, 0x03, 0x71, 0x08, 0x09, 0x52, 0x0a, 0x03, 0xf1, 0x51, 0x04, 0xf0, 0x10, 0x05, 0x01, 0xff, 0xaf, 0xff, 0x8f, 0x01, 0xf0, 0x30,
  0x04, 0x81, 0x07, 0x23, 0x17, 0xf1, 0x81, 0x05, 0x70, 0x04, 0xff, 0xff, 0xbf, 0x04, 0x80, 0x07, 0x81, 0x0b, 0x0d, 0x09, 0x1d, 0x19, 0x08, 0x0f,
  0xf1, 0x51, 0x04, 0xf0, 0x10, 0x05, 0x01, 0xff, 0xaf, 0xff, 0x8f, 0x01, 0xf0, 0x30, 0x04, 0x0f, 0xf1, 0xf1, 0x61, 0x05, 0x70, 0x04, 0x01, 0xff,
  0xff, 0xaf, 0x04, 0x80, 0x07, 0x0f, 0xf1, 0xf1, 0x61, 0x04, 0xf0, 0x10, 0x05, 0x01, 0xff, 0xaf, 0xff, 0x8f, 0x01, 0xf0, 0x30, 0x04, 0x0f, 0xf1,
  0xf1, 0x61, 0x05, 0x70, 0x04, 0x01, 0xff, 0xff, 0xaf, 0x04, 0x80, 0x07, 0x0f, 0xf1, 0xf1, 0x61, 0x04, 0xf0, 0x10, 0x05, 0x01, 0xff, 0xaf, 0xff,
  0x8f, 0x01, 0xf0, 0x30, 0x04, 0xf1, 0xf1, 0x71, 0x05, 0x70, 0x04, 0x01, 0xff, 0xff, 0xaf, 0x04, 0x80, 0x07, 0x0f, 0xf1, 0xf1, 0x61, 0x04, 0xf0,
  0x10, 0x05, 0x01, 0xff, 0xaf, 0xff, 0x8f, 0x01, 0xf0, 0x30, 0x05, 0xf1, 0xf1, 0x71, 0x05, 0x70, 0x04, 0x01, 0xff, 0xff, 0xaf, 0x04, 0x80, 0x07,
  0x0f, 0xf1, 0xf1, 0x61, 0x04, 0xf0, 0x10, 0x05, 0x01, 0xff, 0xaf, 0xff, 0x8f, 0x01, 0xf0, 0x40, 0xf1, 0xf1, 0x71, 0x05, 0x70, 0x04, 0x01, 0xff,
  0xff, 0xaf, 0x04, 0x80, 0x07, 0x0f, 0xf1, 0xf1, 0x61, 0x05, 0xf0, 0x10, 0x05, 0x01, 0xff, 0xaf, 0xff, 0x8f, 0x01, 0xf0, 0x40, 0xf1, 0xf1, 0x71,
  0x05, 0x70, 0x04, 0x01, 0xff, 0xff, 0xaf, 0x04, 0x80, 0x07, 0x0f, 0xf1, 0xf1, 0x41, 0x07, 0x04, 0xf0, 0x20, 0x05, 0x01, 0xff, 0xaf, 0xff, 0x8f,
  0x01, 0xf0, 0x40, 0x05, 0x06, 0xf1, 0xf1, 0x51, 0x05, 0x70, 0x04, 0x01, 0xff, 0xff, 0xaf, 0x04, 0x80, 0x07, 0x0f, 0xf1, 0xf1, 0x41, 0x03, 0x05,
  0xf0, 0x20, 0x05, 0x01, 0xff, 0xaf, 0xff, 0x8f, 0x01, 0xf0, 0x50, 0x05, 0xf1, 0xf1, 0x51, 0x05, 0x70, 0x04, 0x01, 0xff, 0xff, 0xaf, 0x04, 0x80,
  0x07, 0xf1, 0xf1, 0x51, 0x04, 0xf0, 0x30, 0x05, 0x01, 0xff, 0xaf, 0xff, 0x8f, 0x01, 0xf0, 0x60, 0x07, 0xf1, 0xf1, 0x41, 0x80, 0x04, 0x01, 0xff,
  0xff, 0xaf, 0x04, 0x80, 0x03, 0xf1, 0xf1, 0x51, 0x04, 0xf0, 0x30, 0x05, 0x01, 0xff, 0xaf, 0xff, 0x8f, 0x01, 0xf0, 0x60, 0x07, 0xf1, 0xf1, 0x41,
  0x80, 0x04, 0x01, 0xff, 0xff, 0xaf, 0x04, 0x80, 0x07, 0xf1, 0xf1, 0x51, 0x04, 0xf0, 0x30, 0x05, 0x01, 0xff, 0xaf, 0xff, 0x8f, 0x01, 0xf0, 0x50,
  0x05, 0xf1, 0xf1, 0x41, 0x07, 0x80, 0x04, 0x01, 0xff, 0xff, 0xaf, 0x04, 0x80, 0x03, 0xf1, 0xf1, 0x51, 0x05, 0xf0, 0x30, 0x05, 0x01, 0xff, 0xaf,
  0xff, 0x8f, 0x01, 0xf0, 0x60, 0x06, 0x07, 0xf1, 0xf1, 0x11, 0x03, 0x90, 0x04, 0xff, 0xff, 0xbf, 0x04, 0x90, 0x04, 0xf1, 0xf1, 0x21, 0x07, 0x04,
  0xf0, 0x40, 0x05, 0x01, 0xff, 0xaf, 0xff, 0x8f, 0x01, 0xf0, 0x70, 0x04, 0xf1, 0xf1, 0x11, 0x03, 0x90, 0x04, 0x01, 0xff, 0xff, 0xaf, 0x04, 0x90,
  0x05, 0xf1, 0xf1, 0x21, 0x04, 0xf0, 0x50, 0x05, 0x01, 0xff, 0xaf, 0xff, 0x8f, 0x01, 0xf0, 0x70, 0x04, 0xf1, 0xf1, 0x11, 0x07, 0x90, 0x04, 0xff,
  0xff, 0xbf, 0x04, 0x90, 0x04, 0xf1, 0xf1, 0x11, 0x0f, 0x06, 0xf0, 0x50, 0x05, 0x01, 0xff, 0xaf, 0xff, 0x8f, 0x01, 0x03, 0x04, 0xf0, 0x50, 0x04,
  0xf1, 0xf1, 0x11, 0x06, 0x80, 0x03, 0x01, 0xff, 0xff, 0xbf, 0x07, 0x06, 0x80, 0x05, 0x07, 0xf1, 0xf1, 0x11, 0x06, 0xf0, 0x40, 0x04, 0x03, 0xff,
  0xbf, 0xff, 0xaf, 0x07, 0xf0, 0x60, 0x06, 0xf1, 0xf1, 0x04, 0x90, 0x01, 0xff, 0xff, 0xdf, 0x01, 0x05, 0x80, 0x05, 0x07, 0xf1, 0xf1, 0x04, 0xf0,
  0x50, 0x07, 0xff, 0xcf, 0xff, 0xaf, 0x07, 0xf0, 0x60, 0x05, 0x06, 0xf1, 0xe1, 0x04, 0x80, 0x05, 0x01, 0xff, 0xff, 0xdf, 0x01, 0x05, 0x90, 0x07,
  0xf1, 0xe1, 0x03, 0xf0, 0x60, 0x07, 0xff, 0xcf, 0xff, 0xaf, 0x07, 0xf0, 0x80, 0x01, 0x0f, 0xf1, 0xb1, 0x07, 0x05, 0x80, 0x05, 0x01, 0xff, 0xff,
  0xdf, 0x01, 0x05, 0x90, 0x07, 0xf1, 0xd1, 0x06, 0xf0, 0x70, 0x07, 0xff, 0xcf, 0xff, 0xaf, 0x07, 0xf0, 0x80, 0x06, 0xf1, 0xc1, 0x04, 0xa0, 0x01,
  0xff, 0xff, 0xdf, 0x01, 0xa0, 0x04, 0x07, 0xf1, 0xc1, 0x04, 0xf0, 0x70, 0x01, 0xff, 0xcf, 0xff, 0xaf, 0x01, 0x04, 0xf0, 0x80, 0x04, 0xf1, 0xa1,
  0x07, 0x05, 0x80, 0x04, 0x03, 0xff, 0xff, 0xef, 0x01, 0x06, 0x05, 0x90, 0x05, 0x07, 0xf1, 0xa1, 0x06, 0xf0, 0x70, 0x04, 0x01, 0xff, 0xcf, 0xff,
  0xbf, 0x01, 0x04, 0xf0, 0x70, 0x05, 0x03, 0xf1, 0x71, 0x0f, 0x03, 0xa0, 0x07, 0xff, 0xff, 0xff, 0x1f, 0x03, 0xa0, 0x03, 0x0f, 0xf1, 0x71, 0x07,
  0x06, 0xf0, 0x70, 0x06, 0x01, 0xff, 0xdf, 0xff, 0xcf, 0x04, 0xf0, 0x90, 0x06, 0xf1, 0x71, 0x04, 0xa0, 0x07, 0xff, 0xff, 0xff, 0x1f, 0x03, 0xa0,
  0x05, 0x07, 0xf1, 0x71, 0x04, 0xf0, 0x80, 0x06, 0xff, 0xef, 0xff, 0xcf, 0x03, 0x05, 0xf0, 0x90, 0x05, 0x07, 0xf1, 0x21, 0x0f, 0x03, 0x05, 0x90,
  0x05, 0x03, 0x01, 0xff, 0xff, 0xff, 0x1f, 0x07, 0x05, 0xa0, 0x05, 0x06, 0xf1, 0x41, 0x03, 0x04, 0xf0, 0x90, 0x03, 0xff, 0xef, 0xff, 0xdf, 0x03,
  0x0e, 0xf0, 0x90, 0x06, 0x07, 0xf1, 0x11, 0x03, 0x05, 0xa0, 0x05, 0x01, 0xff, 0xff, 0xff, 0x3f, 0x01, 0x05, 0xa0, 0x05, 0x07, 0xf1, 0x31, 0x04,
  0xf0, 0x90, 0x03, 0xff, 0xff, 0xff, 0xdf, 0x03, 0x05, 0xf0, 0xb0, 0x03, 0x0f, 0xe1, 0x06, 0xb0, 0x04, 0x07, 0xff, 0xff, 0xff, 0x4f, 0x01, 0x04,
  0xb0, 0x15, 0x07, 0x0f, 0xc1, 0x0f, 0x07, 0x04, 0x05, 0xf0, 0x90, 0x05, 0x01, 0xff, 0xff, 0xff, 0xef, 0x01, 0x05, 0xf0, 0xa0, 0x05, 0x13, 0x07,
  0x81, 0x07, 0x14, 0x06, 0x05, 0xb0, 0x06, 0xff, 0xff, 0xff, 0x5f, 0x11, 0x06, 0xc0, 0x06, 0x07, 0x03, 0x07, 0x91, 0x13, 0x06, 0xf0, 0xa0, 0x04,
  0x01, 0xff, 0xff, 0x0f, 0xff, 0xef, 0x01, 0x05, 0xf0, 0xd0, 0x06, 0x81, 0x03, 0xf0, 0x06, 0xff, 0xff, 0xff, 0x7f, 0x03, 0x20, 0x0e, 0xb0, 0x06,
  0x0f, 0x61, 0x0f, 0x07, 0xf0, 0xd0, 0x04, 0xff, 0xff, 0x1f, 0xff, 0xef, 0x01, 0x04, 0xf0, 0xd0, 0x05, 0x26, 0x54, 0x05, 0xe0, 0x06, 0x01, 0xff,
  0xff, 0xff, 0x7f, 0x07, 0x05, 0x00, 0x0e, 0xc0, 0x05, 0x86, 0x04, 0xf0, 0xc0, 0x05, 0x03, 0xff, 0xff, 0x1f, 0xff, 0xff, 0x01, 0x06, 0xf0, 0xf0,
  0xf0, 0x50, 0x04, 0xff, 0xff, 0xff, 0xaf, 0x01, 0x05, 0x0e, 0xf0, 0xf0, 0xf0, 0x40, 0x07, 0xff, 0xff, 0x2f, 0xff, 0xff, 0x0f, 0x01, 0x04, 0xf0,
  0xf0, 0xf0, 0x30, 0x04, 0x01, 0xff, 0xff, 0xff, 0xbf, 0x01, 0x04, 0xf0, 0xf0, 0xf0, 0x30, 0x03, 0xff, 0xff, 0x3f, 0xff, 0xff, 0x1f, 0x01, 0x06,
  0xf0, 0xf0, 0xf0, 0x10, 0x06, 0x01, 0xff, 0xff, 0xff, 0xdf, 0x01, 0x05, 0xf0, 0xf0, 0xf0, 0x00, 0x05, 0x03, 0x01, 0xff, 0xff, 0x3f, 0xff, 0xff,
  0x2f, 0x01, 0x06, 0xf0, 0xf0, 0xf0, 0x06, 0x01, 0xff, 0xff, 0xff, 0xff, 0x01, 0x04, 0xf0, 0xf0, 0xf0, 0x03, 0xff, 0xff, 0x5f, 0xff, 0xff, 0x3f,
  0x01, 0x04, 0xf0, 0xf0, 0xd0, 0x04, 0x01, 0xff, 0xff, 0xff, 0xff, 0x1f, 0x01, 0x04, 0xf0, 0xf0, 0xd0, 0x03, 0xff, 0xff, 0x6f, 0xff, 0xff, 0x4f,
  0x01, 0x04, 0x15, 0xf0, 0xf0, 0x70, 0x05, 0x13, 0x01, 0xff, 0xff, 0xff, 0xff, 0x3f, 0x07, 0x04, 0x15, 0xf0, 0xf0, 0x70, 0x14, 0x06, 0xff, 0xff,
  0x7f, 0xff, 0xff, 0x5f, 0x11, 0x07, 0x00, 0x0e, 0xf0, 0xf0, 0x50, 0x03, 0xff, 0xff, 0xff, 0xff, 0x7f, 0x11, 0x06, 0xf0, 0xf0, 0x60, 0x05, 0x01,
  0x0f, 0x01, 0xff, 0xff, 0x7f, 0xff, 0xff, 0x7f, 0x01, 0x03, 0x06, 0x05, 0xf0, 0xf0, 0x20, 0x03, 0x11, 0xff, 0xff, 0xff, 0xff, 0x9f, 0x07, 0x03,
  0x06, 0xf0, 0xf0, 0x20, 0x04, 0x03, 0x07, 0xff, 0xff, 0xaf, 0xff, 0xff, 0xaf, 0x06, 0x00, 0x05, 0xf0, 0xd0, 0x05, 0x04, 0x06, 0x01, 0xff, 0xff,
  0xff, 0xff, 0xdf, 0x01, 0x05, 0x00, 0x05, 0xf0, 0xd0, 0x15, 0x03, 0xff, 0xff, 0xcf, 0xff, 0xff, 0xaf, 0x21, 0x05, 0xf0, 0xc0, 0x07, 0x11, 0xff,
  0xff, 0xff, 0xff, 0xef, 0x21, 0x06, 0xf0, 0xc0, 0x04, 0x21, 0xff, 0xff, 0xcf, 0xff, 0xff, 0xdf, 0x03, 0x04, 0x06, 0x14, 0xf0, 0x20, 0x05, 0x36,
  0x03, 0x01, 0xff, 0xff, 0xff, 0xff, 0xff, 0x3f, 0x01, 0x36, 0x04, 0xf0, 0x20, 0x05, 0x06, 0x04, 0x16, 0x07, 0xff, 0xff, 0xff, 0xff, 0xff, 0xff,
  0x1f, 0x01, 0xf0, 0x0e, 0x10, 0x06, 0xff, 0xff, 0xff, 0xff, 0xff, 0xef, 0x01, 0xf0, 0x20, 0x03, 0xff, 0xff, 0xff, 0x4f, 0xff, 0xff, 0xff, 0x2f,
  0x06, 0xf4, 0x14, 0x03, 0xff, 0xff, 0xff, 0xff, 0xff, 0xff, 0x06, 0xf4, 0x14, 0x01, 0xff, 0xff, 0xff, 0x4f, 0xff, 0xff, 0xff, 0xff, 0x0f, 0x51,
  0xff, 0xff, 0xff, 0xff, 0xff, 0xff, 0xbf, 0x31, 0x0f, 0x11, 0xff, 0xff, 0xff, 0x5f, 0xff, 0xff, 0xff, 0xff, 0xff, 0xff, 0xff, 0xff, 0xff, 0xff,
  0xff, 0xff, 0xff, 0xff, 0xff, 0xff, 0xff, 0xff, 0xff, 0xff, 0xff, 0xff, 0xff, 0xff, 0xff, 0xff, 0xff, 0xff, 0xff, 0xff, 0xff, 0xff, 0xff, 0xff,
  0xff, 0xff, 0xff, 0xff, 0xff, 0xff, 0xff, 0xff, 0xff, 0xff, 0xff, 0xff, 0xff, 0xff, 0xff, 0xff, 0xff, 0xff, 0xff, 0xff, 0xff, 0xff, 0xff, 0xff,
  0xff, 0xff, 0xff, 0xff, 0xff, 0xff, 0xff, 0xff, 0xff, 0xff, 0xff, 0xff, 0xff, 0xff, 0xff, 0xff, 0xff, 0xff, 0xff, 0xff, 0xff, 0xff, 0xff, 0xff,
  0xff, 0xff, 0xff, 0xff, 0xff, 0xff, 0xff, 0xff, 0xff, 0xff, 0xff, 0xff, 0xff, 0xff, 0xff, 0xff, 0xff, 0xff, 0xff, 0xff, 0xff, 0xff, 0xff, 0xff,
  0xff, 0xff, 0xff, 0xff, 0xff, 0xff, 0xff, 0xff, 0xff, 0xff, 0xff, 0xff, 0xff, 0xff, 0xff, 0xff, 0xff, 0xff, 0xff, 0xff, 0xff, 0xff, 0xff, 0xff,
  0xff, 0xff, 0xff, 0xff, 0xff, 0xff, 0xff, 0xff, 0xff, 0xff, 0xff, 0xff, 0xff, 0xff, 0xff, 0xff, 0xff, 0xff, 0xff, 0xff, 0xff, 0xff, 0xff, 0xff,
  0xff, 0xff, 0xff, 0xff, 0xff, 0xff, 0xff, 0xff, 0xff, 0xff, 0xff, 0xff, 0xff, 0xff, 0xff, 0xff, 0x5f, 0x01, 0x16, 0x53, 0x16, 0xf3, 0xf3, 0xf3,
  0x53, 0x01, 0xff, 0xff, 0xff, 0xff, 0xff, 0x7f, 0xff, 0xff, 0xff, 0xff, 0xff, 0x5f, 0x03, 0xf0, 0xf0, 0xf0, 0xf0, 0x07, 0xff, 0xff, 0xff, 0xff,
  0xff, 0x7f, 0xff, 0xff, 0xff, 0xff, 0xff, 0x3f, 0x01, 0x03, 0x05, 0xf0, 0xf0, 0xf0, 0xf0, 0x04, 0x03, 0xff, 0xff, 0xff, 0xff, 0xff, 0x6f, 0xff,
  0xff, 0xff, 0xff, 0xff, 0x3f, 0x01, 0xf0, 0xf0, 0xf0, 0xf0, 0x20, 0x04, 0xff, 0xff, 0xff, 0xff, 0xff, 0x6f, 0xff, 0xff, 0xff, 0xff, 0xff, 0x3f,
  0x01, 0x05, 0xf0, 0xf0, 0xf0, 0xf0, 0x10, 0x04, 0xff, 0xff, 0xff, 0xff, 0xff, 0x6f, 0xff, 0xff, 0xff, 0xff, 0xff, 0x3f, 0x01, 0x05, 0xf0, 0xf0,
  0xf0, 0xf0, 0x10, 0x04, 0x01, 0xff, 0xff, 0xff, 0xff, 0xff, 0x5f, 0xff, 0xff, 0xff, 0xff, 0xff, 0x3f, 0x01, 0x05, 0xf0, 0xf0, 0xf0, 0xf0, 0x10,
  0x04, 0x01, 0xff, 0xff, 0xff, 0xff, 0xff, 0x5f, 0xff, 0xff, 0xff, 0xff, 0xff, 0x3f, 0x01, 0xf0, 0xf0, 0xf0, 0xf0, 0x20, 0x04, 0x01, 0xff, 0xff,
  0xff, 0xff, 0xff, 0x5f, 0xff, 0xff, 0xff, 0xff, 0xff, 0x3f, 0x01, 0x06, 0x05, 0xf0, 0xf0, 0xf0, 0xf0, 0x00, 0x03, 0xff, 0xff, 0xff, 0xff, 0xff,
  0x6f, 0xff, 0xff, 0xff, 0xff, 0xff, 0x5f, 0x06, 0xf0, 0xf0, 0xf0, 0xf0, 0x03, 0xff, 0xff, 0xff, 0xff, 0xff, 0x7f, 0xff, 0xff, 0xff, 0xff, 0xff,
  0x5f, 0x01, 0x86, 0xf3, 0xf3, 0xf3, 0x63, 0x01, 0xff, 0xff, 0xff, 0xff, 0xff, 0x7f, 0xff, 0xff, 0xff, 0xff, 0xff, 0xff, 0xff, 0xff, 0xff, 0xff,
  0xff, 0xff, 0xff, 0xff, 0xff, 0xff, 0xff, 0xff, 0xff, 0xff, 0xff, 0xff, 0xff, 0xff, 0xff, 0xff, 0xff, 0xff, 0xff, 0xff, 0xff, 0xff, 0xff, 0xff,
  0xff, 0xff, 0xff, 0xff, 0xff, 0xff, 0xff, 0xff, 0xff, 0xff, 0xff, 0xff, 0xff, 0xff, 0xff, 0xff, 0xff, 0xff, 0xff, 0xff, 0xff, 0xff, 0xff, 0xff,
  0xff, 0xff, 0xff, 0xff, 0xff, 0xff, 0xff, 0xff, 0xff, 0xff, 0xff, 0xff, 0xff, 0xff, 0xff, 0xff, 0xff, 0xff, 0xff, 0xff, 0xff, 0xff, 0xff, 0xff,
  0xff, 0xff, 0xff, 0xff, 0xff, 0xff, 0xff, 0xff, 0xff, 0xff, 0xff, 0xff, 0xff, 0xff, 0xff, 0xff, 0xff, 0xff, 0xff, 0xff, 0xff, 0xff, 0xff, 0xff,
  0xff, 0xff, 0xff, 0xff, 0xff, 0xff, 0xff, 0xff, 0xff, 0xff, 0xff, 0xff, 0xff, 0xff, 0xff, 0xff, 0xff, 0xff, 0xff, 0xff, 0xff, 0xff, 0xff, 0xff,
  0xff, 0xff, 0xff, 0xff, 0xff, 0xff, 0xff, 0xff, 0xff, 0xff, 0xff, 0xff, 0xff, 0xff, 0xff, 0xff, 0xff, 0xff, 0xff, 0xff, 0xff, 0xff, 0xff, 0xff,
  0xff, 0xff, 0xff, 0xff, 0xff, 0xff, 0xff, 0xff, 0xff, 0xff, 0xff, 0xff, 0xff, 0xff, 0xff, 0xff, 0xff, 0xff, 0xff, 0xff, 0xff, 0xff, 0xff, 0xff,
  0xff, 0xff, 0xff, 0xff, 0xff, 0xff, 0xff, 0xff, 0xff, 0xff, 0xff, 0xff, 0xff, 0xff, 0xff, 0xff, 0xff, 0xff, 0xff, 0xff, 0xff, 0xff, 0xff, 0xff,
  0xff, 0xff, 0xff, 0xff, 0xff, 0xff, 0xff, 0xff, 0xff, 0xff, 0xff, 0xff, 0xff, 0xff, 0xff, 0xff, 0xff, 0xff, 0xff, 0xff, 0xff, 0xff, 0xff, 0xff,
  0xff, 0xff, 0xff, 0xff, 0xff, 0xff, 0xff, 0xff, 0xff, 0xff, 0xff, 0xff, 0xff, 0xff, 0xff, 0xff, 0xff, 0xff, 0xff, 0xff, 0xff, 0xff, 0xff, 0xff,
  0xff, 0xff, 0xff, 0xff, 0xff, 0xff, 0xff, 0xff, 0xff, 0xff, 0xff, 0xff, 0xff, 0xff, 0xff, 0xff, 0xff, 0xff, 0xff, 0xff, 0xff, 0xff, 0xff, 0xff,
  0xff, 0xff, 0xff, 0xff, 0xff, 0xff, 0xff, 0xff, 0xff, 0xff, 0xff, 0xff, 0xff, 0xff, 0xff, 0xff, 0xff, 0xff, 0xff, 0xff, 0xff, 0xff, 0xff, 0xff,
  0xff, 0xff, 0xff, 0xff, 0xff, 0xff, 0xff, 0xff, 0xff, 0xff, 0xff, 0xff, 0xff, 0xff, 0xff, 0xff, 0xff, 0xff, 0xff, 0xff, 0xff, 0xff, 0xff, 0xff,
  0xff, 0xff, 0xff, 0xff, 0xff, 0xff, 0xff, 0xff, 0xff, 0xff, 0xff, 0xff, 0xff, 0xff, 0xff, 0xff, 0xff, 0xff, 0xff, 0xff, 0xff, 0xff, 0xff, 0xff,
  0xff, 0xff, 0xff, 0xff, 0xff, 0xff, 0xff, 0xff, 0xff, 0xff, 0xff, 0xff, 0xff, 0xff, 0xff, 0xff, 0xff, 0xff, 0xff, 0xff, 0xff, 0xff, 0xff, 0xff,
  0xff, 0xff, 0xff, 0xff, 0xff, 0xff, 0xff, 0xff, 0xff, 0xff, 0xff, 0xff, 0xff, 0xff, 0xff, 0xff, 0xff, 0xff, 0xff, 0xff, 0xff, 0xff, 0xff, 0xff,
  0xff, 0xff, 0xff, 0xff, 0xff, 0xff, 0xff, 0xff, 0xff, 0xff, 0xff, 0xff, 0xff, 0xff, 0xff, 0xff, 0xff, 0xff, 0xff, 0xff, 0xff, 0xff, 0xff, 0xff,
  0xff, 0xff, 0xff, 0xff, 0xff, 0xff, 0xff, 0xff, 0xff, 0xff, 0xff, 0xff, 0xff, 0xff, 0xff, 0xff, 0xff, 0xff, 0xff, 0xff, 0xff, 0xff, 0xff, 0xff,
  0xff, 0xff, 0xff, 0xff, 0xff, 0xff, 0xff, 0xff, 0xff, 0xff, 0xff, 0xff, 0xff, 0xff, 0xff, 0xff, 0xff, 0xff, 0xff, 0xff, 0xff, 0xff, 0xff, 0xff,
  0xff, 0xff, 0xff, 0xff, 0xff, 0xff, 0xff, 0xff, 0xff, 0xff, 0xff, 0xff, 0xff, 0xff,
};

static const uint16_t FACE_07_PALETTE[16] PROGMEM = {
  0x0000, 0x269f, 0xf7df, 0x157a, 0x0a8c, 0x1475, 0x09a9, 0x0b72, 0x4eff, 0x9f1e, 0x63b1, 0x4aad, 0x8cd4, 0x7c53, 0x45fa, 0xa5b8
};
static const uint8_t FACE_07_RUNS[] PROGMEM = {
  0xf0, 0xf0, 0xf0, 0xf0, 0xf0, 0xf0, 0xf0, 0xf0, 0xf0, 0xf0, 0xf0, 0xf0, 0xf0, 0xf0, 0xf0, 0xf0, 0xf0, 0xf0, 0xf0, 0xf0, 0xf0, 0xf0, 0xf0, 0xf0,
  0xf0, 0xf0, 0xf0, 0xf0, 0xf0, 0xf0, 0xf0, 0xf0, 0xf0, 0xf0, 0xf0, 0xf0, 0xf0, 0xf0, 0xf0, 0xf0, 0xf0, 0xf0, 0xf0, 0xf0, 0xf0, 0xf0, 0xf0, 0xf0,
  0xf0, 0xf0, 0xf0, 0xf0, 0xf0, 0xf0, 0xf0, 0xf0, 0xf0, 0xf0, 0xf0, 0xf0, 0xf0, 0xf0, 0xf0, 0xf0, 0xf0, 0xf0, 0xf0, 0xf0, 0xf0, 0xf0, 0xf0, 0xf0,
  0xf0, 0xf0, 0xf0, 0xf0, 0xf0, 0xf0, 0xf0, 0xf0, 0xf0, 0xf0, 0xf0, 0xf0, 0xf0, 0xf0, 0xf0, 0xf0, 0xf0, 0xf0, 0xf0, 0xf0, 0xf0, 0xf0, 0xf0, 0xf0,
  0xf0, 0xf0, 0xf0, 0xf0, 0xf0, 0xf0, 0xf0, 0xf0, 0xf0, 0xf0, 0xf0, 0xf0, 0xf0, 0xf0, 0xf0, 0xf0, 0xf0, 0xf0, 0xf0, 0xf0, 0xf0, 0xf0, 0xf0, 0xf0,
  0xf0, 0xf0, 0xf0, 0xf0, 0xf0, 0xf0, 0xf0, 0xf0, 0xf0, 0xf0, 0xf0, 0xf0, 0xf0, 0xf0, 0xf0, 0xf0, 0xf0, 0xf0, 0xf0, 0xf0, 0xf0, 0xf0, 0xf0, 0xf0,
  0xf0, 0xf0, 0xf0, 0xf0, 0xf0, 0xf0, 0xf0, 0xf0, 0xf0, 0xf0, 0xf0, 0xf0, 0xf0, 0xf0, 0xf0, 0xf0, 0xf0, 0xf0, 0xf0, 0xf0, 0xf0, 0xf0, 0xf0, 0xf0,
  0xf0, 0xf0, 0xf0, 0xf0, 0xf0, 0xf0, 0xf0, 0xf0, 0xf0, 0xf0, 0xf0, 0xf0, 0xf0, 0xf0, 0xf0, 0xf0, 0xf0, 0xf0, 0xf0, 0xf0, 0xf0, 0xf0, 0xf0, 0xf0,
  0xf0, 0xf0, 0xf0, 0xf0, 0xf0, 0xf0, 0xf0, 0xf0, 0xf0, 0xf0, 0xf0, 0xf0, 0xf0, 0xf0, 0xf0, 0xf0, 0xf0, 0xf0, 0xf0, 0xf0, 0xf0, 0xf0, 0xf0, 0xf0,
  0xf0, 0xf0, 0xf0, 0xf0, 0xf0, 0xf0, 0xf0, 0xf0, 0xf0, 0xf0, 0xf0, 0xf0, 0xf0, 0xf0, 0xf0, 0xf0, 0xf0, 0xf0, 0xf0, 0xf0, 0xf0, 0xf0, 0xf0, 0xf0,
  0xf0, 0xf0, 0xf0, 0xf0, 0xf0, 0xf0, 0xf0, 0xf0, 0xf0, 0xf0, 0xf0, 0xf0, 0xf0, 0xf0, 0xf0, 0xf0, 0xf0, 0xf0, 0xf0, 0xf0, 0xf0, 0xf0, 0xf0, 0xf0,
  0xf0, 0xf0, 0xf0, 0xf0, 0xf0, 0xf0, 0xf0, 0xf0, 0xf0, 0xf0, 0xf0, 0xf0, 0xf0, 0xf0, 0xf0, 0xf0, 0xf0, 0xf0, 0xf0, 0xf0, 0xf0, 0xf0, 0xf0, 0xf0,
  0xf0, 0xf0, 0xf0, 0xf0, 0xf0, 0xf0, 0xf0, 0xf0, 0xf0, 0xf0, 0xf0, 0xf0, 0xf0, 0xf0, 0xf0, 0xf0, 0xf0, 0xf0, 0xf0, 0xf0, 0xf0, 0xf0, 0xf0, 0xf0,
  0xf0, 0xf0, 0xf0, 0xf0, 0xf0, 0xf0, 0xf0, 0xf0, 0xf0, 0xf0, 0xf0, 0xf0, 0xf0, 0xf0, 0xf0, 0xf0, 0xf0, 0xf0, 0xf0, 0xf0, 0xf0, 0xf0, 0xf0, 0xf0,
  0xf0, 0xf0, 0xf0, 0xf0, 0xf0, 0xf0, 0xf0, 0xf0, 0xf0, 0xf0, 0xf0, 0xf0, 0xf0, 0xf0, 0xf0, 0xf0, 0xf0, 0xf0, 0xf0, 0xf0, 0xf0, 0xf0, 0xf0, 0xf0,
  0xf0, 0xf0, 0xf0, 0xf0, 0xf0, 0xf0, 0xf0, 0xf0, 0xf0, 0xf0, 0xf0, 0xf0, 0xf0, 0xf0, 0xf0, 0xf0, 0xf0, 0xf0, 0xf0, 0xf0, 0xf0, 0xf0, 0xf0, 0xf0,
  0xf0, 0xf0, 0xf0, 0xf0, 0xf0, 0xf0, 0xf0, 0xf0, 0xf0, 0xf0, 0xf0, 0xf0, 0xf0, 0xf0, 0xf0, 0xf0, 0xf0, 0xf0, 0xf0, 0xf0, 0xf0, 0xf0, 0xf0, 0xf0,
  0xf0, 0xf0, 0xf0, 0xf0, 0xf0, 0xf0, 0xf0, 0xf0, 0xf0, 0xf0, 0xf0, 0xf0, 0xf0, 0xf0, 0xf0, 0xf0, 0xf0, 0xf0, 0xf0, 0xf0, 0xf0, 0xf0, 0xf0, 0xf0,
  0xf0, 0xf0, 0xf0, 0xf0, 0xf0, 0xf0, 0xf0, 0xf0, 0xf0, 0xf0, 0xf0, 0xf0, 0xf0, 0xf0, 0xf0, 0xf0, 0xf0, 0xf0, 0xf0, 0xf0, 0xf0, 0xf0, 0xf0, 0xf0,
  0xf0, 0xf0, 0xf0, 0xf0, 0xf0, 0xf0, 0xf0, 0xf0, 0xf0, 0xf0, 0xf0, 0xf0, 0xf0, 0xf0, 0xf0, 0xf0, 0xf0, 0xf0, 0x70, 0x06, 0x04, 0x06, 0x14, 0xf0,
  0xf0, 0xf0, 0xf0, 0xf0, 0x20, 0xf0, 0xf0, 0xf0, 0xf0, 0xf0, 0xf0, 0xf0, 0xf0, 0xf0, 0x70, 0x03, 0x31, 0x03, 0xf0, 0xf0, 0xf0, 0xf0, 0xf0, 0x10,
  0xf0, 0xf0, 0xf0, 0xf0, 0xf0, 0xf0, 0xf0, 0xf0, 0xf0, 0x50, 0x06, 0x05, 0x03, 0x41, 0x03, 0x04, 0xf0, 0xf0, 0xf0, 0xf0, 0xf0, 0xf0, 0xf0, 0xf0,
  0xf0, 0xf0, 0xf0, 0xf0, 0xf0, 0xf0, 0x50, 0x04, 0x71, 0x03, 0x05, 0x06, 0xf0, 0xf0, 0xf0, 0xf0, 0xd0, 0xf0, 0xf0, 0xf0, 0xf0, 0xf0, 0xf0, 0xf0,
  0xf0, 0xf0, 0x50, 0x04, 0x91, 0x03, 0x06, 0xf0, 0xf0, 0xf0, 0xf0, 0xc0, 0xf0, 0xf0, 0xf0, 0xf0, 0xf0, 0xf0, 0xf0, 0xf0, 0xf0, 0x50, 0x04, 0xb1,
  0x03, 0x05, 0xf0, 0xf0, 0xf0, 0xf0, 0xa0, 0xf0, 0xf0, 0xf0, 0xf0, 0xe0, 0x44, 0xf0, 0xf0, 0xf0, 0xf0, 0x10, 0x04, 0xd1, 0x03, 0x06, 0xf0, 0xf0,
  0xf0, 0xf0, 0x80, 0xf0, 0xf0, 0xf0, 0xf0, 0xd0, 0x07, 0x31, 0x03, 0x06, 0xf0, 0xf0, 0xf0, 0xf0, 0x00, 0x06, 0xc1, 0x03, 0x01, 0x23, 0x07, 0xf0,
  0xf0, 0xf0, 0xf0, 0x50, 0xf0, 0xf0, 0xf0, 0xf0, 0xb0, 0x04, 0x05, 0x03, 0x31, 0x13, 0x07, 0xf0, 0xf0, 0xf0, 0xf0, 0x00, 0x04, 0x03, 0xf1, 0x03,
  0x07, 0x14, 0xf0, 0xf0, 0xf0, 0xf0, 0x20, 0xf0, 0xf0, 0xf0, 0xf0, 0xb0, 0x03, 0x71, 0x05, 0xf0, 0xf0, 0xf0, 0xf0, 0x10, 0x06, 0xf1, 0x31, 0x03,
  0xf0, 0xf0, 0xf0, 0xf0, 0x10, 0xf0, 0xf0, 0xf0, 0xf0, 0x90, 0x07, 0x13, 0x71, 0x05, 0xf0, 0xf0, 0xf0, 0xf0, 0x20, 0x04, 0x07, 0xf1, 0x21, 0x15,
  0x07, 0x05, 0xf0, 0xf0, 0xf0, 0xd0, 0xf0, 0xf0, 0xf0, 0xf0, 0x80, 0x07, 0xa1, 0x05, 0xf0, 0xf0, 0xf0, 0xf0, 0x40, 0x13, 0xf1, 0x41, 0x05, 0x24,
  0x06, 0xf0, 0xf0, 0xf0, 0x80, 0xf0, 0xf0, 0xf0, 0xf0, 0x60, 0x07, 0x13, 0x01, 0x03, 0x81, 0x05, 0xf0, 0xf0, 0xf0, 0xf0, 0x50, 0x06, 0x03, 0xf1,
  0x71, 0x03, 0x06, 0xf0, 0xf0, 0xf0, 0x70, 0xf0, 0xf0, 0xf0, 0xf0, 0x30, 0x06, 0x17, 0x03, 0xb1, 0x03, 0x07, 0xf0, 0xf0, 0xf0, 0xf0, 0x60, 0x06,
  0x04, 0x03, 0xf1, 0x61, 0x43, 0x07, 0xf0, 0xf0, 0xf0, 0x20, 0xf0, 0xf0, 0xf0, 0xf0, 0x20, 0x06, 0x03, 0xd1, 0x03, 0x06, 0xf0, 0xf0, 0xf0, 0xf0,
  0xa0, 0x04, 0x07, 0xf1, 0x91, 0x03, 0x14, 0xf0, 0xf0, 0xf0, 0x00, 0xf0, 0xf0, 0xf0, 0xf0, 0x04, 0x13, 0xf1, 0x05, 0xf0, 0xf0, 0xf0, 0xf0, 0xd0,
  0x15, 0x03, 0xf1, 0x81, 0x03, 0xf0, 0xf0, 0xf0, 0x00, 0xf0, 0xf0, 0xf0, 0x90, 0x07, 0x05, 0x07, 0x05, 0x17, 0xf1, 0x11, 0x07, 0xf0, 0xf0, 0xf0,
  0xf0, 0xf0, 0x10, 0x03, 0xf1, 0x71, 0x13, 0x06, 0xf0, 0xf0, 0xe0, 0xf0, 0xf0, 0xf0, 0x40, 0x06, 0x07, 0x04, 0x06, 0x07, 0xf1, 0x51, 0x03, 0x05,
  0xf0, 0xf0, 0xf0, 0xf0, 0xf0, 0x20, 0x06, 0x07, 0x14, 0x03, 0xf1, 0x51, 0x04, 0xf0, 0xf0, 0xe0, 0xf0, 0xf0, 0xf0, 0x10, 0x06, 0x00, 0x06, 0x03,
  0x31, 0x23, 0xf1, 0x11, 0x03, 0x06, 0xf0, 0xf0, 0xf0, 0xf0, 0xf0, 0x70, 0x04, 0x13, 0x05, 0x03, 0xf1, 0x11, 0x04, 0xf0, 0xf0, 0xe0, 0xf0, 0xf0,
  0xf0, 0x00, 0x07, 0x01, 0x13, 0x11, 0x03, 0xf1, 0x51, 0x03, 0x06, 0xf0, 0xf0, 0xf0, 0xf0, 0xf0, 0xd0, 0x03, 0xf1, 0x01, 0x04, 0xf0, 0xf0, 0xe0,
  0xf0, 0xf0, 0xe0, 0x14, 0x03, 0xf1, 0x91, 0x03, 0x06, 0xf0, 0xf0, 0xf0, 0xf0, 0xf0, 0xf0, 0x06, 0x24, 0x03, 0xc1, 0x04, 0xf0, 0xf0, 0xe0, 0xf0,
  0xf0, 0xd0, 0x05, 0xf1, 0xa1, 0x13, 0x04, 0xf0, 0xf0, 0xf0, 0xf0, 0xf0, 0xf0, 0x40, 0x06, 0x23, 0x05, 0x03, 0x51, 0x03, 0x05, 0x06, 0xf0, 0xf0,
  0xe0, 0xf0, 0xf0, 0xb0, 0x07, 0x13, 0xf1, 0x91, 0x03, 0x06, 0xf0, 0xf0, 0xf0, 0xf0, 0xf0, 0xf0, 0xb0, 0x04, 0x51, 0x03, 0xf0, 0xf0, 0xf0, 0x00,
  0xf0, 0xf0, 0xa0, 0x07, 0xf1, 0x91, 0x03, 0x07, 0x04, 0xf0, 0xf0, 0xf0, 0xf0, 0xf0, 0xf0, 0xe0, 0x04, 0x07, 0x24, 0x07, 0x06, 0xf0, 0xf0, 0xf0,
  0x00, 0xf0, 0xf0, 0x80, 0x06, 0x33, 0xf1, 0x71, 0x04, 0xf0, 0xf0, 0xf0, 0xf0, 0xf0, 0xf0, 0xf0, 0xf0, 0xf0, 0xf0, 0x80, 0xf0, 0xf0, 0x70, 0x04,
  0x03, 0xf1, 0x61, 0x03, 0x36, 0xf0, 0xf0, 0xf0, 0xf0, 0xf0, 0xf0, 0xf0, 0xf0, 0xf0, 0xf0, 0x90, 0xf0, 0xf0, 0x60, 0x06, 0x03, 0xf1, 0x01, 0x03,
  0x47, 0x05, 0x04, 0xf0, 0xf0, 0xf0, 0xf0, 0xf0, 0xf0, 0xf0, 0xf0, 0xf0, 0xf0, 0xd0, 0xf0, 0xf0, 0x50, 0x04, 0xf1, 0x01, 0x13, 0x07, 0xf0, 0xf0,
  0xf0, 0xf0, 0xf0, 0xf0, 0xf0, 0xf0, 0xf0, 0xf0, 0xf0, 0x40, 0xf0, 0xf0, 0x50, 0x07, 0xd1, 0x03, 0x04, 0x06, 0xf0, 0xf0, 0xf0, 0xf0, 0xf0, 0xf0,
  0xf0, 0xf0, 0xf0, 0xf0, 0xf0, 0x70, 0xf0, 0xf0, 0x40, 0x03, 0x01, 0x03, 0x61, 0x03, 0x11, 0x13, 0x07, 0x06, 0xf0, 0xf0, 0xf0, 0xf0, 0xf0, 0xf0,
  0xf0, 0xf0, 0xf0, 0xf0, 0xf0, 0x90, 0xf0, 0xf0, 0x40, 0x03, 0x01, 0x03, 0x81, 0x03, 0x04, 0xf0, 0xf0, 0xf0, 0xf0, 0xf0, 0xf0, 0xf0, 0xf0, 0xf0,
  0xf0, 0xf0, 0xc0, 0xf0, 0xf0, 0x40, 0x03, 0x01, 0x03, 0x41, 0x33, 0x06, 0xf0, 0xf0, 0xf0, 0xf0, 0xf0, 0xf0, 0xf0, 0xf0, 0xf0, 0xf0, 0xf0, 0xd0,
  0xf0, 0xf0, 0x40, 0x03, 0x01, 0x23, 0x11, 0x03, 0x01, 0x03, 0x04, 0xf0, 0xf0, 0xf0, 0xf0, 0xf0, 0xf0, 0xf0, 0xf0, 0xf0, 0xf0, 0xf0, 0xf0, 0xf0,
  0xf0, 0x40, 0x03, 0x01, 0x33, 0x11, 0x03, 0x07, 0xf0, 0xf0, 0xf0, 0xf0, 0xf0, 0xf0, 0xf0, 0xf0, 0xf0, 0xf0, 0xf0, 0xf0, 0x00, 0xf0, 0xf0, 0x40,
  0x06, 0x03, 0x41, 0x03, 0x06, 0xf0, 0xf0, 0xf0, 0xf0, 0xf0, 0xf0, 0xf0, 0xf0, 0xf0, 0xf0, 0xf0, 0xf0, 0x10, 0xf0, 0xf0, 0x50, 0x04, 0x43, 0x07,
  0xf0, 0xf0, 0xf0, 0xf0, 0xf0, 0xf0, 0xf0, 0xf0, 0xf0, 0xf0, 0xf0, 0xf0, 0x20, 0xf0, 0xf0, 0xf0, 0xf0, 0xf0, 0xf0, 0xf0, 0xf0, 0xf0, 0xf0, 0xf0,
  0xf0, 0xf0, 0xf0, 0xf0, 0xf0, 0xf0, 0xf0, 0xf0, 0xf0, 0xf0, 0xf0, 0xf0, 0xf0, 0xf0, 0xf0, 0xf0, 0xf0, 0xf0, 0xf0, 0xf0, 0xf0, 0xf0, 0xf0, 0xf0,
  0xf0, 0xf0, 0xf0, 0xf0, 0xf0, 0xf0, 0xf0, 0xf0, 0xf0, 0xf0, 0xf0, 0xf0, 0xf0, 0xf0, 0xf0, 0xf0, 0xf0, 0xf0, 0xf0, 0xf0, 0xf0, 0xf0, 0xf0, 0xf0,
  0xf0, 0xf0, 0xf0, 0xf0, 0xf0, 0xf0, 0xf0, 0xf0, 0xf0, 0xf0, 0xf0, 0xf0, 0xf0, 0xf0, 0xf0, 0xf0, 0xf0, 0xf0, 0xf0, 0xf0, 0xf0, 0xf0, 0xf0, 0xf0,
  0xf0, 0xf0, 0xf0, 0xf0, 0xf0, 0xf0, 0xf0, 0xf0, 0xf0, 0xf0, 0xf0, 0xf0, 0xf0, 0xf0, 0xf0, 0xf0, 0xf0, 0xf0, 0xf0, 0xf0, 0xf0, 0xf0, 0xf0, 0xf0,
  0xf0, 0xf0, 0xf0, 0xf0, 0xf0, 0xf0, 0xf0, 0xf0, 0x40, 0x07, 0x11, 0xf3, 0x01, 0x04, 0xf0, 0xf0, 0xf0, 0x50, 0xf0, 0xf0, 0xf0, 0xf0, 0xf0, 0xf0,
  0xf0, 0xf0, 0xf0, 0xf0, 0x40, 0x03, 0xf1, 0x21, 0x05, 0xf0, 0xf0, 0xf0, 0x50, 0xf0, 0xf0, 0xf0, 0x10, 0x06, 0x41, 0xd3, 0x01, 0x05, 0xf0, 0xf0,
  0xf0, 0xf0, 0xf0, 0x70, 0x15, 0x23, 0xf1, 0x41, 0x03, 0x15, 0x03, 0x05, 0xf0, 0xf0, 0xf0, 0x00, 0xf0, 0xf0, 0xf0, 0x10, 0x04, 0xf1, 0x01, 0x08,
  0x01, 0x08, 0x01, 0x04, 0x10, 0x16, 0xf0, 0xf0, 0xf0, 0xf0, 0xf0, 0x10, 0x07, 0xf1, 0xe1, 0x07, 0x16, 0xf0, 0xf0, 0xd0, 0xf0, 0xf0, 0xc0, 0x45,
  0x03, 0xf1, 0x11, 0x18, 0x21, 0x18, 0x01, 0x03, 0xf0, 0xf0, 0xf0, 0xf0, 0xd0, 0x04, 0x13, 0xf1, 0x01, 0x28, 0xe1, 0xf0, 0xf0, 0xd0, 0xf0, 0xf0,
  0xb0, 0x07, 0xf1, 0x71, 0x78, 0x01, 0x05, 0x07, 0x04, 0xf0, 0xf0, 0xf0, 0xf0, 0x90, 0x04, 0x03, 0xf1, 0x01, 0x93, 0x91, 0x05, 0x07, 0xf0, 0xf0,
  0xb0, 0xf0, 0xf0, 0x90, 0x03, 0xf1, 0x61, 0xd8, 0x03, 0xf0, 0xf0, 0xf0, 0xf0, 0x80, 0x03, 0xf1, 0x01, 0x08, 0x06, 0x20, 0x16, 0x30, 0x06, 0xa1,
  0x08, 0x07, 0xf0, 0xf0, 0xa0, 0xf0, 0xf0, 0x70, 0x07, 0x05, 0xf1, 0xb1, 0x78, 0x21, 0x03, 0x05, 0xf0, 0xf0, 0xf0, 0xf0, 0x30, 0x24, 0xf1, 0x01,
  0x09, 0x02, 0x0a, 0x1b, 0x04, 0x06, 0x50, 0x05, 0x03, 0x05, 0x03, 0x81, 0x13, 0x05, 0xf0, 0xf0, 0x70, 0xf0, 0xf0, 0x60, 0x05, 0xf1, 0x11, 0x08,
  0x01, 0x06, 0x70, 0x06, 0x00, 0x04, 0x68, 0x31, 0x04, 0x00, 0x06, 0xf0, 0xf0, 0xf0, 0xf0, 0x07, 0xf1, 0x11, 0x09, 0x62, 0x04, 0x90, 0x81, 0x28,
  0x04, 0xf0, 0xf0, 0x60, 0xf0, 0xf0, 0x30, 0x04, 0x15, 0xf1, 0x28, 0x19, 0x0a, 0x1b, 0x06, 0x60, 0x06, 0x03, 0x01, 0x0e, 0x08, 0xa1, 0xf0, 0xf0,
  0xf0, 0xd0, 0x04, 0xf1, 0x01, 0x18, 0x72, 0x0c, 0x0a, 0x80, 0x17, 0x03, 0x91, 0x04, 0xf0, 0xf0, 0x50, 0xf0, 0xf0, 0x20, 0x04, 0xf1, 0x31, 0x09,
  0x62, 0x06, 0x70, 0x06, 0x00, 0x06, 0x01, 0x08, 0x81, 0x03, 0x06, 0xf0, 0xf0, 0xf0, 0xa0, 0x04, 0xf1, 0x01, 0x08, 0xb2, 0x06, 0x90, 0x06, 0x01,
  0x08, 0x81, 0x04, 0xf0, 0xf0, 0x40, 0xf0, 0xf0, 0x10, 0x07, 0xf1, 0x11, 0x08, 0x19, 0x72, 0x0c, 0x0b, 0x90, 0x04, 0x07, 0x03, 0x91, 0xf0, 0xf0,
  0xf0, 0x90, 0x04, 0x03, 0xf1, 0x01, 0x09, 0xb2, 0x0b, 0xa0, 0x04, 0x07, 0x03, 0x71, 0x03, 0x06, 0xf0, 0xf0, 0x30, 0xf0, 0xf0, 0x00, 0x07, 0xf1,
  0x21, 0x08, 0xb2, 0xb0, 0x06, 0x81, 0x08, 0x03, 0xf0, 0xf0, 0xf0, 0x70, 0x06, 0xf1, 0x01, 0x08, 0xe2, 0x0a, 0xb0, 0x07, 0x81, 0x03, 0x04, 0xf0,
  0xf0, 0x20, 0xf0, 0xf0, 0x07, 0xf1, 0x11, 0x08, 0x09, 0xc2, 0x0a, 0x06, 0xb0, 0x04, 0x61, 0x08, 0x01, 0x03, 0xf0, 0xf0, 0xf0, 0x50, 0x06, 0x03,
  0xf1, 0x08, 0xf2, 0x0c, 0xc0, 0x06, 0x03, 0x71, 0x03, 0x06, 0xf0, 0xf0, 0x10, 0xf0, 0xe0, 0x07, 0xf1, 0x11, 0x08, 0x09, 0xe2, 0x0a, 0xc0, 0x04,
  0x03, 0x41, 0x28, 0x03, 0xf0, 0xf0, 0xf0, 0x30, 0x04, 0xf1, 0x11, 0x08, 0xf2, 0x0c, 0xd0, 0x04, 0x03, 0x81, 0x04, 0xf0, 0xf0, 0x00, 0xf0, 0xd0,
  0x07, 0xf1, 0x11, 0x18, 0xf2, 0x0a, 0xd0, 0x04, 0x03, 0x31, 0x38, 0x03, 0x06, 0xf0, 0xf0, 0xf0, 0x10, 0x04, 0xf1, 0x01, 0x08, 0x09, 0xf2, 0x0c,
  0xe0, 0x06, 0x81, 0x04, 0xf0, 0xf0, 0x00, 0xf0, 0xc0, 0x05, 0xf1, 0x21, 0x09, 0xf2, 0x02, 0x0a, 0xf0, 0x01, 0x08, 0x01, 0x58, 0x03, 0xf0, 0xf0,
  0xf0, 0x10, 0x07, 0xf1, 0x08, 0xf2, 0x12, 0x0d, 0xf0, 0x07, 0x03, 0x61, 0x04, 0xf0, 0xf0, 0x00, 0xf0, 0xc0, 0x04, 0xf1, 0x21, 0x09, 0xf2, 0x02,
  0x0a, 0xf0, 0x07, 0x03, 0x11, 0x48, 0x05, 0xf0, 0xf0, 0xf0, 0x00, 0x03, 0xf1, 0x01, 0x08, 0xf2, 0x12, 0x0c, 0xf0, 0x00, 0x05, 0x71, 0x05, 0xf0,
  0xf0, 0xf0, 0xc0, 0x05, 0xf1, 0x01, 0x08, 0x09, 0xf2, 0x12, 0x0a, 0xf0, 0x00, 0x06, 0x68, 0x03, 0x04, 0xf0, 0xf0, 0xe0, 0x06, 0xf1, 0x11, 0x08,
  0xf2, 0x02, 0x09, 0x0b, 0xf0, 0x00, 0x04, 0x05, 0x61, 0x03, 0xf0, 0xf0, 0xf0, 0xb0, 0xf1, 0x21, 0x09, 0xf2, 0x22, 0x0a, 0xf0, 0x10, 0x05, 0x01,
  0x28, 0x11, 0x08, 0x01, 0xf0, 0xf0, 0xd0, 0x04, 0x03, 0xf1, 0x21, 0xf2, 0x02, 0x0b, 0xf0, 0x30, 0x03, 0x61, 0x03, 0x06, 0xf0, 0xd0, 0xf0, 0xa0,
  0x04, 0xf1, 0x21, 0x09, 0xf2, 0x22, 0x0b, 0xf0, 0x20, 0x05, 0x08, 0x01, 0x08, 0x11, 0x08, 0x01, 0x04, 0xf0, 0xf0, 0xc0, 0x05, 0xf1, 0x31, 0xf2,
  0x09, 0x06, 0xf0, 0x30, 0x03, 0x71, 0x04, 0xf0, 0xd0, 0xf0, 0x90, 0x03, 0xf1, 0x31, 0x09, 0xf2, 0x12, 0x04, 0xf0, 0x40, 0x07, 0x61, 0x07, 0xf0,
  0xf0, 0xb0, 0x07, 0xf1, 0x21, 0x08, 0xe2, 0x0d, 0xf0, 0x50, 0x81, 0x04, 0xf0, 0xd0, 0xf0, 0x90, 0xf1, 0x41, 0x09, 0xf2, 0x02, 0x09, 0x06, 0xf0,
  0x40, 0x04, 0x61, 0x04, 0xf0, 0xf0, 0xa0, 0x04, 0x03, 0xf1, 0x11, 0x03, 0x07, 0x09, 0xd2, 0x0b, 0xf0, 0x50, 0x04, 0x03, 0x61, 0x07, 0x06, 0xf0,
  0xc0, 0xf0, 0x90, 0x03, 0xf1, 0x21, 0x08, 0x09, 0xf2, 0x0c, 0xf0, 0x60, 0x04, 0x61, 0x05, 0x06, 0xf0, 0xf0, 0x80, 0x07, 0xf1, 0x31, 0x07, 0x00,
  0x0d, 0xb2, 0x0c, 0x06, 0xf0, 0x70, 0x06, 0x81, 0xf0, 0xc0, 0xf0, 0x70, 0x04, 0x03, 0xf1, 0x31, 0x05, 0x0a, 0x0f, 0xe2, 0x0b, 0xf0, 0x60, 0x07,
  0x71, 0x03, 0xf0, 0xf0, 0x80, 0x07, 0xf1, 0x31, 0x07, 0x00, 0x0a, 0xb2, 0x06, 0xf0, 0x80, 0x06, 0x81, 0x06, 0xf0, 0xb0, 0xf0, 0x70, 0x03, 0xf1,
  0x41, 0x04, 0x00, 0x0a, 0xd2, 0x06, 0xf0, 0x80, 0x06, 0x03, 0x61, 0x04, 0xf0, 0xf0, 0x70, 0x04, 0xf1, 0x31, 0x07, 0x10, 0x0b, 0x0d, 0x72, 0x0b,
  0x04, 0xf0, 0x90, 0x04, 0x81, 0xf0, 0xc0, 0xf0, 0x70, 0x05, 0xf1, 0x41, 0x04, 0x00, 0x0b, 0x09, 0xa2, 0x0c, 0x04, 0xf0, 0xa0, 0x05, 0x61, 0x04,
  0xf0, 0xf0, 0x70, 0x04, 0xf1, 0x31, 0x04, 0x20, 0x06, 0x72, 0xf0, 0xb0, 0x04, 0x81, 0xf0, 0xc0, 0xf0, 0x70, 0x05, 0xf1, 0x41, 0x04, 0x10, 0x0a,
  0x09, 0x82, 0x09, 0x06, 0xf0, 0xb0, 0x05, 0x61, 0x04, 0xf0, 0xf0, 0x70, 0x04, 0xf1, 0x31, 0x04, 0x30, 0x04, 0x5b, 0x06, 0xf0, 0xc0, 0x04, 0x03,
  0x61, 0x06, 0xf0, 0xb0, 0xf0, 0x70, 0x05, 0xf1, 0x41, 0x04, 0x30, 0x0a, 0x62, 0x04, 0xf0, 0xd0, 0x05, 0x61, 0x04, 0xf0, 0xf0, 0x50, 0x06, 0x05,
  0x03, 0xf1, 0x31, 0x04, 0xf0, 0xf0, 0x90, 0x05, 0x61, 0x03, 0x05, 0xf0, 0xa0, 0xf0, 0x60, 0x06, 0x03, 0xf1, 0x41, 0x06, 0x30, 0x06, 0x5a, 0x0b,
  0xf0, 0xe0, 0x04, 0x03, 0x51, 0x05, 0x04, 0xf0, 0xf0, 0x40, 0x04, 0xf1, 0x51, 0x04, 0xf0, 0xf0, 0x90, 0x05, 0x81, 0xf0, 0xa0, 0xf0, 0x50, 0x07,
  0xf1, 0x61, 0x06, 0xf0, 0xf0, 0xc0, 0x03, 0x61, 0x04, 0xf0, 0xf0, 0x30, 0x04, 0xf1, 0x51, 0x07, 0xf0, 0xf0, 0x90, 0x05, 0x81, 0xf0, 0xa0, 0xf0,
  0x50, 0x05, 0xf1, 0x61, 0x06, 0xf0, 0xf0, 0xc0, 0x03, 0x61, 0x04, 0xf0, 0xf0, 0x30, 0x04, 0xf1, 0x51, 0x07, 0xf0, 0xf0, 0x90, 0x05, 0x81, 0xf0,
  0xa0, 0xf0, 0x50, 0x05, 0xf1, 0x61, 0x06, 0xf0, 0xf0, 0xc0, 0x03, 0x61, 0x04, 0xf0, 0xf0, 0x30, 0x04, 0xf1, 0x51, 0x07, 0xf0, 0xf0, 0x90, 0x07,
  0x81, 0xf0, 0xa0, 0xf0, 0x50, 0x05, 0xf1, 0x61, 0x06, 0xf0, 0xf0, 0xc0, 0x03, 0x61, 0x04, 0xf0, 0xf0, 0x30, 0x04, 0xf1, 0x51, 0x07, 0xf0, 0xf0,
  0x90, 0x07, 0x81, 0xf0, 0xa0, 0xf0, 0x50, 0x05, 0xf1, 0x61, 0x04, 0xf0, 0xf0, 0xc0, 0x03, 0x61, 0x04, 0xf0, 0xf0, 0x30, 0x04, 0xf1, 0x61, 0x03,
  0x06, 0xf0, 0xf0, 0x70, 0x07, 0x81, 0xf0, 0xa0, 0xf0, 0x50, 0x05, 0xf1, 0x71, 0x05, 0xf0, 0xf0, 0xb0, 0x03, 0x61, 0x04, 0xf0, 0xf0, 0x30, 0x04,
  0xf1, 0x71, 0x04, 0xf0, 0xf0, 0x70, 0x07, 0x71, 0x03, 0xf0, 0xa0, 0xf0, 0x50, 0x05, 0xf1, 0x71, 0x03, 0xf0, 0xf0, 0xb0, 0x03, 0x61, 0x04, 0xf0,
  0xf0, 0x30, 0x07, 0xf1, 0x71, 0x06, 0xf0, 0xf0, 0x70, 0x07, 0x81, 0xf0, 0xa0, 0xf0, 0x50, 0x05, 0xf1, 0x71, 0x03, 0xf0, 0xf0, 0xb0, 0x03, 0x61,
  0x04, 0xf0, 0xf0, 0x30, 0x07, 0xf1, 0x71, 0x06, 0xf0, 0xf0, 0x70, 0x07, 0x71, 0x03, 0xf0, 0xa0, 0xf0, 0x50, 0x05, 0xf1, 0x71, 0x03, 0xf0, 0xf0,
  0xb0, 0x03, 0x61, 0x04, 0xf0, 0xf0, 0x30, 0x07, 0xf1, 0x71, 0x06, 0xf0, 0xf0, 0x70, 0x05, 0x71, 0x03, 0xf0, 0xa0, 0xf0, 0x50, 0x05, 0xf1, 0x71,
  0x03, 0xf0, 0xf0, 0xb0, 0x03, 0x61, 0x04, 0xf0, 0xf0, 0x30, 0x07, 0xf1, 0x71, 0x03, 0x07, 0xf0, 0xf0, 0x60, 0x05, 0x81, 0xf0, 0xa0, 0xf0, 0x50,
  0x05, 0xf1, 0x71, 0x03, 0x04, 0x06, 0xf0, 0xf0, 0x90, 0x03, 0x61, 0x04, 0xf0, 0xf0, 0x30, 0x07, 0xf1, 0x81, 0x05, 0xf0, 0xf0, 0x60, 0x07, 0x81,
  0xf0, 0xa0, 0xf0, 0x50, 0x05, 0xf1, 0x91, 0x07, 0xf0, 0xf0, 0x90, 0x03, 0x61, 0x04, 0xf0, 0xf0, 0x30, 0x07, 0xf1, 0x81, 0x03, 0x06, 0xf0, 0xf0,
  0x50, 0x05, 0x81, 0xf0, 0xa0, 0xf0, 0x50, 0x05, 0xf1, 0x91, 0x07, 0xf0, 0xf0, 0x90, 0x03, 0x61, 0x04, 0xf0, 0xf0, 0x30, 0x04, 0xf1, 0x91, 0x03,
  0xf0, 0xf0, 0x30, 0x06, 0x03, 0x91, 0xf0, 0xa0, 0xf0, 0x50, 0x05, 0xf1, 0x91, 0x04, 0xf0, 0xf0, 0x90, 0x03, 0x61, 0x04, 0xf0, 0xf0, 0x30, 0x04,
  0xf1, 0x91, 0x03, 0xf0, 0xf0, 0x30, 0x04, 0xa1, 0xf0, 0xa0, 0xf0, 0x50, 0x05, 0xf1, 0x91, 0x05, 0x06, 0xf0, 0xf0, 0x60, 0x07, 0x03, 0x71, 0x04,
  0xf0, 0xf0, 0x30, 0x04, 0xf1, 0xa1, 0x07, 0xf0, 0xf0, 0x20, 0x06, 0xa1, 0xf0, 0xa0, 0xf0, 0x50, 0x05, 0xf1, 0xa1, 0x05, 0xf0, 0xf0, 0x60, 0x03,
  0x81, 0x04, 0xf0, 0xf0, 0x30, 0x04, 0xf1, 0xb1, 0x04, 0xf0, 0xf0, 0x00, 0x04, 0x05, 0x91, 0x03, 0xf0, 0xa0, 0xf0, 0x50, 0x05, 0xf1, 0xa1, 0x03,
  0xf0, 0xf0, 0x60, 0x05, 0x81, 0x04, 0xf0, 0xf0, 0x30, 0x04, 0xf1, 0xb1, 0x03, 0x04, 0xf0, 0xf0, 0x05, 0xa1, 0x03, 0xf0, 0xa0, 0xf0, 0x50, 0x05,
  0xf1, 0xb1, 0x05, 0x06, 0xf0, 0xf0, 0x30, 0x04, 0x03, 0x81, 0x04, 0xf0, 0xf0, 0x30, 0x04, 0xf1, 0xd1, 0x06, 0xf0, 0xe0, 0x03, 0xb1, 0xf0, 0xa0,
  0xf0, 0x50, 0x05, 0xf1, 0xc1, 0x07, 0xf0, 0xf0, 0x20, 0x07, 0xa1, 0x04, 0xf0, 0xf0, 0x30, 0x04, 0x05, 0x03, 0xf1, 0xb1, 0x05, 0x07, 0xf0, 0xc0,
  0x06, 0x03, 0x91, 0x03, 0x05, 0xf0, 0xa0, 0xf0, 0x50, 0x05, 0xf1, 0xd1, 0x03, 0x06, 0xf0, 0xf0, 0x00, 0x07, 0xa1, 0x04, 0xf0, 0xf0, 0x50, 0x04,
  0xf1, 0xd1, 0x06, 0xf0, 0xa0, 0x07, 0xa1, 0x03, 0x06, 0xf0, 0xb0, 0xf0, 0x60, 0x07, 0xf1, 0xd1, 0x05, 0xf0, 0xf0, 0x00, 0x07, 0x81, 0x05, 0x06,
  0xf0, 0xf0, 0x60, 0x04, 0xf1, 0xd1, 0x03, 0x07, 0xf0, 0x80, 0x06, 0x03, 0xa1, 0x03, 0xf0, 0xc0, 0xf0, 0x70, 0x05, 0xf1, 0xd1, 0x05, 0x06, 0xf0,
  0xd0, 0x05, 0x91, 0x04, 0xf0, 0xf0, 0x70, 0x04, 0xf1, 0xf1, 0x07, 0xf0, 0x60, 0x07, 0xc1, 0x03, 0xf0, 0xc0, 0xf0, 0x70, 0x05, 0xf1, 0xe1, 0x07,
  0xf0, 0xc0, 0x07, 0xa1, 0x04, 0xf0, 0xf0, 0x70, 0x04, 0xf1, 0xf1, 0x03, 0x07, 0x04, 0xf0, 0x20, 0x04, 0x07, 0xd1, 0x03, 0xf0, 0xc0, 0xf0, 0x70,
  0x05, 0xf1, 0xf1, 0x03, 0x04, 0xf0, 0x80, 0x04, 0x03, 0xb1, 0x04, 0xf0, 0xf0, 0x70, 0x04, 0xf1, 0xf1, 0x11, 0x03, 0xf0, 0x20, 0x03, 0xe1, 0x03,
  0xf0, 0xc0, 0xf0, 0x70, 0x05, 0xf1, 0xf1, 0x01, 0x05, 0x16, 0xf0, 0x50, 0x06, 0x03, 0xc1, 0x04, 0xf0, 0xf0, 0x80, 0x03, 0xf1, 0xf1, 0x11, 0x03,
  0x25, 0x06, 0x90, 0x04, 0x25, 0xe1, 0x05, 0x04, 0xf0, 0xc0, 0xf0, 0x70, 0x05, 0xf1, 0xf1, 0x21, 0x03, 0x06, 0xf0, 0x30, 0x05, 0xd1, 0x07, 0xf0,
  0xf0, 0xa0, 0x07, 0xf1, 0xf1, 0x41, 0x07, 0x10, 0x76, 0x05, 0xf1, 0x11, 0x06, 0xf0, 0xd0, 0xf0, 0x80, 0x07, 0xf1, 0xf1, 0x21, 0x05, 0x16, 0x04,
  0xc0, 0x24, 0x07, 0xd1, 0x07, 0xf0, 0xf0, 0xb0, 0x04, 0xf1, 0xf1, 0x51, 0x03, 0xf1, 0xb1, 0x06, 0xf0, 0xd0, 0xf0, 0x90, 0x03, 0xf1, 0xf1, 0x31,
  0x03, 0x01, 0x07, 0xb0, 0x03, 0xf1, 0x01, 0x07, 0xf0, 0xf0, 0xb0, 0x07, 0xf1, 0xf1, 0xf1, 0xf1, 0x11, 0x03, 0x06, 0xf0, 0xd0, 0xf0, 0x90, 0xf1,
  0xf1, 0x61, 0x03, 0x14, 0x77, 0x04, 0x07, 0x03, 0xf1, 0x01, 0x07, 0xf0, 0xf0, 0xc0, 0x07, 0xf1, 0xf1, 0xf1, 0xf1, 0x05, 0xf0, 0xf0, 0xf0, 0x90,
  0x07, 0x03, 0xf1, 0xf1, 0xf1, 0xf1, 0x21, 0x04, 0xf0, 0xf0, 0xd0, 0x06, 0xf1, 0xf1, 0xf1, 0xf1, 0x05, 0xf0, 0xf0, 0xf0, 0xa0, 0x04, 0xf1, 0xf1,
  0xf1, 0xf1, 0x21, 0xf0, 0xf0, 0xf0, 0x04, 0x05, 0xf1, 0xf1, 0xf1, 0xb1, 0x03, 0x04, 0xf0, 0xf0, 0x00, 0xf0, 0xa0, 0x06, 0xf1, 0xf1, 0xf1, 0xf1,
  0x01, 0x05, 0x04, 0xf0, 0xf0, 0xf0, 0x00, 0x04, 0xf1, 0xf1, 0xf1, 0xb1, 0x03, 0xf0, 0xf0, 0x10, 0xf0, 0xb0, 0x06, 0x03, 0xf1, 0xf1, 0xf1, 0xe1,
  0x07, 0xf0, 0xf0, 0xf0, 0x10, 0x07, 0xf1, 0xf1, 0xf1, 0xc1, 0xf0, 0xf0, 0x10, 0xf0, 0xc0, 0x05, 0xf1, 0xf1, 0xf1, 0xe1, 0x05, 0xf0, 0xf0, 0xf0,
  0x20, 0x05, 0xf1, 0xf1, 0xf1, 0x91, 0x03, 0x04, 0xf0, 0xf0, 0x10, 0xf0, 0xc0, 0x05, 0xf1, 0xf1, 0xf1, 0xd1, 0x07, 0xf0, 0xf0, 0xf0, 0x40, 0x03,
  0xf1, 0xf1, 0xf1, 0x81, 0x04, 0xf0, 0xf0, 0x20, 0xf0, 0xd0, 0x07, 0xf1, 0xf1, 0xf1, 0xb1, 0x05, 0xf0, 0xf0, 0xf0, 0x60, 0x03, 0xf1, 0xf1, 0xf1,
  0x61, 0x04, 0xf0, 0xf0, 0x30, 0xf0, 0xe0, 0x05, 0xf1, 0xf1, 0xf1, 0x91, 0x03, 0x06, 0xf0, 0xf0, 0xf0, 0x70, 0x03, 0xf1, 0xf1, 0xf1, 0x31, 0x03,
  0x04, 0xf0, 0xf0, 0x40, 0xf0, 0xf0, 0x07, 0xf1, 0xf1, 0xf1, 0x71, 0x05, 0xf0, 0xf0, 0xf0, 0xa0, 0x03, 0xf1, 0xf1, 0xf1, 0x21, 0x04, 0xf0, 0xf0,
  0x50, 0xf0, 0xf0, 0x00, 0x07, 0xf1, 0xf1, 0xf1, 0x61, 0xf0, 0xf0, 0xf0, 0xb0, 0x04, 0x03, 0xf1, 0xf1, 0xf1, 0x01, 0x04, 0xf0, 0xf0, 0x60, 0xf0,
  0xf0, 0x10, 0x07, 0xf1, 0xf1, 0xf1, 0x31, 0x05, 0xf0, 0xf0, 0xf0, 0xd0, 0x04, 0x01, 0x13, 0xf1, 0xf1, 0xa1, 0x25, 0xf0, 0xf0, 0x70, 0xf0, 0xf0,
  0x20, 0x04, 0xf1, 0xf1, 0xf1, 0x21, 0xf0, 0xf0, 0xf0, 0xf0, 0x10, 0x06, 0xf1, 0xf1, 0x91, 0x05, 0xf0, 0xf0, 0xa0, 0xf0, 0xf0, 0x30, 0x14, 0x07,
  0xf1, 0xf1, 0xb1, 0x05, 0x06, 0x14, 0xf0, 0xf0, 0xf0, 0xf0, 0x20, 0x04, 0x07, 0xf1, 0xf1, 0x51, 0x03, 0x04, 0xf0, 0xf0, 0xb0, 0xf0, 0xf0, 0x60,
  0x03, 0xf1, 0xf1, 0xa1, 0x04, 0xf0, 0xf0, 0xf0, 0xf0, 0x70, 0x05, 0x31, 0x18, 0xf1, 0xc1, 0x03, 0x01, 0x04, 0xf0, 0xf0, 0xc0, 0xf0, 0xf0, 0x60,
  0x06, 0x04, 0x03, 0xf1, 0xf1, 0x61, 0x04, 0xf0, 0xf0, 0xf0, 0xf0, 0x90, 0x06, 0x04, 0x06, 0x03, 0x01, 0x28, 0xf1, 0xa1, 0x07, 0xf0, 0xf0, 0xf0,
  0xf0, 0xf0, 0x80, 0x04, 0x15, 0x03, 0xf1, 0xf1, 0x01, 0x25, 0xf0, 0xf0, 0xf0, 0xf0, 0xd0, 0x04, 0xf1, 0xb1, 0x13, 0x05, 0xf0, 0xf0, 0xf0, 0x00,
  0xf0, 0xf0, 0xb0, 0x07, 0xf1, 0xf1, 0x05, 0xf0, 0xf0, 0xf0, 0xf0, 0xf0, 0x50, 0x04, 0xf1, 0x18, 0x11, 0x04, 0xf0, 0xf0, 0xf0, 0x50, 0xf0, 0xf0,
  0xb0, 0x06, 0x45, 0xf1, 0x41, 0x03, 0x15, 0x27, 0x06, 0xf0, 0xf0, 0xf0, 0xf0, 0xf0, 0x60, 0xf1, 0x31, 0x04, 0xf0, 0xf0, 0xf0, 0x50, 0xf0, 0xf0,
  0xf0, 0x10, 0x03, 0xf1, 0x31, 0x05, 0xf0, 0xf0, 0xf0, 0xf0, 0xf0, 0xc0, 0x06, 0xf4, 0x24, 0xf0, 0xf0, 0xf0, 0x60, 0xf0, 0xf0, 0xf0, 0x10, 0x07,
  0xf3, 0x13, 0x05, 0x03, 0x04, 0xf0, 0xf0, 0xf0, 0xf0, 0xf0, 0xf0, 0xf0, 0xf0, 0xf0, 0xf0, 0x70, 0xf0, 0xf0, 0xf0, 0xf0, 0xf0, 0xf0, 0xf0, 0xf0,
  0xf0, 0xf0, 0xf0, 0xf0, 0xf0, 0xf0, 0xf0, 0xf0, 0xf0, 0xf0, 0xf0, 0xf0, 0xf0, 0xf0, 0xf0, 0xf0, 0xf0, 0xf0, 0xf0, 0xf0, 0xf0, 0xf0, 0xf0, 0xf0,
  0xf0, 0xf0, 0xf0, 0xf0, 0xf0, 0xf0, 0x10, 0x04, 0x00, 0x06, 0xf0, 0xf0, 0xf0, 0xf0, 0xf0, 0xf0, 0xa0, 0xf0, 0xf0, 0xf0, 0xf0, 0xf0, 0xf0, 0xf0,
  0xf0, 0x00, 0x07, 0x01, 0x03, 0x01, 0x07, 0xf0, 0xf0, 0xf0, 0xf0, 0xf0, 0xf0, 0x90, 0xf0, 0xf0, 0xf0, 0xf0, 0xf0, 0xf0, 0xf0, 0xd0, 0x06, 0x15,
  0x03, 0x21, 0x03, 0x05, 0x04, 0xf0, 0xf0, 0xf0, 0xf0, 0xf0, 0xf0, 0x70, 0xf0, 0xf0, 0xf0, 0xf0, 0xf0, 0xf0, 0xf0, 0xb0, 0x14, 0x03, 0x71, 0x05,
  0xf0, 0xf0, 0xf0, 0xf0, 0xf0, 0xf0, 0x70, 0xf0, 0xf0, 0xf0, 0xf0, 0xf0, 0xf0, 0xf0, 0xa0, 0x05, 0xa1, 0x05, 0xf0, 0xf0, 0xf0, 0xf0, 0xf0, 0xf0,
  0x70, 0xf0, 0xf0, 0xf0, 0xf0, 0xf0, 0xf0, 0xf0, 0x70, 0x07, 0x13, 0xb1, 0x05, 0xf0, 0xf0, 0xf0, 0xf0, 0xf0, 0xf0, 0x70, 0xf0, 0xf0, 0xf0, 0xf0,
  0xf0, 0xf0, 0xf0, 0x40, 0x14, 0x05, 0xe1, 0x05, 0xf0, 0xf0, 0xf0, 0xf0, 0xf0, 0xf0, 0x70, 0xf0, 0xf0, 0xf0, 0xf0, 0xf0, 0xf0, 0xf0, 0x30, 0x07,
  0xf1, 0x11, 0x05, 0xf0, 0xf0, 0xf0, 0xf0, 0xf0, 0xf0, 0x70, 0xf0, 0xf0, 0xf0, 0xf0, 0xf0, 0xf0, 0xf0, 0x00, 0x04, 0x13, 0xf1, 0x11, 0x03, 0x06,
  0xf0, 0xf0, 0xf0, 0xf0, 0xf0, 0xf0, 0x70, 0xf0, 0xf0, 0xf0, 0xf0, 0xf0, 0xf0, 0xd0, 0x06, 0x07, 0x05, 0x03, 0xf1, 0x31, 0x06, 0xf0, 0xf0, 0xf0,
  0xf0, 0xf0, 0xf0, 0x80, 0xf0, 0xf0, 0xf0, 0xf0, 0xf0, 0xf0, 0xc0, 0x04, 0x03, 0xf1, 0x21, 0x03, 0x15, 0x04, 0xf0, 0xf0, 0xf0, 0xf0, 0xf0, 0xf0,
  0x90, 0xf0, 0xf0, 0xf0, 0xf0, 0xf0, 0xf0, 0x90, 0x04, 0x13, 0xf1, 0x41, 0x04, 0xf0, 0xf0, 0xf0, 0xf0, 0xf0, 0xf0, 0xc0, 0xf0, 0xf0, 0xf0, 0xf0,
  0xf0, 0xf0, 0x60, 0x16, 0x07, 0x03, 0xf1, 0x21, 0x03, 0x17, 0x06, 0xf0, 0xf0, 0xf0, 0xf0, 0xf0, 0xf0, 0xd0, 0xf0, 0xf0, 0xf0, 0xf0, 0xf0, 0xf0,
  0x50, 0x06, 0x03, 0xf1, 0x41, 0x03, 0x06, 0xf0, 0xf0, 0xf0, 0xf0, 0xf0, 0xf0, 0xf0, 0x00, 0xf0, 0xf0, 0xf0, 0xf0, 0xf0, 0xf0, 0x30, 0x15, 0x03,
  0xf1, 0x31, 0x04, 0x16, 0xf0, 0xf0, 0xf0, 0xf0, 0xf0, 0xf0, 0xf0, 0x10, 0xf0, 0xf0, 0xf0, 0xf0, 0xf0, 0xf0, 0x00, 0x04, 0x07, 0x03, 0xf1, 0x31,
  0x03, 0x07, 0x04, 0xf0, 0xf0, 0xf0, 0xf0, 0xf0, 0xf0, 0xf0, 0x40, 0xf0, 0xf0, 0xf0, 0xf0, 0xf0, 0xf0, 0x00, 0x05, 0xf1, 0x21, 0x03, 0x01, 0x07,
  0xf0, 0xf0, 0xf0, 0xf0, 0xf0, 0xf0, 0xf0, 0x70, 0xf0, 0xf0, 0xf0, 0xf0, 0xf0, 0xf0, 0x05, 0x03, 0xf1, 0x11, 0x05, 0xf0, 0xf0, 0xf0, 0xf0, 0xf0,
  0xf0, 0xf0, 0xa0, 0xf0, 0xf0, 0xf0, 0xf0, 0xf0, 0xe0, 0x04, 0xf1, 0x01, 0x03, 0x14, 0xf0, 0xf0, 0xf0, 0xf0, 0xf0, 0xf0, 0xf0, 0xb0, 0xf0, 0xf0,
  0xf0, 0xf0, 0xf0, 0xe0, 0x04, 0xd1, 0x03, 0x15, 0xf0, 0xf0, 0xf0, 0xf0, 0xf0, 0xf0, 0xf0, 0xe0, 0xf0, 0xf0, 0xf0, 0xf0, 0xf0, 0xe0, 0x04, 0xc1,
  0x03, 0x06, 0xf0, 0xf0, 0xf0, 0xf0, 0xf0, 0xf0, 0xf0, 0xf0, 0x00, 0xf0, 0xf0, 0xf0, 0xf0, 0xf0, 0xe0, 0x04, 0x91, 0x03, 0x14, 0xf0, 0xf0, 0xf0,
  0xf0, 0xf0, 0xf0, 0xf0, 0xf0, 0x20, 0xf0, 0xf0, 0xf0, 0xf0, 0xf0, 0xe0, 0x06, 0x03, 0x51, 0x23, 0x06, 0xf0, 0xf0, 0xf0, 0xf0, 0xf0, 0xf0, 0xf0,
  0xf0, 0x40, 0xf0, 0xf0, 0xf0, 0xf0, 0xf0, 0xf0, 0x00, 0x03, 0x41, 0x06, 0xf0, 0xf0, 0xf0, 0xf0, 0xf0, 0xf0, 0xf0, 0xf0, 0x70, 0xf0, 0xf0, 0xf0,
  0xf0, 0xf0, 0xf0, 0x00, 0x04, 0x05, 0x37, 0xf0, 0xf0, 0xf0, 0xf0, 0xf0, 0xf0, 0xf0, 0xf0, 0x80, 0xf0, 0xf0, 0xf0, 0xf0, 0xf0, 0xf0, 0xf0, 0xf0,
  0xf0, 0xf0, 0xf0, 0xf0, 0xf0, 0xf0, 0xf0, 0xf0, 0xf0, 0xf0, 0xf0, 0xf0, 0xf0, 0xf0, 0xf0, 0xf0, 0xf0, 0xf0, 0xf0, 0xf0, 0xf0, 0xf0, 0xf0, 0xf0,
  0xf0, 0xf0, 0xf0, 0xf0, 0xf0, 0xf0, 0xf0, 0xf0, 0xf0, 0xf0, 0xf0, 0xf0, 0xf0, 0xf0, 0xf0, 0xf0, 0xf0, 0xf0, 0xf0, 0xf0, 0xf0, 0xf0, 0xf0, 0xf0,
  0xf0, 0xf0, 0xf0, 0xf0, 0xf0, 0xf0, 0xf0, 0xf0, 0xf0, 0xf0, 0xf0, 0xf0, 0xf0, 0xf0, 0xf0, 0xf0, 0xf0, 0xf0, 0xf0, 0xf0, 0xf0, 0xf0, 0xf0, 0xf0,
  0xf0, 0xf0, 0xf0, 0xf0, 0xf0, 0xf0, 0xf0, 0xf0, 0xf0, 0xf0, 0xf0, 0xf0, 0xf0, 0xf0, 0xf0, 0xf0, 0xf0, 0xf0, 0xf0, 0xf0, 0xf0, 0xf0, 0xf0, 0xf0,
  0xf0, 0xf0, 0xf0, 0xf0, 0xf0, 0xf0, 0xf0, 0xf0, 0xf0, 0xf0, 0xf0, 0xf0, 0xf0, 0xf0, 0xf0, 0xf0, 0xf0, 0xf0, 0xf0, 0xf0, 0xf0, 0xf0, 0xf0, 0xf0,
  0xf0, 0xf0, 0xf0, 0xf0, 0xf0, 0xf0, 0xf0, 0xf0, 0xf0, 0xf0, 0xf0, 0xf0, 0xf0, 0xf0, 0xf0, 0xf0, 0xf0, 0xf0, 0xf0, 0xf0, 0xf0, 0xf0, 0xf0, 0xf0,
  0xf0, 0xf0, 0xf0, 0xf0, 0xf0, 0xf0, 0xf0, 0xf0, 0xf0, 0xf0, 0xf0, 0xf0, 0xf0, 0xf0, 0xf0, 0xf0, 0xf0, 0xf0, 0xf0, 0xf0, 0xf0, 0xf0, 0xf0, 0xf0,
  0xf0, 0xf0, 0xf0, 0xf0, 0xf0, 0xf0, 0xf0, 0xf0, 0xf0, 0xf0, 0xf0, 0xf0, 0xf0, 0xf0, 0xf0, 0xf0, 0xf0, 0xf0, 0xf0, 0xf0, 0xf0, 0xf0, 0xf0, 0xf0,
  0xf0, 0xf0, 0xf0, 0xf0, 0xf0, 0xf0, 0xf0, 0xf0, 0xf0, 0xf0, 0xf0, 0xf0, 0xf0, 0xf0, 0xf0, 0xf0, 0xf0, 0xf0, 0xf0, 0xf0, 0xf0, 0xf0, 0xf0, 0xf0,
  0xf0, 0xf0, 0xf0, 0xf0, 0xf0, 0xf0, 0xf0, 0xf0, 0xf0, 0xf0, 0xf0, 0xf0, 0xf0, 0xf0, 0xf0, 0xf0, 0xf0, 0xf0, 0xf0, 0xf0, 0xf0, 0xf0, 0xf0, 0xf0,
  0xf0, 0xf0, 0xf0, 0xf0, 0xf0, 0xf0, 0xf0, 0xf0, 0xf0, 0xf0, 0xf0, 0xf0, 0xf0, 0xf0, 0xf0, 0xf0, 0xf0, 0xf0, 0xf0, 0xf0, 0xf0, 0xf0, 0xf0, 0xf0,
  0xf0, 0xf0, 0xf0, 0xf0, 0xf0, 0xf0, 0xf0, 0xf0, 0xf0, 0xf0, 0xf0, 0xf0, 0xf0, 0xf0, 0xf0, 0xf0, 0xf0, 0xf0, 0xf0, 0xf0, 0xf0, 0xf0, 0xf0, 0xf0,
  0xf0, 0xf0, 0xf0, 0xf0, 0xf0, 0xf0, 0xf0, 0xf0, 0xf0, 0xf0, 0xf0, 0xf0, 0xf0, 0xf0, 0xf0, 0xf0, 0xf0, 0xf0, 0xf0, 0xf0, 0xf0, 0xf0, 0xf0, 0xf0,
  0xf0, 0xf0, 0xf0, 0xf0, 0xf0, 0xf0, 0xf0, 0xf0, 0xf0, 0xf0,
};

static const uint16_t FACE_08_PALETTE[16] PROGMEM = {
  0x1ebe, 0x0d9c, 0x00e5, 0x02ad, 0x0b92, 0x0c55, 0x0189, 0x0000, 0x065f, 0x269f, 0x0084, 0x06bf, 0x1e7f, 0x1ebf, 0x0042, 0x0064
};
static const uint8_t FACE_08_RUNS[] PROGMEM = {
  0xf7, 0xf7, 0xf7, 0xf7, 0xf7, 0xf7, 0xf7, 0xf7, 0xf7, 0xf7, 0xf7, 0xf7, 0xf7, 0xf7, 0xf7, 0xf7, 0xf7, 0xf7, 0xf7, 0xf7, 0xf7, 0xf7, 0xf7, 0xf7,
  0xf7, 0xf7, 0xf7, 0xf7, 0xf7, 0xf7, 0xf7, 0xf7, 0xf7, 0xf7, 0xf7, 0xf7, 0xf7, 0xf7, 0xf7, 0xf7, 0xf7, 0xf7, 0xf7, 0xf7, 0xf7, 0xf7, 0xf7, 0xf7,
  0xf7, 0xf7, 0xf7, 0xf7, 0xf7, 0xf7, 0xf7, 0xf7, 0xf7, 0xf7, 0xf7, 0xf7, 0xf7, 0xf7, 0xf7, 0xf7, 0xf7, 0xf7, 0xf7, 0xf7, 0xf7, 0xf7, 0xf7, 0xf7,
  0xf7, 0xf7, 0xf7, 0xf7, 0xf7, 0xf7, 0xf7, 0xf7, 0xf7, 0xf7, 0xf7, 0xf7, 0xf7, 0xf7, 0xf7, 0xf7, 0xf7, 0xf7, 0xf7, 0xf7, 0xf7, 0xf7, 0xf7, 0xf7,
  0xf7, 0xf7, 0xf7, 0xf7, 0xf7, 0xf7, 0xf7, 0xf7, 0xf7, 0xf7, 0xf7, 0xf7, 0xf7, 0xf7, 0xf7, 0xf7, 0xf7, 0xf7, 0xf7, 0xf7, 0xf7, 0xf7, 0xf7, 0xf7,
  0xf7, 0xf7, 0xf7, 0xf7, 0xf7, 0xf7, 0xf7, 0xf7, 0xf7, 0xf7, 0xf7, 0xf7, 0xf7, 0xf7, 0xf7, 0xf7, 0xf7, 0xf7, 0xf7, 0xf7, 0xf7, 0xf7, 0xf7, 0xf7,
  0xf7, 0xf7, 0xf7, 0xf7, 0xf7, 0xf7, 0xf7, 0xf7, 0xf7, 0xf7, 0xf7, 0xf7, 0xf7, 0xf7, 0xf7, 0xf7, 0xf7, 0xf7, 0xf7, 0xf7, 0xf7, 0xf7, 0xf7, 0xf7,
  0xf7, 0xf7, 0xf7, 0xf7, 0xf7, 0xf7, 0xf7, 0xf7, 0xf7, 0xf7, 0xf7, 0xf7, 0xf7, 0xf7, 0xf7, 0xf7, 0xf7, 0xf7, 0xf7, 0xf7, 0xf7, 0xf7, 0xf7, 0xf7,
  0xf7, 0xf7, 0xf7, 0xf7, 0xf7, 0xf7, 0xf7, 0xf7, 0xf7, 0xf7, 0xf7, 0xf7, 0xf7, 0xf7, 0xf7, 0xf7, 0xf7, 0xf7, 0xf7, 0xf7, 0xf7, 0xf7, 0xf7, 0xf7,
  0xf7, 0xf7, 0xf7, 0xf7, 0xf7, 0xf7, 0xf7, 0xf7, 0xf7, 0xf7, 0xf7, 0xf7, 0xf7, 0xf7, 0xf7, 0xf7, 0xf7, 0xf7, 0xf7, 0xf7, 0xf7, 0xf7, 0xf7, 0xf7,
  0xf7, 0xf7, 0xf7, 0xf7, 0xf7, 0xf7, 0xf7, 0xf7, 0xf7, 0xf7, 0xf7, 0xf7, 0xf7, 0xf7, 0xf7, 0xf7, 0xf7, 0xf7, 0xf7, 0xf7, 0xf7, 0xf7, 0xf7, 0xf7,
  0xf7, 0xf7, 0xf7, 0xf7, 0xf7, 0xf7, 0xf7, 0xf7, 0xf7, 0xf7, 0xf7, 0xf7, 0xf7, 0xf7, 0xf7, 0xf7, 0xf7, 0xf7, 0xf7, 0xf7, 0xf7, 0xf7, 0xf7, 0xf7,
  0xf7, 0xf7, 0xf7, 0xf7, 0xf7, 0xf7, 0xf7, 0xf7, 0xf7, 0xf7, 0xf7, 0xf7, 0xf7, 0xf7, 0xf7, 0xf7, 0xf7, 0xf7, 0xf7, 0xf7, 0xf7, 0xf7, 0xf7, 0xf7,
  0xf7, 0xf7, 0xf7, 0xf7, 0xf7, 0xf7, 0xf7, 0xf7, 0xf7, 0xf7, 0xf7, 0xf7, 0xf7, 0xf7, 0xf7, 0xf7, 0xf7, 0xf7, 0xf7, 0xf7, 0xf7, 0xf7, 0xf7, 0xf7,
  0xf7, 0xf7, 0xf7, 0xf7, 0xf7, 0xf7, 0xf7, 0xf7, 0xf7, 0xf7, 0xf7, 0xf7, 0xf7, 0xf7, 0xf7, 0xf7, 0xf7, 0xf7, 0xf7, 0xf7, 0xf7, 0xf7, 0xf7, 0xf7,
  0xf7, 0xf7, 0xf7, 0xf7, 0xf7, 0xf7, 0xf7, 0xf7, 0xf7, 0xf7, 0xf7, 0xf7, 0xf7, 0xf7, 0xf7, 0xf7, 0xf7, 0xf7, 0xf7, 0xf7, 0xf7, 0xf7, 0xf7, 0xf7,
  0xf7, 0xf7, 0xf7, 0xf7, 0xf7, 0xf7, 0xf7, 0xf7, 0xf7, 0xf7, 0xf7, 0xf7, 0xf7, 0xf7, 0xf7, 0xf7, 0xf7, 0xf7, 0xf7, 0xf7, 0xf7, 0xf7, 0xf7, 0xf7,
  0xf7, 0xf7, 0xf7, 0xf7, 0xf7, 0xf7, 0xf7, 0xf7, 0xf7, 0xf7, 0xf7, 0xf7, 0xf7, 0xf7, 0xf7, 0xf7, 0xf7, 0xf7, 0xf7, 0xf7, 0xf7, 0xf7, 0xf7, 0xf7,
  0xf7, 0xf7, 0xf7, 0xf7, 0xf7, 0xf7, 0xf7, 0xf7, 0xf7, 0xf7, 0xf7, 0xf7, 0xf7, 0xf7, 0xf7, 0xf7, 0xf7, 0xf7, 0xf7, 0xf7, 0xf7, 0xf7, 0xf7, 0xf7,
  0xf7, 0xf7, 0xf7, 0xf7, 0xf7, 0xf7, 0xf7, 0xf7, 0xf7, 0xf7, 0xf7, 0xf7, 0xf7, 0xf7, 0xf7, 0xf7, 0xf7, 0xf7, 0xf7, 0xf7, 0xf7, 0xf7, 0xf7, 0xf7,
  0xf7, 0xf7, 0xf7, 0xf7, 0xf7, 0xf7, 0xf7, 0xf7, 0xf7, 0xf7, 0xf7, 0xf7, 0xf7, 0xf7, 0xf7, 0xf7, 0xf7, 0xf7, 0xf7, 0xf7, 0xf7, 0xf7, 0xf7, 0xf7,
  0xf7, 0xf7, 0xf7, 0xf7, 0xf7, 0xf7, 0xf7, 0xf7, 0xf7, 0xf7, 0xf7, 0xf7, 0xf7, 0xf7, 0xf7, 0xf7, 0xf7, 0xf7, 0xf7, 0xf7, 0xf7, 0xf7, 0xf7, 0xf7,
  0xf7, 0xf7, 0xf7, 0xf7, 0xf7, 0xf7, 0xf7, 0xf7, 0xf7, 0xf7, 0xf7, 0xf7, 0xf7, 0xf7, 0xf7, 0xf7, 0xf7, 0xf7, 0xf7, 0xf7, 0xf7, 0xf7, 0xf7, 0xf7,
  0xf7, 0xf7, 0xf7, 0xf7, 0xf7, 0xf7, 0xf7, 0xf7, 0xf7, 0xf7, 0xf7, 0xf7, 0xf7, 0xf7, 0xf7, 0xf7, 0xf7, 0xf7, 0xf7, 0xf7, 0xf7, 0xf7, 0xf7, 0xf7,
  0xf7, 0xf7, 0xf7, 0xf7, 0xf7, 0xf7, 0xf7, 0xf7, 0xf7, 0xf7, 0xf7, 0xf7, 0xf7, 0xf7, 0xf7, 0xf7, 0xf7, 0xf7, 0xf7, 0xf7, 0xf7, 0xf7, 0xf7, 0xf7,
  0xf7, 0xf7, 0xf7, 0xf7, 0xf7, 0xf7, 0xf7, 0xf7, 0xf7, 0xf7, 0xf7, 0xf7, 0xf7, 0xf7, 0xf7, 0xf7, 0xf7, 0xf7, 0xf7, 0xf7, 0xf7, 0xf7, 0xf7, 0xf7,
  0xf7, 0xf7, 0xf7, 0xf7, 0xf7, 0xf7, 0xf7, 0xf7, 0xf7, 0xf7, 0xf7, 0xf7, 0xf7, 0xf7, 0xf7, 0xf7, 0xf7, 0xf7, 0xf7, 0xf7, 0xf7, 0xf7, 0xf7, 0xf7,
  0xf7, 0xf7, 0xf7, 0xf7, 0xf7, 0xf7, 0xf7, 0xf7, 0xf7, 0xf7, 0xf7, 0xf7, 0xf7, 0xf7, 0xf7, 0xf7, 0xf7, 0xf7, 0xf7, 0xf7, 0xf7, 0xf7, 0xf7, 0xf7,
  0xf7, 0xf7, 0xf7, 0xf7, 0xf7, 0xf7, 0xf7, 0xf7, 0xf7, 0xf7, 0xf7, 0xf7, 0xf7, 0xf7, 0xf7, 0xf7, 0xf7, 0xf7, 0xf7, 0xf7, 0xf7, 0xf7, 0xf7, 0xf7,
  0xf7, 0xf7, 0xf7, 0xf7, 0xf7, 0xf7, 0xf7, 0xf7, 0xf7, 0xf7, 0xf7, 0xf7, 0xf7, 0xf7, 0xf7, 0xf7, 0xf7, 0xf7, 0xf7, 0xf7, 0xf7, 0xf7, 0xf7, 0xf7,
  0xf7, 0xf7, 0xf7, 0xf7, 0xf7, 0xf7, 0xf7, 0xf7, 0xf7, 0xf7, 0xf7, 0xf7, 0xf7, 0xf7, 0xf7, 0xf7, 0xf7, 0xf7, 0xf7, 0xf7, 0xf7, 0xf7, 0xf7, 0xf7,
  0xf7, 0xf7, 0xf7, 0xf7, 0xf7, 0xf7, 0xf7, 0xf7, 0xf7, 0xf7, 0xf7, 0xf7, 0xf7, 0xf7, 0xf7, 0xf7, 0xf7, 0xf7, 0xf7, 0xf7, 0xf7, 0xf7, 0xf7, 0xf7,
  0xf7, 0xf7, 0xf7, 0xf7, 0xf7, 0xf7, 0xf7, 0xf7, 0xf7, 0xf7, 0xf7, 0xf7, 0xf7, 0xf7, 0xf7, 0xf7, 0xf7, 0xf7, 0xf7, 0xf7, 0xf7, 0xf7, 0xf7, 0xf7,
  0xf7, 0xf7, 0xf7, 0xf7, 0xf7, 0xf7, 0xf7, 0xf7, 0xf7, 0xf7, 0xf7, 0xf7, 0xf7, 0xf7, 0xf7, 0xf7, 0xf7, 0xf7, 0xf7, 0xf7, 0xf7, 0x57, 0x0e, 0x97,
  0x0e, 0x12, 0x3e, 0xf7, 0xf7, 0xf7, 0xf7, 0xf7, 0x87, 0xfe, 0x3e, 0xf7, 0xf7, 0xf7, 0xa7, 0xf7, 0xf7, 0xf7, 0x47, 0x06, 0x25, 0x54, 0xa5, 0x04,
  0xf7, 0xf7, 0xf7, 0xf7, 0xf7, 0x47, 0x04, 0xf5, 0x35, 0x03, 0xf7, 0xf7, 0xf7, 0x97, 0xf7, 0xf7, 0xe7, 0x0a, 0x22, 0x0a, 0x02, 0x04, 0x00, 0xfb,
  0x1b, 0x00, 0x0b, 0x04, 0x03, 0x02, 0xf7, 0xf7, 0xf7, 0xf7, 0xe7, 0x23, 0x01, 0x00, 0xfb, 0x1b, 0x00, 0x01, 0x12, 0x2a, 0x02, 0xf7, 0xf7, 0xf7,
  0x37, 0xf7, 0xf7, 0xd7, 0x0e, 0x05, 0x51, 0x08, 0xf1, 0x20, 0x08, 0x1b, 0x04, 0xf7, 0xf7, 0xf7, 0xf7, 0xd7, 0x02, 0x00, 0x0b, 0x28, 0xb1, 0x28,
  0x11, 0x00, 0x18, 0x01, 0x05, 0x21, 0x05, 0x06, 0xf7, 0xf7, 0xf7, 0x27, 0xf7, 0xf7, 0x97, 0x0e, 0x14, 0x03, 0x04, 0x01, 0x38, 0x0b, 0x58, 0x41,
  0x68, 0x0c, 0x48, 0x01, 0x04, 0x02, 0xf7, 0xf7, 0xf7, 0xf7, 0xa7, 0x02, 0x04, 0xf8, 0x88, 0x5b, 0x01, 0x03, 0x16, 0x0a, 0xf7, 0xf7, 0xe7, 0xf7,
  0xf7, 0x77, 0x12, 0x06, 0x08, 0x00, 0x1b, 0x18, 0x11, 0x78, 0x51, 0xc8, 0x01, 0x02, 0xf7, 0xf7, 0xf7, 0xf7, 0x97, 0x0e, 0x05, 0x0b, 0x01, 0xf8,
  0x88, 0x2c, 0x38, 0x00, 0x0b, 0x04, 0xf7, 0xf7, 0xe7, 0xf7, 0xf7, 0x67, 0x02, 0x01, 0x10, 0x1b, 0xe8, 0x41, 0xc8, 0x01, 0x02, 0xf7, 0xf7, 0xf7,
  0xf7, 0x97, 0x02, 0x01, 0x0b, 0xf8, 0xa8, 0x1c, 0x48, 0x0b, 0x01, 0x13, 0x02, 0xf7, 0xf7, 0xb7, 0xf7, 0xf7, 0x47, 0x02, 0x03, 0x04, 0x08, 0x1b,
  0xf8, 0x08, 0x41, 0xc8, 0x01, 0x02, 0xf7, 0xf7, 0xf7, 0xf7, 0x97, 0x0e, 0x05, 0x0b, 0x01, 0xf8, 0xf8, 0x28, 0x1b, 0x01, 0x0a, 0xf7, 0xf7, 0xa7,
  0xf7, 0xf7, 0x47, 0x04, 0x2b, 0xf8, 0x38, 0x51, 0xa8, 0x01, 0x02, 0xf7, 0xf7, 0xf7, 0xf7, 0x97, 0x0e, 0x05, 0x0b, 0x01, 0xf8, 0xf8, 0x58, 0x04,
  0x02, 0x0e, 0xf7, 0xf7, 0x87, 0xf7, 0xf7, 0x27, 0x02, 0x03, 0x01, 0xf8, 0x48, 0x81, 0x88, 0x1b, 0x02, 0xf7, 0xf7, 0xf7, 0xf7, 0x97, 0x0e, 0x01,
  0x00, 0x01, 0xf8, 0x01, 0xf8, 0x48, 0x0b, 0x01, 0x06, 0xf7, 0xf7, 0x87, 0xf7, 0xf7, 0x27, 0x03, 0xf8, 0x28, 0x8b, 0x18, 0x4b, 0x58, 0x01, 0x04,
  0x0a, 0xf7, 0xf7, 0xf7, 0xf7, 0xa7, 0x03, 0x04, 0x01, 0x08, 0x01, 0x28, 0xfb, 0xf8, 0x18, 0x0b, 0x05, 0x06, 0xf7, 0xf7, 0x77, 0xf7, 0xf7, 0x07,
  0x0e, 0x04, 0x01, 0xc8, 0x5b, 0x01, 0x04, 0xd3, 0x01, 0x0b, 0x28, 0x0b, 0x03, 0xf7, 0xf7, 0xf7, 0xf7, 0xd7, 0x02, 0x01, 0x2b, 0x00, 0x01, 0xf3,
  0x01, 0xf8, 0x18, 0x0b, 0x00, 0x03, 0xf7, 0xf7, 0x67, 0xf7, 0xf7, 0x07, 0x0a, 0x01, 0x0b, 0x01, 0xf8, 0x08, 0x0b, 0x05, 0xe7, 0x02, 0x43, 0x0a,
  0xf7, 0xf7, 0xf7, 0xf7, 0xe7, 0x06, 0x23, 0x04, 0x06, 0xe7, 0x0e, 0x05, 0x0b, 0x00, 0x18, 0x0b, 0xc8, 0x1b, 0x04, 0xf7, 0xf7, 0x67, 0xf7, 0xf7,
  0x03, 0x11, 0xb8, 0x0b, 0x00, 0x05, 0x42, 0x0a, 0xf7, 0xf7, 0xf7, 0xf7, 0xf7, 0xf7, 0xf7, 0xa7, 0x0a, 0x06, 0x22, 0x06, 0x01, 0x0b, 0x08, 0x0b,
  0xb8, 0x01, 0x02, 0xf7, 0xf7, 0x47, 0xf7, 0xf7, 0x05, 0x00, 0xa8, 0x0b, 0x01, 0x05, 0x01, 0x03, 0xf7, 0xf7, 0xf7, 0xf7, 0xf7, 0xf7, 0xf7, 0xf7,
  0x67, 0x03, 0x11, 0x05, 0x01, 0x98, 0x0b, 0x08, 0x06, 0xf7, 0xf7, 0x47, 0xf7, 0xf7, 0x04, 0x0b, 0x00, 0x88, 0x11, 0x06, 0xf7, 0xf7, 0xf7, 0xf7,
  0xf7, 0xf7, 0xf7, 0xf7, 0xa7, 0x0e, 0x17, 0x04, 0x00, 0x0b, 0x78, 0x0b, 0x08, 0x06, 0xf7, 0xf7, 0x47, 0xf7, 0xf7, 0x04, 0x0b, 0x78, 0x0b, 0x01,
  0x06, 0x02, 0xf7, 0xf7, 0xf7, 0xf7, 0xf7, 0xf7, 0xf7, 0xf7, 0xe7, 0x02, 0x15, 0x78, 0x0b, 0x08, 0x06, 0xf7, 0xf7, 0x47, 0xf7, 0xf7, 0x05, 0x00,
  0x78, 0x01, 0x06, 0xf7, 0xf7, 0xf7, 0xf7, 0xf7, 0xf7, 0xf7, 0xf7, 0xf7, 0x27, 0x0e, 0x04, 0x00, 0x0b, 0x48, 0x0b, 0x08, 0x06, 0xf7, 0xf7, 0x47,
  0xf7, 0xf7, 0x04, 0x38, 0x0c, 0x08, 0x1b, 0x04, 0x0e, 0xf7, 0xf7, 0xf7, 0xf7, 0xf7, 0xf7, 0xf7, 0xf7, 0xf7, 0x47, 0x06, 0x11, 0x48, 0x0b, 0x01,
  0x06, 0xf7, 0xf7, 0x47, 0xf7, 0xf7, 0x0e, 0x06, 0x01, 0x0b, 0x08, 0x1b, 0x01, 0x03, 0x0a, 0xf7, 0xf7, 0xf7, 0xf7, 0xf7, 0xf7, 0xf7, 0xf7, 0xf7,
  0x67, 0x0e, 0x06, 0x01, 0x0b, 0x08, 0x1b, 0x01, 0x02, 0xf7, 0xf7, 0x57, 0xf7, 0xf7, 0x07, 0x0e, 0x05, 0x31, 0x03, 0xf7, 0xf7, 0xf7, 0xf7, 0xf7,
  0xf7, 0xf7, 0xf7, 0xf7, 0x97, 0x0e, 0x04, 0x31, 0x04, 0xf7, 0xf7, 0x67, 0xf7, 0xf7, 0x27, 0x12, 0x1a, 0xf7, 0xf7, 0xf7, 0xf7, 0xf7, 0xf7, 0xf7,
  0xf7, 0xf7, 0xc7, 0x0e, 0x07, 0x1e, 0xf7, 0xf7, 0x77, 0xf7, 0xf7, 0xf7, 0xf7, 0xf7, 0xf7, 0xf7, 0xf7, 0xf7, 0xf7, 0xf7, 0xf7, 0xf7, 0xf7, 0xf7,
  0xf7, 0xf7, 0xf7, 0xf7, 0xf7, 0xf7, 0xf7, 0xf7, 0xf7, 0xf7, 0xf7, 0xf7, 0xf7, 0xf7, 0xf7, 0xf7, 0xf7, 0xf7, 0xf7, 0xf7, 0xf7, 0xf7, 0xf7, 0xf7,
  0xf7, 0xf7, 0xf7, 0xf7, 0xf7, 0xf7, 0xf7, 0xf7, 0xf7, 0xf7, 0xf7, 0xf7, 0xf7, 0xf7, 0xf7, 0xf7, 0xf7, 0xf7, 0xf7, 0xf7, 0xf7, 0xf7, 0xf7, 0xf7,
  0xf7, 0xf7, 0xf7, 0xf7, 0xf7, 0xf7, 0xf7, 0xf7, 0xf7, 0xf7, 0xf7, 0xf7, 0xf7, 0xf7, 0xf7, 0x07, 0x0a, 0x02, 0x6a, 0xb2, 0x0e, 0xf7, 0xf7, 0xf7,
  0xf7, 0xf7, 0xb7, 0x0e, 0x02, 0x0a, 0x42, 0x6a, 0x02, 0x4a, 0x02, 0x0a, 0x07, 0x0e, 0xf7, 0xf7, 0xf7, 0x37, 0xf7, 0xf7, 0xf7, 0x03, 0x0d, 0x21,
  0x18, 0xd1, 0x08, 0x01, 0x0e, 0xf7, 0xf7, 0xf7, 0xf7, 0xf7, 0xa7, 0x03, 0x1b, 0x28, 0x11, 0x48, 0x71, 0x0b, 0x04, 0xf7, 0xf7, 0xf7, 0x57, 0xf7,
  0xf7, 0x77, 0x0e, 0x07, 0x0e, 0x06, 0x23, 0x06, 0x05, 0x00, 0x9b, 0x88, 0x0b, 0x08, 0x04, 0x43, 0x07, 0x0e, 0xf7, 0xf7, 0xf7, 0xf7, 0xb7, 0x0e,
  0x07, 0x02, 0x03, 0x04, 0x13, 0x04, 0x01, 0x1b, 0xf8, 0x08, 0x1b, 0x01, 0x04, 0x33, 0x02, 0xf7, 0xf7, 0xf7, 0xf7, 0xf7, 0x97, 0x03, 0x3b, 0xf8,
  0x78, 0x3b, 0x00, 0x01, 0x02, 0xf7, 0xf7, 0xf7, 0xf7, 0xe7, 0x03, 0x0b, 0x00, 0x0d, 0x10, 0x0b, 0xf8, 0x48, 0x4b, 0x00, 0x05, 0x0e, 0xf7, 0xf7,
  0xe7, 0xf7, 0xf7, 0x67, 0x02, 0x14, 0x01, 0x08, 0x01, 0xf8, 0xc8, 0x0c, 0x18, 0x01, 0x05, 0x04, 0xf7, 0xf7, 0xf7, 0xf7, 0x97, 0x02, 0x15, 0x01,
  0x18, 0x0c, 0xf8, 0xd8, 0x01, 0x04, 0x05, 0x03, 0xf7, 0xf7, 0xc7, 0xf7, 0xf7, 0x67, 0x06, 0x1b, 0xf8, 0xf8, 0x28, 0x1b, 0x08, 0x03, 0x02, 0xf7,
  0xf7, 0xf7, 0xf7, 0x77, 0x04, 0x1b, 0xf8, 0xf8, 0x38, 0x0b, 0x01, 0x06, 0xf7, 0xf7, 0xb7, 0xf7, 0xf7, 0x37, 0x02, 0x04, 0x11, 0x0b, 0xf8, 0xf8,
  0x78, 0x00, 0x03, 0xf7, 0xf7, 0xf7, 0xf7, 0x47, 0x03, 0x01, 0x00, 0xf8, 0xf8, 0x78, 0x11, 0x03, 0xf7, 0xf7, 0x97, 0xf7, 0xf7, 0x07, 0x0e, 0x12,
  0x06, 0x01, 0x00, 0xf8, 0xf8, 0x98, 0x0b, 0x01, 0x23, 0xf7, 0xf7, 0xf7, 0xe7, 0x26, 0x01, 0x0b, 0xf8, 0xf8, 0x98, 0x0b, 0x01, 0x06, 0x12, 0xf7,
  0xf7, 0x67, 0xf7, 0xf7, 0x07, 0x06, 0x0c, 0x08, 0x01, 0x08, 0x1c, 0xf8, 0xf8, 0xb8, 0x0d, 0x00, 0x06, 0xf7, 0xf7, 0xf7, 0xc7, 0x03, 0x18, 0x01,
  0xf8, 0xf8, 0xe8, 0x0b, 0x01, 0x02, 0xf7, 0xf7, 0x57, 0xf7, 0xf7, 0x06, 0x01, 0x3b, 0xf8, 0xf8, 0xe8, 0x0b, 0x01, 0x03, 0x02, 0xf7, 0xf7, 0xf7,
  0x97, 0x06, 0x01, 0x0b, 0xf8, 0xf8, 0xf8, 0x28, 0x05, 0x06, 0xf7, 0xf7, 0x47, 0xf7, 0xe7, 0x06, 0x00, 0x0b, 0xf8, 0xf8, 0xf8, 0x18, 0x2b, 0x00,
  0x03, 0xf7, 0xf7, 0xf7, 0x87, 0x06, 0x00, 0x0b, 0xf8, 0xf8, 0xf8, 0x38, 0x0b, 0x01, 0x02, 0xf7, 0xf7, 0x37, 0xf7, 0xd7, 0x06, 0x01, 0x0b, 0xf8,
  0xf8, 0xf8, 0x28, 0x0b, 0x2d, 0x01, 0x04, 0x02, 0xf7, 0xf7, 0xf7, 0x47, 0x02, 0x03, 0x01, 0x0b, 0xf8, 0xf8, 0xf8, 0x68, 0x01, 0x06, 0xf7, 0xf7,
  0x27, 0xf7, 0xc7, 0x06, 0x00, 0xf8, 0xf8, 0xf8, 0x48, 0x0b, 0x0d, 0x29, 0x0c, 0x03, 0xf7, 0xf7, 0xf7, 0x47, 0x03, 0x08, 0x0b, 0xf8, 0xf8, 0xf8,
  0x78, 0x0b, 0x01, 0x0a, 0xf7, 0xf7, 0x17, 0xf7, 0xb7, 0x0a, 0x05, 0x0b, 0xf8, 0xf8, 0xf8, 0x48, 0x0b, 0x0d, 0x29, 0x0d, 0x0c, 0x03, 0xf7, 0xf7,
  0xf7, 0x27, 0x06, 0x01, 0x0b, 0xf8, 0xf8, 0xf8, 0xa8, 0x01, 0x02, 0xf7, 0xf7, 0x07, 0xf7, 0xa7, 0x03, 0x0b, 0xf8, 0xf8, 0xf8, 0x68, 0x0b, 0x0d,
  0x39, 0x00, 0x01, 0x03, 0x02, 0xf7, 0xf7, 0xf7, 0x04, 0x1b, 0xf8, 0xf8, 0xf8, 0xb8, 0x0b, 0x05, 0x03, 0xf7, 0xf7, 0xf7, 0xa7, 0x03, 0x10, 0xf8,
  0xf8, 0xf8, 0x78, 0x0d, 0x59, 0x06, 0xf7, 0xf7, 0xf7, 0x04, 0x00, 0x08, 0x0c, 0xf8, 0xf8, 0xf8, 0xb8, 0x00, 0x05, 0xf7, 0xf7, 0xf7, 0xa7, 0x06,
  0xf8, 0xf8, 0xf8, 0xa8, 0x0d, 0x39, 0x01, 0x0a, 0xf7, 0xf7, 0xf7, 0x04, 0x00, 0x0b, 0x0c, 0xf8, 0xf8, 0xf8, 0xb8, 0x0b, 0x05, 0xf7, 0xf7, 0xf7,
  0x87, 0x02, 0x03, 0x01, 0xf8, 0xf8, 0xf8, 0xa8, 0x0c, 0x0d, 0x29, 0x01, 0x03, 0x02, 0xf7, 0xf7, 0xc7, 0x0a, 0x05, 0x01, 0x0b, 0x08, 0x0c, 0xf8,
  0xf8, 0xf8, 0xb8, 0x0b, 0x08, 0x04, 0xf7, 0xe7, 0xf7, 0x87, 0x06, 0x00, 0x0b, 0xf8, 0xf8, 0xf8, 0xb8, 0x4d, 0x00, 0x04, 0xf7, 0xf7, 0xc7, 0x06,
  0x0b, 0x00, 0x0c, 0xf8, 0xf8, 0xf8, 0xe8, 0x0b, 0x01, 0x02, 0xf7, 0xd7, 0xf7, 0x77, 0x03, 0x01, 0x08, 0x0b, 0xf8, 0xf8, 0xf8, 0xc8, 0x4d, 0x00,
  0x03, 0xf7, 0xf7, 0xa7, 0x03, 0x01, 0xf8, 0xf8, 0xf8, 0xf8, 0x08, 0x0c, 0x08, 0x0b, 0x00, 0x03, 0xf7, 0xc7, 0xf7, 0x77, 0x05, 0x00, 0xf8, 0xf8,
  0xf8, 0xe8, 0x0c, 0x4d, 0x03, 0xf7, 0xf7, 0xa7, 0x05, 0x00, 0xf8, 0xf8, 0xf8, 0xf8, 0x08, 0x1c, 0x0b, 0x00, 0x03, 0xf7, 0xc7, 0xf7, 0x67, 0x0e,
  0x04, 0x0b, 0xf8, 0xf8, 0xf8, 0xf8, 0x4d, 0x03, 0x02, 0xf7, 0xf7, 0x97, 0x04, 0x0b, 0xf8, 0xf8, 0xf8, 0xf8, 0x08, 0x1c, 0x1b, 0x03, 0x0e, 0xf7,
  0xb7, 0xf7, 0x57, 0x06, 0x05, 0x01, 0xf8, 0xf8, 0xf8, 0xf8, 0x18, 0x0c, 0x2d, 0x01, 0x05, 0x02, 0xf7, 0xf7, 0x67, 0x02, 0x04, 0x01, 0xf8, 0xf8,
  0xf8, 0xf8, 0x48, 0x0b, 0x01, 0x05, 0x02, 0xf7, 0xa7, 0xf7, 0x57, 0x03, 0x00, 0x0b, 0xf8, 0xf8, 0xf8, 0xf8, 0x28, 0x2d, 0x10, 0x03, 0xf7, 0xf7,
  0x67, 0x03, 0x00, 0x0b, 0xf8, 0xf8, 0xf8, 0xf8, 0x58, 0x0d, 0x00, 0x02, 0xf7, 0xa7, 0xf7, 0x57, 0x03, 0x0b, 0xf8, 0xf8, 0xf8, 0xf8, 0x38, 0x4d,
  0x03, 0xf7, 0xf7, 0x67, 0x03, 0x0b, 0xf8, 0xf8, 0xf8, 0xf8, 0x68, 0x0b, 0x01, 0x0a, 0xf7, 0xa7, 0xf7, 0x57, 0x03, 0x0b, 0xf8, 0xf8, 0xf8, 0xf8,
  0x38, 0x1d, 0x29, 0x03, 0xf7, 0xf7, 0x67, 0x03, 0x0b, 0xf8, 0xf8, 0xf8, 0xf8, 0x68, 0x0b, 0x01, 0x0a, 0xf7, 0xa7, 0xf7, 0x57, 0x03, 0x0b, 0xf8,
  0xf8, 0xf8, 0xf8, 0x38, 0x0b, 0x0d, 0x29, 0x03, 0xf7, 0xf7, 0x67, 0x03, 0x0b, 0xf8, 0xf8, 0xf8, 0xf8, 0x68, 0x0b, 0x01, 0x02, 0xf7, 0xa7, 0xf7,
  0x47, 0x02, 0x04, 0x0b, 0xf8, 0xf8, 0xf8, 0xf8, 0x48, 0x0d, 0x29, 0x05, 0x03, 0x02, 0xf7, 0xf7, 0x27, 0x02, 0x06, 0x04, 0x0b, 0xf8, 0xf8, 0xf8,
  0xf8, 0x78, 0x00, 0x04, 0x06, 0xf7, 0x97, 0xf7, 0x37, 0x04, 0x0d, 0x00, 0xf8, 0xf8, 0xf8, 0xf8, 0x58, 0x0d, 0x39, 0x00, 0x03, 0xf7, 0xf7, 0x27,
  0x03, 0x00, 0x0b, 0xf8, 0xf8, 0xf8, 0xf8, 0x98, 0x0d, 0x00, 0x02, 0xf7, 0x87, 0xf7, 0x37, 0x04, 0x00, 0xf8, 0xf8, 0xf8, 0xf8, 0x68, 0x0d, 0x29,
  0x0d, 0x00, 0x03, 0xf7, 0xf7, 0x27, 0x04, 0x1b, 0xf8, 0xf8, 0xf8, 0xf8, 0x98, 0x0b, 0x00, 0x02, 0xf7, 0x87, 0xf7, 0x37, 0x04, 0x00, 0xf8, 0xf8,
  0xf8, 0xf8, 0x68, 0x0c, 0x39, 0x00, 0x03, 0xf7, 0xf7, 0x27, 0x03, 0x0b, 0xf8, 0xf8, 0xf8, 0xf8, 0xa8, 0x0b, 0x00, 0x02, 0xf7, 0x87, 0xf7, 0x37,
  0x04, 0x00, 0xf8, 0xf8, 0xf8, 0xf8, 0x68, 0x0c, 0x39, 0x00, 0x03, 0xf7, 0xf7, 0x27, 0x03, 0x1b, 0xf8, 0xf8, 0xf8, 0xf8, 0x98, 0x0b, 0x00, 0x02,
  0xf7, 0x87, 0xf7, 0x37, 0x04, 0x00, 0xf8, 0xf8, 0xf8, 0xf8, 0x68, 0x0c, 0x0d, 0x19, 0x0d, 0x00, 0x03, 0xf7, 0xf7, 0x27, 0x03, 0x00, 0x0b, 0x1c,
  0xf8, 0xf8, 0xf8, 0xf8, 0x78, 0x0b, 0x00, 0x02, 0xf7, 0x87, 0xf7, 0x37, 0x04, 0x00, 0xf8, 0xf8, 0xf8, 0xf8, 0x78, 0x0d, 0x19, 0x0d, 0x00, 0x03,
  0xf7, 0xf7, 0x27, 0x03, 0x00, 0x0b, 0x1c, 0xf8, 0xf8, 0xf8, 0xf8, 0x78, 0x0b, 0x00, 0x02, 0xf7, 0x87, 0xf7, 0x37, 0x03, 0x00, 0xf8, 0xf8, 0xf8,
  0xf8, 0x78, 0x0c, 0x19, 0x0d, 0x00, 0x03, 0xf7, 0xf7, 0x27, 0x03, 0x00, 0x0b, 0x2c, 0xf8, 0xf8, 0xf8, 0xf8, 0x68, 0x0b, 0x00, 0x02, 0xf7, 0x87,
  0xf7, 0x37, 0x03, 0x00, 0xf8, 0xf8, 0xf8, 0xf8, 0x78, 0x0c, 0x0d, 0x09, 0x0d, 0x00, 0x03, 0xf7, 0xf7, 0x27, 0x03, 0x00, 0x0d, 0x2c, 0xf8, 0xf8,
  0xf8, 0xf8, 0x68, 0x0b, 0x00, 0x02, 0xf7, 0x87, 0xf7, 0x37, 0x03, 0x00, 0xf8, 0xf8, 0xf8, 0xf8, 0x88, 0x2d, 0x00, 0x03, 0xf7, 0xf7, 0x27, 0x03,
  0x00, 0x0d, 0x3c, 0xf8, 0xf8, 0xf8, 0xf8, 0x58, 0x0b, 0x00, 0x02, 0xf7, 0x87, 0xf7, 0x37, 0x03, 0x0b, 0x00, 0xf8, 0xf8, 0xf8, 0xf8, 0x88, 0x1c,
  0x00, 0x03, 0xf7, 0xf7, 0x27, 0x03, 0x00, 0x0d, 0x3c, 0xf8, 0xf8, 0xf8, 0xf8, 0x58, 0x0b, 0x00, 0x02, 0xf7, 0x87, 0xf7, 0x37, 0x03, 0x0b, 0x00,
  0xf8, 0x78, 0xfb, 0xfb, 0x7b, 0xa8, 0x00, 0x03, 0xf7, 0xf7, 0x27, 0x03, 0x00, 0x0b, 0x3c, 0x78, 0xfb, 0xfb, 0x5b, 0xf8, 0x78, 0x0b, 0x01, 0x02,
  0xf7, 0x87, 0xf7, 0x37, 0x03, 0x0b, 0x00, 0xf8, 0x78, 0xf1, 0x80, 0xc1, 0x10, 0xa8, 0x00, 0x03, 0xf7, 0xf7, 0x27, 0x03, 0x00, 0x0b, 0x08, 0x2c,
  0x98, 0xf0, 0xa1, 0x30, 0x28, 0x01, 0xf8, 0x88, 0x0b, 0x01, 0x02, 0xf7, 0x87, 0xf7, 0x37, 0x03, 0x0b, 0x00, 0x28, 0xab, 0x78, 0x0b, 0x05, 0x0a,
  0x16, 0xe2, 0x56, 0x52, 0x0a, 0x52, 0x06, 0x02, 0x03, 0x2b, 0x28, 0x5b, 0x03, 0xf7, 0xf7, 0x27, 0x03, 0x00, 0x6b, 0x0d, 0x08, 0x0b, 0x01, 0x03,
  0x26, 0xf2, 0xa2, 0x66, 0x02, 0x04, 0x1b, 0x08, 0x0b, 0x08, 0x2b, 0x48, 0x9b, 0x08, 0x0b, 0x01, 0x02, 0xf7, 0x87, 0xf7, 0x37, 0x03, 0xb0, 0xb1,
  0x00, 0x04, 0x07, 0x0a, 0x1f, 0xce, 0x5f, 0xbe, 0x2f, 0x0e, 0x06, 0x01, 0x00, 0x71, 0x00, 0x0b, 0x03, 0xf7, 0xf7, 0x27, 0x03, 0x00, 0x08, 0x71,
  0x00, 0x05, 0x0a, 0x0e, 0x0f, 0xfe, 0xae, 0x3f, 0x1e, 0x0f, 0x0e, 0x07, 0x03, 0xf1, 0x71, 0x0b, 0x01, 0x02, 0xf7, 0x87, 0xf7, 0x37, 0x03, 0x00,
  0x04, 0xb6, 0x82, 0x26, 0x32, 0xaa, 0x72, 0xaa, 0x52, 0x26, 0x22, 0x3a, 0x04, 0x0b, 0x06, 0xf7, 0xf7, 0x27, 0x03, 0x00, 0x05, 0x12, 0x76, 0x42,
  0xfa, 0x8a, 0x72, 0x0a, 0x52, 0x2a, 0xe2, 0x06, 0x11, 0x02, 0xf7, 0x87, 0xf7, 0x37, 0x03, 0x0b, 0x03, 0x07, 0x5e, 0x1f, 0x3e, 0x57, 0x1e, 0x2f,
  0x12, 0x5a, 0x2f, 0xca, 0x3f, 0x0e, 0x0f, 0x0e, 0x1f, 0x4a, 0x02, 0x0a, 0x0f, 0x2e, 0x57, 0x04, 0x08, 0x06, 0xf7, 0xf7, 0x27, 0x03, 0x00, 0x05,
  0x17, 0x3e, 0x2f, 0x0a, 0x32, 0x0a, 0x2f, 0x0a, 0x0f, 0xba, 0x6f, 0xaa, 0x0f, 0x2e, 0x27, 0xae, 0x47, 0x0e, 0x05, 0x01, 0x02, 0xf7, 0x87, 0xf7,
  0x37, 0x03, 0x0b, 0x04, 0x0e, 0x2a, 0x52, 0xda, 0x12, 0x5a, 0x1f, 0xfa, 0x5f, 0x6a, 0x02, 0x4a, 0x22, 0x1e, 0x05, 0x08, 0x06, 0xf7, 0xf7, 0x27,
  0x03, 0x00, 0x05, 0x0e, 0x02, 0x5a, 0x42, 0xfa, 0x3a, 0x4f, 0x7a, 0x02, 0xfa, 0x5a, 0x22, 0x07, 0x0a, 0x11, 0x0a, 0xf7, 0x87, 0xf7, 0x37, 0x03,
  0x0b, 0x03, 0x07, 0x3e, 0x2f, 0x4e, 0x57, 0x3e, 0x0f, 0x0a, 0x02, 0xfa, 0x7a, 0x5f, 0x7a, 0x1f, 0x0a, 0x1f, 0x3e, 0x07, 0x05, 0x08, 0x06, 0xf7,
  0xf7, 0x27, 0x03, 0x00, 0x05, 0x1e, 0x0f, 0x0e, 0x0f, 0x2a, 0x0f, 0x0a, 0x22, 0xfa, 0x3a, 0x3f, 0x8a, 0x12, 0x1a, 0x0f, 0xfe, 0x57, 0x02, 0x11,
  0x0a, 0xf7, 0x87, 0xf7, 0x37, 0x04, 0x0b, 0x04, 0x03, 0xf4, 0x34, 0x25, 0x06, 0x0e, 0x0a, 0x2f, 0xfa, 0x3a, 0x1f, 0x1a, 0x1f, 0x6a, 0x02, 0x04,
  0x75, 0x04, 0x01, 0x00, 0x06, 0xf7, 0xf7, 0x27, 0x03, 0x0b, 0x01, 0x14, 0x15, 0x41, 0x04, 0x1a, 0x02, 0xfa, 0x1a, 0x0f, 0x0a, 0x1f, 0xaa, 0x02,
  0x0f, 0x02, 0x04, 0x05, 0x74, 0x35, 0xa4, 0x11, 0x0a, 0xf7, 0x87, 0xf7, 0x37, 0x04, 0x00, 0x2b, 0xad, 0x0c, 0x6d, 0x09, 0x10, 0x03, 0x0e, 0x02,
  0x3f, 0xfa, 0x2a, 0x1f, 0x0a, 0x0f, 0x7a, 0x0f, 0x02, 0x10, 0x6d, 0x18, 0x0b, 0x06, 0xf7, 0xf7, 0x27, 0x03, 0x00, 0x0b, 0x00, 0x0b, 0x0d, 0x50,
  0x05, 0x1a, 0x02, 0xfa, 0x1a, 0x3f, 0xaa, 0x02, 0x0f, 0x06, 0x01, 0x00, 0xfd, 0x0d, 0x0c, 0x0d, 0x1c, 0x0d, 0x18, 0x01, 0x0a, 0xf7, 0x87, 0xf7,
  0x37, 0x02, 0x03, 0x05, 0x00, 0x1d, 0x99, 0x10, 0x1c, 0x0d, 0x29, 0x00, 0x19, 0x03, 0x07, 0x02, 0x3f, 0xfa, 0x2a, 0x3f, 0x3a, 0x1f, 0x2a, 0x02,
  0x01, 0x0d, 0x00, 0x19, 0x2c, 0x0d, 0x00, 0x04, 0x03, 0x0a, 0xf7, 0xf7, 0x27, 0x0a, 0x06, 0x04, 0x00, 0x0b, 0x0d, 0x19, 0x30, 0x04, 0x2a, 0x0f,
  0xfa, 0x0a, 0x4f, 0x9a, 0x02, 0x0f, 0x0a, 0x01, 0x00, 0x0c, 0x00, 0x2c, 0x89, 0x00, 0x0c, 0x00, 0x0d, 0x09, 0x00, 0x0c, 0x1d, 0x04, 0x06, 0x02,
  0xf7, 0x87, 0xf7, 0x57, 0x03, 0x0d, 0x0c, 0x00, 0x39, 0x20, 0x29, 0x00, 0x09, 0x10, 0x39, 0x00, 0x19, 0x05, 0x1e, 0x0f, 0x0a, 0x1f, 0xfa, 0xea,
  0x0e, 0x0f, 0x01, 0x09, 0x20, 0x0c, 0x00, 0x0c, 0x09, 0x01, 0x02, 0xf7, 0xf7, 0x67, 0x03, 0x0d, 0x0b, 0x0d, 0x19, 0x30, 0x05, 0x1f, 0x1a, 0x1f,
  0xfa, 0x1f, 0xba, 0x02, 0x0f, 0x06, 0x01, 0x30, 0x0c, 0xc9, 0x00, 0x09, 0x10, 0x09, 0x0c, 0x06, 0xf7, 0xa7, 0xf7, 0x57, 0x03, 0x00, 0x0c, 0xf9,
  0x69, 0x05, 0x06, 0x0e, 0x0a, 0x1f, 0xca, 0x0f, 0x0a, 0x0f, 0xda, 0x0e, 0x02, 0x03, 0x00, 0x0d, 0x10, 0x09, 0x0d, 0x09, 0x0c, 0x09, 0x00, 0x02,
  0xf7, 0xf7, 0x67, 0x03, 0x1d, 0x29, 0x20, 0x09, 0x00, 0x05, 0x06, 0x0e, 0x1a, 0x1f, 0xea, 0x0f, 0xca, 0x0f, 0x03, 0x01, 0x0c, 0x0d, 0x19, 0x2d,
  0x89, 0x4d, 0x29, 0x0c, 0x06, 0xf7, 0xa7, 0xf7, 0x57, 0x03, 0x1d, 0xf9, 0x59, 0x0d, 0x00, 0x05, 0x0e, 0x1a, 0x0f, 0xba, 0x2f, 0xea, 0x0e, 0x05,
  0x09, 0x1d, 0x09, 0x1d, 0x19, 0x0c, 0x09, 0x00, 0x06, 0xf7, 0xf7, 0x67, 0x03, 0x1d, 0x69, 0x00, 0x0d, 0x03, 0x07, 0x0a, 0x2f, 0xfa, 0x9a, 0x0f,
  0x0a, 0x0e, 0x07, 0x05, 0x00, 0x0c, 0xd9, 0x4d, 0x39, 0x00, 0x06, 0xf7, 0xa7, 0xf7, 0x57, 0x04, 0x00, 0x0d, 0xf9, 0x79, 0x04, 0x07, 0x0a, 0x1f,
  0xca, 0x0f, 0xfa, 0x07, 0x04, 0x00, 0x1d, 0x49, 0x00, 0x09, 0x00, 0x06, 0xf7, 0xf7, 0x67, 0x03, 0x10, 0x0d, 0x69, 0x00, 0x06, 0x07, 0x02, 0x0e,
  0x2f, 0xfa, 0xba, 0x02, 0x05, 0x0d, 0x0c, 0xf9, 0x59, 0x00, 0x0d, 0x06, 0xf7, 0xa7, 0xf7, 0x57, 0x03, 0x01, 0x0d, 0xf9, 0x79, 0x05, 0x06, 0x1a,
  0x0f, 0xba, 0x3f, 0xaa, 0x02, 0x0a, 0x02, 0x03, 0x01, 0x0d, 0x49, 0x1d, 0x09, 0x0d, 0x05, 0x02, 0xf7, 0xf7, 0x67, 0x06, 0x05, 0x00, 0x0d, 0x69,
  0x0c, 0x01, 0x03, 0x07, 0x0e, 0x2f, 0xfa, 0x5a, 0x0f, 0x2a, 0x07, 0x06, 0x01, 0x2c, 0xf9, 0x59, 0x00, 0x05, 0x02, 0xf7, 0xa7, 0xf7, 0x67, 0x02,
  0x01, 0x09, 0x00, 0xf9, 0x69, 0x01, 0x0a, 0x07, 0xba, 0x4f, 0x8a, 0x02, 0x0a, 0x02, 0x0a, 0x02, 0x10, 0x0c, 0x19, 0x0d, 0x19, 0x1d, 0x09, 0x04,
  0x02, 0xf7, 0xf7, 0x87, 0x0e, 0x04, 0x00, 0x79, 0x00, 0x04, 0x07, 0x0e, 0x0a, 0x0f, 0xfa, 0xaa, 0x07, 0x03, 0x00, 0x0d, 0x0c, 0xf9, 0x69, 0x03,
  0x0e, 0xf7, 0xb7, 0xf7, 0x77, 0x05, 0x10, 0xf9, 0x69, 0x0d, 0x04, 0x02, 0x2a, 0x02, 0x7a, 0x4f, 0x9a, 0x02, 0x0a, 0x02, 0x05, 0x0d, 0x29, 0x1d,
  0x39, 0x0d, 0x03, 0xf7, 0xf7, 0xa7, 0x04, 0x00, 0x89, 0x01, 0x04, 0x02, 0x0e, 0x2a, 0x0f, 0x0a, 0x0f, 0xda, 0x1f, 0x2a, 0x02, 0x1a, 0x04, 0x01,
  0x0c, 0x10, 0xf9, 0x69, 0x03, 0xf7, 0xc7, 0xf7, 0x77, 0x05, 0x00, 0x0c, 0xf9, 0x69, 0x00, 0x09, 0x00, 0x02, 0x07, 0x8a, 0x4f, 0x8a, 0x22, 0x0f,
  0x04, 0x00, 0x0d, 0x29, 0x2d, 0x29, 0x0d, 0x03, 0xf7, 0xf7, 0xa7, 0x04, 0x00, 0x19, 0x00, 0x59, 0x00, 0x0d, 0x03, 0x07, 0x1a, 0x4f, 0xca, 0x1f,
  0x2a, 0x0e, 0x07, 0x03, 0x0d, 0x00, 0x0c, 0xf9, 0x79, 0x00, 0x03, 0xf7, 0xc7, 0xf7, 0x77, 0x03, 0x04, 0x0d, 0x0c, 0x00, 0xf9, 0x69, 0x00, 0x04,
  0x02, 0x1a, 0x12, 0x3a, 0x6f, 0x7a, 0x02, 0x0a, 0x06, 0x05, 0x01, 0x00, 0x59, 0x0d, 0x00, 0x09, 0x01, 0x03, 0x02, 0xf7, 0xf7, 0xa7, 0x02, 0x04,
  0x01, 0x09, 0x00, 0x69, 0x0d, 0x01, 0x06, 0x0f, 0x2a, 0x3f, 0xaa, 0x2f, 0x1a, 0x02, 0x06, 0x03, 0x01, 0x0d, 0x0c, 0xf9, 0x79, 0x00, 0x03, 0x0a,
  0xf7, 0xc7, 0xf7, 0x87, 0x06, 0x00, 0xf9, 0x79, 0x10, 0x09, 0x01, 0x03, 0x07, 0x0e, 0x0a, 0x02, 0x2a, 0x1f, 0x1e, 0x2f, 0x7a, 0x1e, 0x04, 0x10,
  0x69, 0x0d, 0x09, 0x00, 0x01, 0xf7, 0xf7, 0xd7, 0x0a, 0x20, 0x89, 0x0c, 0x03, 0x17, 0x0f, 0x1a, 0x1f, 0xda, 0x0e, 0x07, 0x06, 0x00, 0x2d, 0xf9,
  0x79, 0x00, 0x01, 0x02, 0xf7, 0xd7, 0xf7, 0x87, 0x0a, 0x05, 0x01, 0x09, 0x00, 0xf9, 0x79, 0x00, 0x01, 0x06, 0x03, 0x12, 0x2a, 0x0f, 0x3e, 0x1f,
  0x3a, 0x0f, 0x0a, 0x0e, 0x0a, 0x04, 0x05, 0x00, 0x0d, 0x89, 0x0c, 0x05, 0x03, 0xf7, 0xf7, 0xd7, 0x02, 0x03, 0x05, 0x00, 0x89, 0x00, 0x01, 0x04,
  0x03, 0x3e, 0x0f, 0x9a, 0x0f, 0x1e, 0x07, 0x06, 0x04, 0x01, 0x00, 0x0d, 0xf9, 0x99, 0x01, 0x03, 0x02, 0xf7, 0xd7, 0xf7, 0xa7, 0x03, 0x0d, 0x10,
  0xf9, 0x79, 0x20, 0x03, 0x17, 0x1e, 0xaa, 0x02, 0x0f, 0x0e, 0x06, 0x0d, 0x00, 0x09, 0x0d, 0x89, 0x01, 0x02, 0xf7, 0xf7, 0xf7, 0x07, 0x03, 0xb9,
  0x00, 0x01, 0x0a, 0x07, 0x0f, 0x0e, 0x02, 0x1a, 0x62, 0x2a, 0x1e, 0x05, 0x00, 0x0d, 0x1c, 0xf9, 0x79, 0x00, 0x09, 0x03, 0xf7, 0xf7, 0xf7, 0xa7,
  0x04, 0x10, 0xf9, 0x89, 0x20, 0x01, 0x04, 0x15, 0x02, 0x07, 0x8e, 0x0a, 0x05, 0x01, 0x05, 0x01, 0xc9, 0x0d, 0x03, 0xf7, 0xf7, 0xf7, 0x07, 0x04,
  0xc9, 0x0c, 0x15, 0x01, 0x03, 0x07, 0x2e, 0x0a, 0x0f, 0x2a, 0x1e, 0x04, 0x01, 0x15, 0x00, 0x0d, 0x0c, 0x0d, 0xf9, 0x99, 0x00, 0x03, 0xf7, 0xf7,
  0xf7, 0xa7, 0x03, 0x20, 0xf9, 0x79, 0x10, 0x29, 0x10, 0x03, 0x02, 0x3a, 0x42, 0x06, 0x30, 0xb9, 0x01, 0x05, 0x02, 0xf7, 0xf7, 0xf7, 0x07, 0x03,
  0x01, 0x10, 0x89, 0x0d, 0x29, 0x00, 0x05, 0x12, 0x66, 0x02, 0x06, 0x01, 0x00, 0x0d, 0x19, 0x0d, 0xf9, 0x89, 0x00, 0x09, 0x00, 0x04, 0x02, 0xf7,
  0xf7, 0xf7, 0xb7, 0x06, 0x01, 0x10, 0xf9, 0xa9, 0x00, 0x19, 0xb1, 0x00, 0xa9, 0x20, 0x09, 0x04, 0xf7, 0xf7, 0xf7, 0x37, 0x0a, 0x01, 0x00, 0xa9,
  0x10, 0x0d, 0x0c, 0x41, 0x30, 0x11, 0x0c, 0x0d, 0x0c, 0x00, 0x0c, 0x0d, 0xf9, 0x69, 0x0d, 0x0c, 0x09, 0x00, 0x04, 0xf7, 0xf7, 0x17, 0xf7, 0xc7,
  0x03, 0x10, 0xf9, 0xa9, 0x10, 0x89, 0x40, 0xa9, 0x20, 0x05, 0x02, 0xf7, 0xf7, 0xf7, 0x47, 0x03, 0x01, 0x10, 0x89, 0x10, 0x1d, 0x19, 0x40, 0x49,
  0x0d, 0x10, 0xf9, 0xa9, 0x0c, 0x04, 0x02, 0xf7, 0xf7, 0x17, 0xf7, 0xd7, 0x03, 0x01, 0x09, 0x00, 0xf9, 0xc9, 0x60, 0xc9, 0x40, 0x04, 0x0e, 0xf7,
  0xf7, 0xf7, 0x67, 0x02, 0x01, 0x10, 0x99, 0x0d, 0x0c, 0x30, 0x29, 0x30, 0xf9, 0xb9, 0x00, 0x09, 0x00, 0x04, 0xf7, 0xf7, 0x37, 0xf7, 0xe7, 0x04,
  0x09, 0x0d, 0xf9, 0xf9, 0xe9, 0x50, 0x05, 0x02, 0xf7, 0xf7, 0xf7, 0x87, 0x03, 0x01, 0x09, 0x10, 0xf9, 0xf9, 0xf9, 0x19, 0x0c, 0x05, 0x02, 0xf7,
  0xf7, 0x37, 0xf7, 0xe7, 0x02, 0x03, 0x01, 0x09, 0x0c, 0xf9, 0xf9, 0xc9, 0x30, 0x09, 0x04, 0x0a, 0xf7, 0xf7, 0xf7, 0xa7, 0x0a, 0x05, 0xf9, 0xf9,
  0xf9, 0x29, 0x0d, 0x04, 0x02, 0xf7, 0xf7, 0x47, 0xf7, 0xf7, 0x07, 0x03, 0x20, 0x0d, 0xf9, 0xf9, 0x69, 0x10, 0x29, 0x20, 0x01, 0x0a, 0xf7, 0xf7,
  0xf7, 0xc7, 0x02, 0x01, 0x20, 0xf9, 0xf9, 0x89, 0x0d, 0x0c, 0x19, 0x10, 0x05, 0xf7, 0xf7, 0x67, 0xf7, 0xf7, 0x07, 0x02, 0x04, 0x05, 0x04, 0x10,
  0x19, 0x00, 0xf9, 0xf9, 0x19, 0x40, 0x0d, 0x04, 0x06, 0x03, 0x02, 0xf7, 0xf7, 0xf7, 0xe7, 0x06, 0x13, 0x05, 0xf9, 0xf9, 0x99, 0x10, 0x04, 0x06,
  0x04, 0x06, 0xf7, 0xf7, 0x67, 0xf7, 0xf7, 0x37, 0x0e, 0x05, 0x00, 0x19, 0x00, 0xf9, 0xf9, 0x19, 0x10, 0x09, 0x10, 0x05, 0x0a, 0xf7, 0xf7, 0xf7,
  0xf7, 0x47, 0x06, 0x50, 0xf9, 0xf9, 0x29, 0x0c, 0x00, 0x05, 0x02, 0xf7, 0xf7, 0x97, 0xf7, 0xf7, 0x47, 0x06, 0x04, 0x01, 0x20, 0x09, 0x30, 0xf9,
  0x69, 0x00, 0x49, 0x10, 0x05, 0x06, 0x0a, 0xf7, 0xf7, 0xf7, 0xf7, 0x57, 0x0a, 0x13, 0x01, 0x60, 0xf9, 0xd9, 0x00, 0x05, 0x02, 0x0a, 0xf7, 0xf7,
  0xa7, 0xf7, 0xf7, 0x67, 0x06, 0x04, 0x03, 0x01, 0x00, 0x39, 0x0d, 0xf9, 0x99, 0x0d, 0x01, 0x04, 0x05, 0x03, 0xf7, 0xf7, 0xf7, 0xf7, 0xa7, 0x04,
  0x05, 0x04, 0x00, 0xf9, 0xe9, 0x10, 0x03, 0x04, 0x03, 0xf7, 0xf7, 0xc7, 0xf7, 0xf7, 0x97, 0x03, 0x0d, 0x30, 0x0c, 0x0d, 0x20, 0x09, 0x10, 0x49,
  0x00, 0x09, 0x00, 0x09, 0x30, 0x29, 0x2d, 0x0b, 0x03, 0x07, 0x0e, 0xf7, 0xf7, 0xf7, 0xf7, 0xb7, 0x0a, 0x1e, 0x05, 0x0d, 0x30, 0x19, 0x20, 0x49,
  0x10, 0x69, 0x00, 0x39, 0x1d, 0x0b, 0x05, 0xf7, 0xf7, 0xf7, 0xf7, 0xf7, 0x97, 0x0a, 0x46, 0x05, 0x10, 0x09, 0x60, 0x49, 0x40, 0x09, 0x05, 0x43,
  0x0a, 0xf7, 0xf7, 0xf7, 0xf7, 0xf7, 0x07, 0x02, 0x03, 0x26, 0x03, 0x0c, 0x09, 0x00, 0xf9, 0x00, 0x09, 0x01, 0x23, 0x16, 0x0a, 0xf7, 0xf7, 0xf7,
  0xf7, 0xf7, 0xf7, 0x03, 0x10, 0xf9, 0x09, 0x0d, 0x00, 0x03, 0xf7, 0xf7, 0xf7, 0xf7, 0xf7, 0xb7, 0x02, 0x10, 0x39, 0x5d, 0x69, 0x00, 0x0d, 0x05,
  0xf7, 0xf7, 0xf7, 0x57, 0xf7, 0xf7, 0xf7, 0x02, 0xf3, 0x33, 0x04, 0x02, 0x07, 0x0e, 0xf7, 0xf7, 0xf7, 0xf7, 0xf7, 0x97, 0x02, 0xf3, 0x43, 0x06,
  0x17, 0x0e, 0xf7, 0xf7, 0xf7, 0x27, 0xf7, 0xf7, 0xf7, 0xf7, 0xf7, 0xf7, 0xf7, 0xf7, 0xf7, 0xf7, 0xf7, 0xf7, 0xf7, 0xf7, 0xf7, 0xf7, 0xf7, 0xf7,
  0xf7, 0xf7, 0xf7, 0xf7, 0xf7, 0xf7, 0xf7, 0xf7, 0xf7, 0xf7, 0xf7, 0xf7, 0xf7, 0xf7, 0xf7, 0xf7, 0xf7, 0xf7, 0xf7, 0xf7, 0xf7, 0xf7, 0xf7, 0xf7,
  0xf7, 0xf7, 0xf7, 0xf7, 0xf7, 0xf7, 0xf7, 0xf7, 0xf7, 0xf7, 0xf7, 0xf7, 0xf7, 0xf7, 0xf7, 0xf7, 0xf7, 0xf7, 0xf7, 0xf7, 0xf7, 0xf7, 0xf7, 0xf7,
  0xf7, 0xf7, 0xf7, 0xf7, 0xf7, 0xf7, 0xf7, 0xf7, 0xf7, 0xf7, 0xf7, 0xf7, 0xf7, 0xf7, 0xf7, 0x37, 0x04, 0xf5, 0x55, 0x94, 0x05, 0x03, 0xf7, 0xf7,
  0xf7, 0xf7, 0xf7, 0xf7, 0x87, 0xf7, 0xf7, 0xf7, 0xf7, 0xf7, 0xf7, 0x17, 0x02, 0x06, 0x0c, 0xf0, 0x80, 0x4d, 0x00, 0x0d, 0x00, 0x01, 0x06, 0x0e,
  0xf7, 0xf7, 0xf7, 0xf7, 0xf7, 0xf7, 0x67, 0xf7, 0xf7, 0xf7, 0xf7, 0xf7, 0xf7, 0x07, 0x0a, 0x05, 0x00, 0x0c, 0x30, 0x7c, 0x70, 0xdc, 0x01, 0x03,
  0xf7, 0xf7, 0xf7, 0xf7, 0xf7, 0xf7, 0x67, 0xf7, 0xf7, 0xf7, 0xf7, 0xf7, 0xf7, 0x07, 0x0a, 0x60, 0x7c, 0x80, 0xbc, 0x0d, 0x00, 0x03, 0xf7, 0xf7,
  0xf7, 0xf7, 0xf7, 0xf7, 0x67, 0xf7, 0xf7, 0xf7, 0xf7, 0xf7, 0xf7, 0x07, 0x0a, 0x01, 0x0d, 0x0c, 0x10, 0xac, 0x29, 0x40, 0xbc, 0x1d, 0x03, 0xf7,
  0xf7, 0xf7, 0xf7, 0xf7, 0xf7, 0x67, 0xf7, 0xf7, 0xf7, 0xf7, 0xf7, 0xf7, 0x07, 0x0a, 0x01, 0x00, 0x0c, 0x00, 0xac, 0x0d, 0x29, 0x30, 0xac, 0x0d,
  0x0c, 0x1d, 0x03, 0xf7, 0xf7, 0xf7, 0xf7, 0xf7, 0xf7, 0x67, 0xf7, 0xf7, 0xf7, 0xf7, 0xf7, 0xf7, 0x07, 0x0a, 0x01, 0x0d, 0x0c, 0x00, 0xac, 0x1d,
  0x09, 0x10, 0x09, 0x0d, 0xcc, 0x2d, 0x03, 0xf7, 0xf7, 0xf7, 0xf7, 0xf7, 0xf7, 0x67, 0xf7, 0xf7, 0xf7, 0xf7, 0xf7, 0xf7, 0x07, 0x02, 0x10, 0xfc,
  0xfc, 0x1c, 0x0d, 0x00, 0x03, 0xf7, 0xf7, 0xf7, 0xf7, 0xf7, 0xf7, 0x67, 0xf7, 0xf7, 0xf7, 0xf7, 0xf7, 0xf7, 0x07, 0x0a, 0x05, 0x01, 0x00, 0xfc,
  0xfc, 0x0d, 0x01, 0x05, 0x06, 0xf7, 0xf7, 0xf7, 0xf7, 0xf7, 0xf7, 0x67, 0xf7, 0xf7, 0xf7, 0xf7, 0xf7, 0xf7, 0x17, 0x02, 0x04, 0x0b, 0x3d, 0x40,
  0x1d, 0x30, 0xad, 0x40, 0x0d, 0x00, 0x01, 0x02, 0xf7, 0xf7, 0xf7, 0xf7, 0xf7, 0xf7, 0x77, 0xf7, 0xf7, 0xf7, 0xf7, 0xf7, 0xf7, 0x27, 0x02, 0xf4,
  0xf4, 0x14, 0x03, 0xf7, 0xf7, 0xf7, 0xf7, 0xf7, 0xf7, 0x87, 0xf7, 0xf7, 0xf7, 0xf7, 0xf7, 0xf7, 0xf7, 0xf7, 0xf7, 0xf7, 0xf7, 0xf7, 0xf7, 0xf7,
  0xf7, 0xf7, 0xf7, 0xf7, 0xf7, 0xf7, 0xf7, 0xf7, 0xf7, 0xf7, 0xf7, 0xf7, 0xf7, 0xf7, 0xf7, 0xf7, 0xf7, 0xf7, 0xf7, 0xf7, 0xf7, 0xf7, 0xf7, 0xf7,
  0xf7, 0xf7, 0xf7, 0xf7, 0xf7, 0xf7, 0xf7, 0xf7, 0xf7, 0xf7, 0xf7, 0xf7, 0xf7, 0xf7, 0xf7, 0xf7, 0xf7, 0xf7, 0xf7, 0xf7, 0xf7, 0xf7, 0xf7, 0xf7,
  0xf7, 0xf7, 0xf7, 0xf7, 0xf7, 0xf7, 0xf7, 0xf7, 0xf7, 0xf7, 0xf7, 0xf7, 0xf7, 0xf7, 0xf7, 0xf7, 0xf7, 0xf7, 0xf7, 0xf7, 0xf7, 0xf7, 0xf7, 0xf7,
  0xf7, 0xf7, 0xf7, 0xf7, 0xf7, 0xf7, 0xf7, 0xf7, 0xf7, 0xf7, 0xf7, 0xf7, 0xf7, 0xf7, 0xf7, 0xf7, 0xf7, 0xf7, 0xf7, 0xf7, 0xf7, 0xf7, 0xf7, 0xf7,
  0xf7, 0xf7, 0xf7, 0xf7, 0xf7, 0xf7, 0xf7, 0xf7, 0xf7, 0xf7, 0xf7, 0xf7, 0xf7, 0xf7, 0xf7, 0xf7, 0xf7, 0xf7, 0xf7, 0xf7, 0xf7, 0xf7, 0xf7, 0xf7,
  0xf7, 0xf7, 0xf7, 0xf7, 0xf7, 0xf7, 0xf7, 0xf7, 0xf7, 0xf7, 0xf7, 0xf7, 0xf7, 0xf7, 0xf7, 0xf7, 0xf7, 0xf7, 0xf7, 0xf7, 0xf7, 0xf7, 0xf7, 0xf7,
  0xf7, 0xf7, 0xf7, 0xf7, 0xf7, 0xf7, 0xf7, 0xf7, 0xf7, 0xf7, 0xf7, 0xf7, 0xf7, 0xf7, 0xf7, 0xf7, 0xf7, 0xf7, 0xf7, 0xf7, 0xf7, 0xf7, 0xf7, 0xf7,
  0xf7, 0xf7, 0xf7, 0xf7, 0xf7, 0xf7, 0xf7, 0xf7, 0xf7, 0xf7, 0xf7, 0xf7, 0xf7, 0xf7, 0xf7, 0xf7, 0xf7, 0xf7, 0xf7, 0xf7, 0xf7, 0xf7, 0xf7, 0xf7,
  0xf7, 0xf7, 0xf7, 0xf7, 0xf7, 0xf7, 0xf7, 0xf7, 0xf7, 0xf7, 0xf7, 0xf7, 0xf7, 0xf7, 0xf7, 0xf7, 0xf7, 0xf7, 0xf7, 0xf7, 0xf7, 0xf7, 0xf7, 0xf7,
  0xf7, 0xf7, 0xf7, 0xf7, 0xf7, 0xf7, 0xf7, 0xf7, 0xf7, 0xf7, 0xf7, 0xf7, 0xf7, 0xf7, 0xf7, 0xf7, 0xf7, 0xf7, 0xf7, 0xf7, 0xf7, 0xf7, 0xf7, 0xf7,
  0xf7, 0xf7, 0xf7, 0xf7, 0xf7, 0xf7, 0xf7, 0xf7, 0xf7, 0xf7, 0xf7, 0xf7, 0xf7, 0xf7, 0xf7, 0xf7, 0xf7, 0xf7, 0xf7, 0xf7, 0xf7, 0xf7, 0xf7, 0xf7,
  0xf7, 0xf7, 0xf7, 0xf7, 0xf7, 0xf7, 0xf7, 0xf7, 0xf7, 0xf7, 0xf7, 0xf7, 0xf7, 0xf7, 0xf7, 0xf7, 0xf7, 0xf7, 0xf7, 0xf7, 0xf7, 0xf7, 0xf7, 0xf7,
  0xf7, 0xf7, 0xf7, 0xf7, 0xf7, 0xf7, 0xf7, 0xf7, 0xf7, 0xf7, 0xf7, 0xf7, 0xf7, 0xf7, 0xf7, 0xf7, 0xf7, 0xf7, 0xf7, 0xf7, 0xf7, 0xf7, 0xf7, 0xf7,
  0xf7, 0xf7, 0xf7, 0xf7, 0xf7, 0xf7, 0xf7, 0xf7, 0xf7, 0xf7, 0xf7, 0xf7, 0xf7, 0xf7, 0xf7, 0xf7, 0xf7, 0xf7, 0xf7, 0xf7, 0xf7, 0xf7, 0xf7, 0xf7,
  0xf7, 0xf7, 0xf7, 0xf7, 0xf7, 0xf7, 0xf7, 0xf7, 0xf7, 0xf7, 0xf7, 0xf7, 0xf7, 0xf7, 0xf7, 0xf7, 0xf7, 0xf7, 0xf7, 0xf7, 0xf7, 0xf7, 0xf7, 0xf7,
  0xf7, 0xf7, 0xf7, 0xf7, 0xf7, 0xf7, 0xf7, 0xf7, 0xf7, 0xf7, 0xf7, 0xf7, 0xf7, 0xf7, 0xf7, 0xf7, 0xf7, 0xf7, 0xf7, 0xf7, 0xf7, 0xf7, 0xf7, 0xf7,
  0xf7, 0xf7, 0xf7, 0xf7, 0xf7, 0xf7, 0xf7, 0xf7, 0xf7, 0xf7, 0xf7, 0xf7, 0xf7, 0xf7, 0xf7, 0xf7, 0xf7, 0xf7, 0xf7, 0xf7, 0xf7, 0xf7,
};

static const uint16_t FACE_09_PALETTE[16] PROGMEM = {
  0x0000, 0x167f, 0xf2d5, 0x059c, 0x0c95, 0x026d, 0x0372, 0x01a9, 0x50a6, 0x996c, 0x6908, 0xa22d, 0xc1af, 0xfbb8, 0xba50, 0xd1f1
};
static const uint8_t FACE_09_RUNS[] PROGMEM = {
  0xf0, 0xf0, 0xf0, 0xf0, 0xf0, 0xf0, 0xf0, 0xf0, 0xf0, 0xf0, 0xf0, 0xf0, 0xf0, 0xf0, 0xf0, 0xf0, 0xf0, 0xf0, 0xf0, 0xf0, 0xf0, 0xf0, 0xf0, 0xf0,
  0xf0, 0xf0, 0xf0, 0xf0, 0xf0, 0xf0, 0xf0, 0xf0, 0xf0, 0xf0, 0xf0, 0xf0, 0xf0, 0xf0, 0xf0, 0xf0, 0xf0, 0xf0, 0xf0, 0xf0, 0xf0, 0xf0, 0xf0, 0xf0,
  0xf0, 0xf0, 0xf0, 0xf0, 0xf0, 0xf0, 0xf0, 0xf0, 0xf0, 0xf0, 0xf0, 0xf0, 0xf0, 0xf0, 0xf0, 0xf0, 0xf0, 0xf0, 0xf0, 0xf0, 0xf0, 0xf0, 0xf0, 0xf0,
  0xf0, 0xf0, 0xf0, 0xf0, 0xf0, 0xf0, 0xf0, 0xf0, 0xf0, 0xf0, 0xf0, 0xf0, 0xf0, 0xf0, 0xf0, 0xf0, 0xf0, 0xf0, 0xf0, 0xf0, 0xf0, 0xf0, 0xf0, 0xf0,
  0xf0, 0xf0, 0xf0, 0xf0, 0xf0, 0xf0, 0xf0, 0xf0, 0xf0, 0xf0, 0xf0, 0xf0, 0xf0, 0xf0, 0xf0, 0xf0, 0xf0, 0xf0, 0xf0, 0xf0, 0xf0, 0xf0, 0xf0, 0xf0,
  0xf0, 0xf0, 0xf0, 0xf0, 0xf0, 0xf0, 0xf0, 0xf0, 0xf0, 0xf0, 0xf0, 0xf0, 0xf0, 0xf0, 0xf0, 0xf0, 0xf0, 0xf0, 0xf0, 0xf0, 0xf0, 0xf0, 0xf0, 0xf0,
  0xf0, 0xf0, 0xf0, 0xf0, 0xf0, 0xf0, 0xf0, 0xf0, 0xf0, 0xf0, 0xf0, 0xf0, 0xf0, 0xf0, 0xf0, 0xf0, 0xf0, 0xf0, 0xf0, 0xf0, 0xf0, 0xf0, 0xf0, 0xf0,
  0xf0, 0xf0, 0xf0, 0xf0, 0xf0, 0xf0, 0xf0, 0xf0, 0xf0, 0xf0, 0xf0, 0xf0, 0xf0, 0xf0, 0xf0, 0xf0, 0xf0, 0xf0, 0xf0, 0xf0, 0xf0, 0xf0, 0xf0, 0xf0,
  0xf0, 0xf0, 0xf0, 0xf0, 0xf0, 0xf0, 0xf0, 0xf0, 0xf0, 0xf0, 0xf0, 0xf0, 0xf0, 0xf0, 0xf0, 0xf0, 0xf0, 0xf0, 0xf0, 0xf0, 0xf0, 0xf0, 0xf0, 0xf0,
  0xf0, 0xf0, 0xf0, 0xf0, 0xf0, 0xf0, 0xf0, 0xf0, 0xf0, 0xf0, 0xf0, 0xf0, 0xf0, 0xf0, 0xf0, 0xf0, 0xf0, 0xf0, 0xf0, 0xf0, 0xf0, 0xf0, 0xf0, 0xf0,
  0xf0, 0xf0, 0xf0, 0xf0, 0xf0, 0xf0, 0xf0, 0xf0, 0xf0, 0xf0, 0xf0, 0xf0, 0xf0, 0xf0, 0xf0, 0xf0, 0xf0, 0xf0, 0xf0, 0xf0, 0xf0, 0xf0, 0xf0, 0xf0,
  0xf0, 0xf0, 0xf0, 0xf0, 0xf0, 0xf0, 0xf0, 0xf0, 0xf0, 0xf0, 0xf0, 0xf0, 0xf0, 0xf0, 0xf0, 0xf0, 0xf0, 0xf0, 0xf0, 0xf0, 0xf0, 0xf0, 0xf0, 0xf0,
  0xf0, 0xf0, 0xf0, 0xf0, 0xf0, 0xf0, 0xf0, 0xf0, 0xf0, 0xf0, 0xf0, 0xf0, 0xf0, 0xf0, 0xf0, 0xf0, 0xf0, 0xf0, 0xf0, 0xf0, 0xf0, 0xf0, 0xf0, 0xf0,
  0xf0, 0xf0, 0xf0, 0xf0, 0xf0, 0xf0, 0xf0, 0xf0, 0xf0, 0xf0, 0xf0, 0xf0, 0xf0, 0xf0, 0xf0, 0xf0, 0xf0, 0xf0, 0xf0, 0xf0, 0xf0, 0xf0, 0xf0, 0xf0,
  0xf0, 0xf0, 0xf0, 0xf0, 0xf0, 0xf0, 0xf0, 0xf0, 0xf0, 0xf0, 0xf0, 0xf0, 0xf0, 0xf0, 0xf0, 0xf0, 0xf0, 0xf0, 0xf0, 0xf0, 0xf0, 0xf0, 0xf0, 0xf0,
  0xf0, 0xf0, 0xf0, 0xf0, 0xf0, 0xf0, 0xf0, 0xf0, 0xf0, 0xf0, 0xf0, 0xf0, 0xf0, 0xf0, 0xf0, 0xf0, 0xf0, 0xf0, 0xf0, 0xf0, 0xf0, 0xf0, 0xf0, 0xf0,
  0xf0, 0xf0, 0xf0, 0xf0, 0xf0, 0xf0, 0xf0, 0xf0, 0xf0, 0xf0, 0xf0, 0xf0, 0xf0, 0xf0, 0xf0, 0xf0, 0xf0, 0xf0, 0xf0, 0xf0, 0xf0, 0xf0, 0xf0, 0xf0,
  0xf0, 0xf0, 0xf0, 0xf0, 0xf0, 0xf0, 0xf0, 0xf0, 0xf0, 0xf0, 0xf0, 0xf0, 0xf0, 0xf0, 0xf0, 0xf0, 0xf0, 0xf0, 0xf0, 0xf0, 0xf0, 0xf0, 0xf0, 0xf0,
  0xf0, 0xf0, 0xf0, 0xf0, 0xf0, 0xf0, 0xf0, 0xf0, 0xf0, 0xf0, 0xf0, 0xf0, 0xf0, 0xf0, 0xf0, 0xf0, 0xf0, 0xf0, 0xf0, 0xf0, 0xf0, 0xf0, 0xf0, 0xf0,
  0xf0, 0xf0, 0xf0, 0xf0, 0xf0, 0xf0, 0xf0, 0xf0, 0xf0, 0xf0, 0xf0, 0xf0, 0xf0, 0xf0, 0xf0, 0xf0, 0xf0, 0xf0, 0xf0, 0xf0, 0xf0, 0xf0, 0xf0, 0xf0,
  0xf0, 0xf0, 0xf0, 0xf0, 0xf0, 0xf0, 0xf0, 0xf0, 0xf0, 0xf0, 0xf0, 0xf0, 0xf0, 0xf0, 0xf0, 0xf0, 0xf0, 0xf0, 0x80, 0x87, 0xf0, 0xf0, 0xf0, 0xf0,
  0xf0, 0xf0, 0x20, 0xf7, 0xf0, 0xf0, 0xf0, 0xa0, 0xf0, 0xf0, 0xf0, 0x70, 0x06, 0x61, 0x73, 0x01, 0x03, 0xf0, 0xf0, 0xf0, 0xf0, 0xf0, 0x90, 0x06,
  0x01, 0x03, 0xb1, 0x03, 0x01, 0x03, 0xf0, 0xf0, 0xf0, 0x90, 0xf0, 0xf0, 0xf0, 0x20, 0x05, 0x06, 0x25, 0x03, 0xf1, 0x01, 0x06, 0x15, 0x06, 0x05,
  0xf0, 0xf0, 0xf0, 0xf0, 0xf0, 0x07, 0x03, 0x14, 0x06, 0x03, 0xf1, 0x01, 0x06, 0x35, 0xf0, 0xf0, 0xf0, 0x40, 0xf0, 0xf0, 0xf0, 0x10, 0x07, 0x03,
  0xd1, 0x53, 0x51, 0x03, 0x05, 0xf0, 0xf0, 0xf0, 0xf0, 0xd0, 0x07, 0x06, 0x31, 0xf3, 0x13, 0x41, 0x04, 0xf0, 0xf0, 0xf0, 0x30, 0xf0, 0xf0, 0xf0,
  0x04, 0x23, 0xd1, 0x43, 0x61, 0x03, 0x01, 0x03, 0xf0, 0xf0, 0xf0, 0xf0, 0xb0, 0x06, 0x21, 0x63, 0xf1, 0x21, 0x03, 0x26, 0xf0, 0xf0, 0xf0, 0x00,
  0xf0, 0xf0, 0xd0, 0x07, 0x06, 0xf1, 0x21, 0x43, 0x81, 0x06, 0x07, 0xf0, 0xf0, 0xf0, 0xf0, 0x80, 0x06, 0x03, 0x31, 0x53, 0xf1, 0x61, 0x04, 0xf0,
  0xf0, 0xf0, 0xf0, 0xf0, 0xc0, 0x03, 0xf1, 0xf1, 0x31, 0x06, 0xf0, 0xf0, 0xf0, 0xf0, 0x70, 0x07, 0x11, 0x03, 0x31, 0x53, 0xf1, 0x51, 0x03, 0x26,
  0xf0, 0xf0, 0xc0, 0xf0, 0xf0, 0xa0, 0x05, 0x06, 0xf1, 0xf1, 0x41, 0x06, 0xf0, 0xf0, 0xf0, 0xf0, 0x70, 0x07, 0x81, 0x63, 0xf1, 0x61, 0x07, 0xf0,
  0xf0, 0xb0, 0xf0, 0xf0, 0x90, 0x06, 0x11, 0x13, 0xf1, 0x01, 0x73, 0x91, 0x06, 0xf0, 0xf0, 0xf0, 0xf0, 0x70, 0x07, 0x81, 0xc3, 0xf1, 0x01, 0x03,
  0x06, 0xf0, 0xf0, 0xa0, 0xf0, 0xf0, 0x80, 0x06, 0x03, 0xf1, 0xf1, 0x61, 0x06, 0xf0, 0xf0, 0xf0, 0xf0, 0x70, 0x07, 0x71, 0x03, 0xf1, 0xf1, 0x05,
  0xf0, 0xf0, 0x90, 0xf0, 0xf0, 0x70, 0x06, 0xf1, 0xf1, 0x81, 0x05, 0xf0, 0xf0, 0xf0, 0xf0, 0x70, 0x07, 0x11, 0x13, 0x51, 0x13, 0x01, 0x43, 0xf1,
  0x61, 0x03, 0x05, 0xf0, 0xf0, 0x80, 0xf0, 0xf0, 0x60, 0x06, 0x03, 0xf1, 0x11, 0x06, 0xb5, 0x07, 0x06, 0x61, 0x06, 0xf0, 0xf0, 0xf0, 0xf0, 0x90,
  0x06, 0x03, 0x61, 0x06, 0x87, 0x25, 0x07, 0x06, 0xf1, 0x03, 0x01, 0x03, 0x05, 0xf0, 0xf0, 0x70, 0xf0, 0xf0, 0x50, 0x06, 0x03, 0xa1, 0x73, 0xe0,
  0x03, 0x01, 0x23, 0x01, 0x03, 0xf0, 0xf0, 0xf0, 0xf0, 0xb0, 0x06, 0x01, 0x13, 0x11, 0x06, 0x07, 0xd0, 0x07, 0x33, 0xd1, 0x03, 0x01, 0x05, 0xf0,
  0xf0, 0x60, 0xf0, 0xf0, 0x40, 0x06, 0x01, 0x03, 0x81, 0x13, 0x21, 0x06, 0xf0, 0x20, 0x57, 0xf0, 0xf0, 0xf0, 0xf0, 0xd0, 0x37, 0x05, 0xf0, 0x00,
  0x27, 0x00, 0x03, 0xc1, 0x03, 0x01, 0x03, 0xf0, 0xf0, 0x60, 0xf0, 0xf0, 0x30, 0x07, 0x03, 0xc1, 0x03, 0x16, 0xf0, 0xf0, 0xf0, 0xf0, 0xf0, 0xf0,
  0xf0, 0xf0, 0x10, 0x07, 0x23, 0xc1, 0x03, 0x07, 0xf0, 0xf0, 0x40, 0xf0, 0xf0, 0x20, 0x07, 0x03, 0xb1, 0x13, 0x07, 0xf0, 0xf0, 0xf0, 0xf0, 0xf0,
  0xf0, 0xf0, 0xf0, 0x60, 0x07, 0x11, 0x03, 0xa1, 0x05, 0xf0, 0xf0, 0x40, 0xf0, 0xf0, 0x20, 0x05, 0xb1, 0x03, 0x07, 0xf0, 0xf0, 0xf0, 0xf0, 0xf0,
  0xf0, 0xf0, 0xf0, 0x90, 0x05, 0x06, 0x03, 0x01, 0x13, 0x71, 0x04, 0x05, 0xf0, 0xf0, 0x30, 0xf0, 0xf0, 0x10, 0x04, 0x03, 0x91, 0x13, 0xf0, 0xf0,
  0xf0, 0xf0, 0xf0, 0xf0, 0xf0, 0xf0, 0xd0, 0x06, 0x03, 0xa1, 0x03, 0xf0, 0xf0, 0x30, 0xf0, 0xf0, 0x10, 0x03, 0xa1, 0x06, 0xf0, 0xf0, 0xf0, 0xf0,
  0xf0, 0xf0, 0xf0, 0xf0, 0xf0, 0x07, 0x04, 0x13, 0x71, 0x03, 0x07, 0xf0, 0xf0, 0x20, 0xf0, 0xf0, 0x10, 0x03, 0x91, 0x06, 0xf0, 0xf0, 0xf0, 0xf0,
  0xf0, 0xf0, 0xf0, 0xf0, 0xf0, 0x20, 0x06, 0x91, 0x07, 0xf0, 0xf0, 0x20, 0xf0, 0xf0, 0x10, 0x03, 0x71, 0x03, 0x06, 0xf0, 0xf0, 0xf0, 0xf0, 0xf0,
  0xf0, 0xf0, 0xf0, 0xf0, 0x30, 0x07, 0x06, 0x03, 0x71, 0x07, 0xf0, 0xf0, 0x20, 0xf0, 0xf0, 0x10, 0x03, 0x01, 0x23, 0x01, 0x03, 0x11, 0x05, 0xf0,
  0xf0, 0xf0, 0xf0, 0xf0, 0xf0, 0xf0, 0xf0, 0xf0, 0x60, 0x04, 0x71, 0x07, 0xf0, 0xf0, 0x20, 0xf0, 0xf0, 0x10, 0x05, 0x03, 0x41, 0x03, 0x06, 0xf0,
  0xf0, 0xf0, 0xf0, 0xf0, 0xf0, 0xf0, 0xf0, 0xf0, 0x80, 0x06, 0x03, 0x31, 0x03, 0x05, 0xf0, 0xf0, 0x30, 0xf0, 0xf0, 0x20, 0x05, 0x03, 0x01, 0x03,
  0x11, 0x05, 0xf0, 0xf0, 0xf0, 0xf0, 0xf0, 0xf0, 0xf0, 0xf0, 0xf0, 0xa0, 0x04, 0x31, 0x06, 0xf0, 0xf0, 0x40, 0xf0, 0xf0, 0x30, 0x07, 0x05, 0x07,
  0x15, 0xf0, 0xf0, 0xf0, 0xf0, 0xf0, 0xf0, 0xf0, 0xf0, 0xf0, 0xc0, 0x37, 0xf0, 0xf0, 0x50, 0xf0, 0xf0, 0xf0, 0xf0, 0xf0, 0xf0, 0xf0, 0xf0, 0xf0,
  0xf0, 0xf0, 0xf0, 0xf0, 0xf0, 0xf0, 0xf0, 0xf0, 0xf0, 0xf0, 0xf0, 0xf0, 0xf0, 0xf0, 0xf0, 0xf0, 0xf0, 0xf0, 0xf0, 0xf0, 0xf0, 0xf0, 0xf0, 0xf0,
  0xf0, 0xf0, 0xf0, 0xf0, 0xf0, 0xf0, 0xf0, 0xf0, 0xf0, 0xf0, 0xf0, 0xf0, 0xf0, 0xf0, 0xf0, 0xf0, 0xf0, 0xf0, 0xf0, 0xf0, 0xf0, 0xf0, 0xf0, 0xf0,
  0xf0, 0xf0, 0xf0, 0xf0, 0xf0, 0xf0, 0xf0, 0xf0, 0xf0, 0xf0, 0xf0, 0xf0, 0xf0, 0xf0, 0xf0, 0xf0, 0xf0, 0xf0, 0xf0, 0xf0, 0xf0, 0xf0, 0xf0, 0xf0,
  0xf0, 0xf0, 0xf0, 0xf0, 0xf0, 0xf0, 0xf0, 0xf0, 0xf0, 0xf0, 0xf0, 0xf0, 0xf0, 0xf0, 0xf0, 0xf0, 0xf0, 0xf0, 0xf0, 0xf0, 0xf0, 0xf0, 0xf0, 0xf0,
  0xf0, 0xf0, 0xf0, 0xf0, 0xf0, 0xf0, 0xf0, 0xf0, 0xf0, 0xf0, 0xf0, 0xf0, 0xf0, 0xf0, 0xf0, 0xf0, 0xf0, 0xf0, 0xf0, 0xf0, 0xf0, 0xf0, 0xf0, 0xf0,
  0xf0, 0xf0, 0xf0, 0xf0, 0xf0, 0xf0, 0xf0, 0xf0, 0xf0, 0xf0, 0xf0, 0xf0, 0xf0, 0xf0, 0xf0, 0xf0, 0xf0, 0xf0, 0xf0, 0xf0, 0xf0, 0xf0, 0xf0, 0xf0,
  0xf0, 0xf0, 0xf0, 0xf0, 0xf0, 0xf0, 0xf0, 0xf0, 0xf0, 0xf0, 0xf0, 0xf0, 0xf0, 0xf0, 0xf0, 0xf0, 0xf0, 0xf0, 0xf0, 0xf0, 0xf0, 0xf0, 0xf0, 0xf0,
  0xf0, 0xf0, 0xf0, 0xf0, 0xf0, 0xf0, 0xf0, 0xf0, 0xf0, 0xf0, 0xf0, 0xf0, 0xf0, 0xf0, 0xf0, 0xf0, 0xf0, 0xf0, 0xf0, 0xf0, 0xf0, 0xf0, 0xf0, 0xf0,
  0xf0, 0xf0, 0xf0, 0xf0, 0xf0, 0xf0, 0xf0, 0xf0, 0xf0, 0xf0, 0xf0, 0xf0, 0xf0, 0xf0, 0xf0, 0xf0, 0xf0, 0xf0, 0xf0, 0xf0, 0xf0, 0xf0, 0xf0, 0xf0,
  0xf0, 0xf0, 0xf0, 0xf0, 0xf0, 0xf0, 0xf0, 0xf0, 0xf0, 0xf0, 0xf0, 0xf0, 0xf0, 0xf0, 0xf0, 0xf0, 0xf0, 0xf0, 0xf0, 0xf0, 0xf0, 0xf0, 0xf0, 0xf0,
  0xf0, 0xf0, 0xf0, 0xf0, 0xf0, 0xf0, 0xf0, 0xf0, 0xf0, 0xf0, 0xf0, 0xf0, 0xf0, 0xf0, 0xf0, 0xf0, 0xf0, 0xf0, 0xf0, 0xf0, 0xf0, 0xf0, 0xf0, 0xf0,
  0xf0, 0xf0, 0xf0, 0xf0, 0xf0, 0xf0, 0xf0, 0xf0, 0xf0, 0xf0, 0xf0, 0xf0, 0xf0, 0xf0, 0xf0, 0xf0, 0xf0, 0xf0, 0xf0, 0xf0, 0xf0, 0xf0, 0xf0, 0xf0,
  0xf0, 0xf0, 0xf0, 0xf0, 0xf0, 0xf0, 0xf0, 0xf0, 0xf0, 0xf0, 0xf0, 0xf0, 0xf0, 0xf0, 0xf0, 0xf0, 0xf0, 0xf0, 0xf0, 0xf0, 0xf0, 0x20, 0x05, 0x04,
  0xe6, 0x04, 0x06, 0xf0, 0xf0, 0xf0, 0xf0, 0xf0, 0xf0, 0x10, 0x06, 0x54, 0x96, 0x04, 0x06, 0xf0, 0xf0, 0xf0, 0x40, 0xf0, 0xf0, 0xf0, 0x20, 0x03,
  0xf1, 0x11, 0x07, 0xf0, 0xf0, 0xf0, 0xf0, 0xf0, 0xf0, 0x00, 0xf1, 0x21, 0xf0, 0xf0, 0xf0, 0x40, 0xf0, 0xf0, 0xd0, 0x05, 0x34, 0xf1, 0x21, 0x03,
  0x24, 0x06, 0xf0, 0xf0, 0xf0, 0xf0, 0xf0, 0x70, 0x05, 0x24, 0x03, 0xf1, 0x21, 0x03, 0x34, 0xf0, 0xf0, 0xf0, 0xf0, 0xf0, 0xc0, 0x07, 0x03, 0xf1,
  0xb1, 0x05, 0xf0, 0xf0, 0xf0, 0xf0, 0xf0, 0x50, 0x07, 0x03, 0xf1, 0xb1, 0x06, 0xf0, 0xf0, 0xe0, 0xf0, 0xf0, 0xa0, 0x06, 0x13, 0xf1, 0xc1, 0x13,
  0x04, 0xf0, 0xf0, 0xf0, 0xf0, 0xf0, 0x10, 0x06, 0x13, 0x11, 0x03, 0xf1, 0xa1, 0x03, 0x04, 0xf0, 0xf0, 0xc0, 0xf0, 0xf0, 0x80, 0x07, 0x06, 0x03,
  0xf1, 0xf1, 0x11, 0x06, 0x07, 0xf0, 0xf0, 0xf0, 0xf0, 0xe0, 0x05, 0xf1, 0xf1, 0x21, 0x06, 0x07, 0xf0, 0xf0, 0xa0, 0xf0, 0xf0, 0x80, 0x03, 0xf1,
  0xf1, 0x51, 0x05, 0xf0, 0xf0, 0xf0, 0xf0, 0xc0, 0x03, 0xf1, 0xf1, 0x51, 0x05, 0xf0, 0xf0, 0x90, 0xf0, 0xf0, 0x50, 0x07, 0x14, 0xf1, 0xf1, 0x61,
  0x04, 0x15, 0xf0, 0xf0, 0xf0, 0xf0, 0x70, 0x05, 0x16, 0xf1, 0xf1, 0x61, 0x03, 0x06, 0x05, 0xf0, 0xf0, 0x70, 0xf0, 0xf0, 0x50, 0x04, 0xf1, 0xf1,
  0xb1, 0x06, 0xf0, 0xf0, 0xf0, 0xf0, 0x60, 0x03, 0xf1, 0xf1, 0xb1, 0x05, 0xf0, 0xf0, 0x60, 0xf0, 0xf0, 0x40, 0x04, 0xf1, 0xf1, 0xc1, 0x03, 0x06,
  0xf0, 0xf0, 0xf0, 0xf0, 0x30, 0x05, 0x03, 0xf1, 0xf1, 0xa1, 0x03, 0x11, 0x05, 0xf0, 0xf0, 0x50, 0xf0, 0xf0, 0x30, 0x03, 0xf1, 0xf1, 0xf1, 0x06,
  0xf0, 0xf0, 0xf0, 0xf0, 0x20, 0x03, 0xf1, 0xf1, 0xf1, 0x05, 0xf0, 0xf0, 0x40, 0xf0, 0xf0, 0x20, 0x04, 0xf1, 0xf1, 0xf1, 0x11, 0x06, 0xf0, 0xf0,
  0xf0, 0xf0, 0x05, 0x03, 0xf1, 0xf1, 0xf1, 0x01, 0x03, 0x05, 0xf0, 0xf0, 0x30, 0xf0, 0xf0, 0x10, 0x04, 0xf1, 0xf1, 0xf1, 0x31, 0x06, 0xf0, 0xf0,
  0xf0, 0xe0, 0x03, 0xf1, 0xf1, 0xf1, 0x31, 0x05, 0xf0, 0xf0, 0x20, 0xf0, 0xf0, 0x07, 0x04, 0xf1, 0xf1, 0xf1, 0x41, 0x03, 0x06, 0xf0, 0xf0, 0xf0,
  0xb0, 0x05, 0x03, 0xf1, 0xf1, 0xf1, 0x41, 0x03, 0x05, 0xf0, 0xf0, 0x10, 0xf0, 0xf0, 0x06, 0xf1, 0xf1, 0xf1, 0x71, 0x05, 0xf0, 0xf0, 0xf0, 0xa0,
  0x05, 0xf1, 0xf1, 0xf1, 0x71, 0x05, 0xf0, 0xf0, 0x00, 0xf0, 0xf0, 0x06, 0xf1, 0xf1, 0xf1, 0x71, 0x06, 0xf0, 0xf0, 0xf0, 0x90, 0x05, 0x03, 0xf1,
  0xf1, 0xf1, 0x71, 0x06, 0xf0, 0xf0, 0x00, 0xf0, 0xe0, 0x04, 0xf1, 0xf1, 0xf1, 0x91, 0x06, 0xf0, 0xf0, 0xf0, 0x80, 0x04, 0xf1, 0xf1, 0xf1, 0x81,
  0x03, 0x07, 0xf0, 0xf0, 0xf0, 0xd0, 0x07, 0xf1, 0xf1, 0xf1, 0xa1, 0x03, 0x07, 0xf0, 0xf0, 0xf0, 0x60, 0x06, 0x03, 0xf1, 0xf1, 0xf1, 0xa1, 0x05,
  0xf0, 0xe0, 0xf0, 0xd0, 0x04, 0xf1, 0x61, 0x06, 0x87, 0x25, 0x03, 0xf1, 0x61, 0x04, 0xf0, 0xf0, 0xf0, 0x50, 0x07, 0xf1, 0x71, 0x05, 0xb7, 0x03,
  0xf1, 0x61, 0x03, 0xf0, 0xe0, 0xf0, 0xc0, 0x04, 0xf1, 0x41, 0x23, 0x07, 0xb0, 0x06, 0x01, 0x03, 0xf1, 0x41, 0x03, 0x07, 0xf0, 0xf0, 0xf0, 0x30,
  0x07, 0x04, 0xf1, 0x31, 0x23, 0x04, 0xc0, 0x06, 0x33, 0xf1, 0x31, 0x06, 0xf0, 0xd0, 0xf0, 0xb0, 0x06, 0x03, 0xf1, 0x31, 0x06, 0xf0, 0x30, 0x06,
  0xf1, 0x31, 0x03, 0x05, 0xf0, 0xf0, 0xf0, 0x20, 0x04, 0xf1, 0x41, 0x07, 0xf0, 0x30, 0x05, 0xf1, 0x41, 0x05, 0xf0, 0xc0, 0xf0, 0xb0, 0x04, 0xf1,
  0x31, 0x06, 0xf0, 0x50, 0x04, 0x13, 0xf1, 0x11, 0x07, 0xf0, 0xf0, 0xf0, 0x20, 0x04, 0xf1, 0x11, 0x03, 0x06, 0x05, 0xf0, 0x50, 0x04, 0x13, 0xf1,
  0x11, 0x06, 0xf0, 0xc0, 0xf0, 0xa0, 0x07, 0x03, 0xf1, 0x01, 0x03, 0x15, 0xf0, 0x80, 0x06, 0xf1, 0x11, 0x04, 0x07, 0xf0, 0xf0, 0xf0, 0x00, 0x06,
  0xf1, 0x21, 0x05, 0xf0, 0x90, 0x03, 0xf1, 0x11, 0x04, 0xf0, 0xc0, 0xf0, 0x90, 0x05, 0xf1, 0x21, 0x05, 0xf0, 0xb0, 0x06, 0xf1, 0x11, 0x04, 0xf0,
  0xf0, 0xf0, 0x06, 0xf1, 0x11, 0x03, 0x07, 0xf0, 0xa0, 0x05, 0x04, 0x03, 0xf1, 0x01, 0x03, 0xf0, 0xb0, 0xf0, 0x90, 0x06, 0xf1, 0x01, 0x03, 0x05,
  0xf0, 0xd0, 0x04, 0xf1, 0x01, 0x04, 0xf0, 0xf0, 0xf0, 0x05, 0xf1, 0x01, 0x04, 0x05, 0xf0, 0xd0, 0x05, 0xf1, 0x01, 0x03, 0xf0, 0xb0, 0xf0, 0x90,
  0x05, 0xf1, 0x03, 0x06, 0xf0, 0xf0, 0x03, 0xf1, 0x03, 0xf0, 0xf0, 0xf0, 0x06, 0xf1, 0x01, 0xf0, 0xf0, 0x00, 0x06, 0xf1, 0x03, 0x07, 0xf0, 0xa0,
  0xf0, 0x80, 0x05, 0x03, 0xf1, 0x05, 0xf0, 0xf0, 0x10, 0x06, 0xf1, 0x03, 0x05, 0xf0, 0xf0, 0xc0, 0x03, 0xf1, 0x03, 0x05, 0xf0, 0xf0, 0x10, 0x04,
  0xf1, 0x03, 0x05, 0xf0, 0x90, 0xf0, 0x70, 0x07, 0xf1, 0x03, 0x06, 0xf0, 0xf0, 0x20, 0x07, 0xf1, 0x01, 0x05, 0xf0, 0xf0, 0xb0, 0x05, 0xf1, 0x01,
  0x07, 0xf0, 0xf0, 0x20, 0x05, 0x03, 0xf1, 0x04, 0xf0, 0x90, 0xf0, 0x70, 0x07, 0x03, 0xe1, 0x06, 0xf0, 0xf0, 0x40, 0x07, 0x03, 0xe1, 0x05, 0xf0,
  0xf0, 0xb0, 0x07, 0xf1, 0x01, 0xf0, 0xf0, 0x40, 0x07, 0xf1, 0x06, 0xf0, 0x90, 0xf0, 0x70, 0x07, 0x03, 0xd1, 0x03, 0x05, 0xf0, 0xf0, 0x50, 0x04,
  0xe1, 0x05, 0xf0, 0xf0, 0xb0, 0x07, 0xe1, 0x03, 0x07, 0xf0, 0xf0, 0x50, 0x04, 0xe1, 0x06, 0xf0, 0x90, 0xf0, 0x70, 0x07, 0xe1, 0x07, 0xf0, 0xf0,
  0x60, 0x07, 0x06, 0xd1, 0x05, 0xf0, 0xf0, 0xb0, 0x05, 0xe1, 0x05, 0xf0, 0xf0, 0x70, 0x06, 0xd1, 0x06, 0xf0, 0x90, 0xf0, 0x60, 0x05, 0x03, 0xe1,
  0x07, 0xf0, 0xf0, 0x70, 0x05, 0xd1, 0x03, 0x06, 0xf0, 0xf0, 0x90, 0x04, 0x03, 0xe1, 0x05, 0xf0, 0xf0, 0x70, 0x05, 0xd1, 0x03, 0x04, 0xf0, 0x80,
  0xf0, 0x60, 0x03, 0xd1, 0x03, 0x05, 0xf0, 0xf0, 0x90, 0x06, 0xe1, 0x07, 0xf0, 0xf0, 0x80, 0xe1, 0x03, 0x05, 0xf0, 0xf0, 0x90, 0x05, 0xe1, 0x05,
  0xf0, 0x70, 0xf0, 0x60, 0x03, 0xd1, 0x05, 0xf0, 0xf0, 0xb0, 0x03, 0xd1, 0xf0, 0xf0, 0x90, 0x03, 0xd1, 0x04, 0xf0, 0xf0, 0xb0, 0x03, 0xd1, 0x05,
  0xf0, 0x70, 0xf0, 0x60, 0x03, 0xd1, 0x05, 0xf0, 0xf0, 0xb0, 0x03, 0xd1, 0xf0, 0xf0, 0x90, 0x03, 0xd1, 0x06, 0xf0, 0xf0, 0xb0, 0x03, 0xd1, 0x05,
  0xf0, 0x70, 0xf0, 0x60, 0x03, 0xd1, 0x05, 0xf0, 0xf0, 0xb0, 0x03, 0xd1, 0x07, 0xf0, 0xf0, 0x80, 0x03, 0xd1, 0x04, 0xf0, 0xf0, 0xb0, 0x03, 0xd1,
  0x05, 0xf0, 0x70, 0xf0, 0x60, 0x03, 0xd1, 0x05, 0xf0, 0xf0, 0xb0, 0x04, 0xd1, 0x07, 0xf0, 0xf0, 0x80, 0x03, 0xc1, 0x03, 0x05, 0xf0, 0xf0, 0xb0,
  0x04, 0xd1, 0x05, 0xf0, 0x70, 0xf0, 0x60, 0x03, 0xb1, 0x04, 0x07, 0xf0, 0xf0, 0xd0, 0x06, 0xc1, 0xf0, 0xf0, 0x90, 0x03, 0xc1, 0x07, 0xf0, 0xf0,
  0xd0, 0x05, 0xc1, 0x05, 0xf0, 0x70, 0xf0, 0x60, 0x03, 0xb1, 0x06, 0xf0, 0xf0, 0xe0, 0x05, 0xb1, 0x03, 0xf0, 0xf0, 0x90, 0x03, 0xb1, 0x03, 0xf0,
  0xf0, 0xf0, 0xc1, 0x05, 0xf0, 0x70, 0xf0, 0x60, 0x03, 0xb1, 0x05, 0xf0, 0xf0, 0xe0, 0x05, 0xb1, 0x03, 0xf0, 0xf0, 0x90, 0x03, 0xb1, 0x03, 0xf0,
  0xf0, 0xf0, 0xc1, 0x05, 0xf0, 0x70, 0xf0, 0x60, 0x03, 0xb1, 0x06, 0xf0, 0xf0, 0xe0, 0x05, 0xc1, 0xf0, 0xf0, 0x90, 0x03, 0xc1, 0xf0, 0xf0, 0xf0,
  0xc1, 0x05, 0xf0, 0x70, 0xf0, 0x60, 0x04, 0xb1, 0x06, 0xf0, 0xf0, 0xe0, 0x05, 0xb1, 0x04, 0xf0, 0xf0, 0x90, 0x04, 0xc1, 0xf0, 0xf0, 0xf0, 0xc1,
  0x05, 0xf0, 0x70, 0xf0, 0x70, 0x06, 0x34, 0x43, 0x14, 0x05, 0xf0, 0xf0, 0xf0, 0x04, 0x43, 0x54, 0xf0, 0xf0, 0xb0, 0x06, 0x44, 0x53, 0x04, 0xf0,
  0xf0, 0xf0, 0xb4, 0x06, 0xf0, 0x80, 0xf0, 0xf0, 0xf0, 0xf0, 0xf0, 0xf0, 0xf0, 0xf0, 0xf0, 0xf0, 0xf0, 0xf0, 0xf0, 0xf0, 0xf0, 0xf0, 0xf0, 0xf0,
  0xf0, 0xf0, 0xf0, 0xf0, 0xf0, 0xf0, 0xf0, 0xf0, 0xf0, 0xf0, 0xf0, 0xf0, 0xf0, 0xf0, 0xf0, 0xf0, 0xf0, 0xf0, 0xf0, 0xf0, 0xf0, 0xf0, 0xf0, 0xf0,
  0xf0, 0xf0, 0xf0, 0xf0, 0xf0, 0xf0, 0xf0, 0xf0, 0xf0, 0xf0, 0xf0, 0xf0, 0xf0, 0xf0, 0xf0, 0xf0, 0xf0, 0xf0, 0xf0, 0xf0, 0xf0, 0xf0, 0xf0, 0xf0,
  0xf0, 0xf0, 0xf0, 0xf0, 0xf0, 0xf0, 0xf0, 0xf0, 0xf0, 0xf0, 0xf0, 0xf0, 0xf0, 0xf0, 0xf0, 0xf0, 0xf0, 0xf0, 0xf0, 0xf0, 0xf0, 0xf0, 0xf0, 0xf0,
  0xf0, 0xf0, 0xf0, 0xf0, 0xf0, 0xf0, 0xf0, 0xf0, 0xf0, 0xf0, 0xf0, 0xf0, 0xf0, 0xf0, 0xf0, 0xf0, 0xf0, 0xf0, 0xf0, 0xf0, 0xf0, 0xf0, 0xf0, 0xf0,
  0xf0, 0xf0, 0xf0, 0xf0, 0xf0, 0xf0, 0xf0, 0xf0, 0xf0, 0xf0, 0xf0, 0xf0, 0xf0, 0xf0, 0xf0, 0xf0, 0xf0, 0xf0, 0xf0, 0xf0, 0xf0, 0xf0, 0xf0, 0xf0,
  0xf0, 0xf0, 0xf0, 0xf0, 0xf0, 0xf0, 0xf0, 0xf0, 0xf0, 0xf0, 0xf0, 0xf0, 0xf0, 0xf0, 0xf0, 0xf0, 0xf0, 0xf0, 0xf0, 0xf0, 0xf0, 0xf0, 0xf0, 0xf0,
  0xf0, 0xf0, 0xf0, 0xf0, 0xf0, 0xf0, 0xf0, 0xf0, 0xf0, 0xf0, 0xf0, 0xf0, 0xf0, 0xf0, 0xf0, 0xf0, 0xf0, 0xf0, 0xf0, 0xf0, 0xf0, 0xf0, 0xf0, 0xf0,
  0xf0, 0xf0, 0xf0, 0xf0, 0xf0, 0xf0, 0xf0, 0xf0, 0xf0, 0xf0, 0xf0, 0xf0, 0xf0, 0xf0, 0xf0, 0xf0, 0xf0, 0xf0, 0xf0, 0xf0, 0xf0, 0xf0, 0xf0, 0xf0,
  0xf0, 0xf0, 0xf0, 0xf0, 0xf0, 0x40, 0xf4, 0xf4, 0xf4, 0xf4, 0x34, 0xf0, 0xf0, 0xf0, 0xf0, 0xf0, 0x60, 0xf0, 0xf0, 0xf0, 0xf0, 0xf0, 0x30, 0x06,
  0xf1, 0xf1, 0xf1, 0xf1, 0x31, 0x04, 0xf0, 0xf0, 0xf0, 0xf0, 0xf0, 0x50, 0xf0, 0xf0, 0xf0, 0xf0, 0xf0, 0x20, 0x04, 0x01, 0x03, 0xf1, 0xf1, 0xf1,
  0xe1, 0x13, 0x21, 0x03, 0xf0, 0xf0, 0xf0, 0xf0, 0xf0, 0x40, 0xf0, 0xf0, 0xf0, 0xf0, 0xf0, 0x20, 0x03, 0xf1, 0xf1, 0xf1, 0xf1, 0x51, 0x03, 0xf0,
  0xf0, 0xf0, 0xf0, 0xf0, 0x40, 0xf0, 0xf0, 0xf0, 0xf0, 0xf0, 0x20, 0x04, 0xf1, 0xf1, 0xf1, 0xf1, 0x51, 0x03, 0xf0, 0xf0, 0xf0, 0xf0, 0xf0, 0x40,
  0xf0, 0x40, 0x18, 0x0a, 0x70, 0x28, 0x60, 0x18, 0x0a, 0x08, 0xf0, 0xf0, 0x40, 0x03, 0xf1, 0xf1, 0xf1, 0xf1, 0x51, 0x03, 0xf0, 0xf0, 0x70, 0x2a,
  0x60, 0x38, 0x60, 0x18, 0x0a, 0x08, 0xf0, 0x30, 0xf0, 0x30, 0x09, 0x22, 0x09, 0x50, 0x0c, 0x22, 0x0a, 0x50, 0x22, 0x0c, 0xf0, 0xf0, 0x40, 0x03,
  0xf1, 0xf1, 0xf1, 0xf1, 0x51, 0x03, 0xf0, 0xf0, 0x60, 0x09, 0x22, 0x08, 0x50, 0x09, 0x22, 0x09, 0x50, 0x0c, 0x12, 0x0c, 0x08, 0xf0, 0x20, 0xf0,
  0x20, 0x08, 0x0f, 0x32, 0x08, 0x30, 0x09, 0x32, 0x09, 0x40, 0x09, 0x42, 0xf0, 0xf0, 0x30, 0x03, 0xf1, 0xf1, 0xf1, 0xf1, 0x51, 0x03, 0xf0, 0xf0,
  0x50, 0x0b, 0x42, 0x08, 0x30, 0x09, 0x42, 0x40, 0x09, 0x32, 0xf0, 0x30, 0xf0, 0x10, 0x08, 0x00, 0x32, 0x0d, 0x0b, 0x20, 0x09, 0x52, 0x0a, 0x20,
  0x0a, 0x52, 0x08, 0xf0, 0xf0, 0x20, 0x03, 0xf1, 0xf1, 0xf1, 0xf1, 0x51, 0x03, 0xf0, 0xf0, 0x50, 0x42, 0x00, 0x0a, 0x20, 0x0a, 0x52, 0x0a, 0x20,
  0x09, 0x32, 0x0d, 0x02, 0xf0, 0x20, 0xf0, 0x10, 0x08, 0x52, 0x08, 0x20, 0x09, 0x42, 0x0b, 0x30, 0x0c, 0x52, 0x08, 0xf0, 0xf0, 0x20, 0x03, 0xf1,
  0xf1, 0xf1, 0xf1, 0x51, 0x03, 0xf0, 0xf0, 0x40, 0x09, 0x52, 0x30, 0x09, 0x42, 0x09, 0x30, 0x09, 0x42, 0x09, 0xf0, 0x20, 0xf0, 0x00, 0x08, 0x52,
  0x0a, 0x20, 0x0a, 0x52, 0x08, 0x20, 0x09, 0x0f, 0x42, 0x09, 0xf0, 0xf0, 0x30, 0xf1, 0xf1, 0xf1, 0xf1, 0x71, 0xf0, 0xf0, 0x30, 0x08, 0x52, 0x08,
  0x20, 0x08, 0x52, 0x08, 0x20, 0x09, 0x52, 0x08, 0xf0, 0x20, 0xf0, 0x00, 0x09, 0x52, 0x08, 0x20, 0x09, 0x52, 0x30, 0x52, 0x09, 0xf0, 0xf0, 0x40,
  0x06, 0x03, 0xf1, 0xf1, 0xf1, 0xf1, 0x31, 0x03, 0x05, 0xf0, 0xf0, 0x30, 0x0e, 0x52, 0x20, 0x08, 0x52, 0x0b, 0x30, 0x52, 0x0a, 0xf0, 0x30, 0xf0,
  0x0a, 0x52, 0x09, 0x20, 0x0a, 0x32, 0x0d, 0x02, 0x08, 0x20, 0x09, 0x52, 0x08, 0xf0, 0xf0, 0x50, 0x07, 0xf1, 0xf1, 0xf1, 0xf1, 0x31, 0x05, 0xf0,
  0xf0, 0x30, 0x0a, 0x52, 0x0a, 0x20, 0x09, 0x52, 0x30, 0x09, 0x52, 0xf0, 0x40, 0xf0, 0x52, 0x0e, 0x30, 0x52, 0x0b, 0x20, 0x09, 0x52, 0x08, 0xf0,
  0xf0, 0x60, 0x07, 0xf1, 0xf1, 0xf1, 0xf1, 0x31, 0x05, 0xf0, 0xf0, 0x20, 0x08, 0x52, 0x0a, 0x30, 0x0f, 0x42, 0x09, 0x20, 0x08, 0x52, 0x08, 0xf0,
  0x40, 0xe0, 0x08, 0x52, 0x09, 0x20, 0x0a, 0x52, 0x08, 0x20, 0x09, 0x42, 0x0b, 0xf0, 0xf0, 0x70, 0x07, 0xf1, 0xf1, 0xf1, 0xf1, 0x31, 0x05, 0xf0,
  0xf0, 0x20, 0x0a, 0x52, 0x08, 0x20, 0x0b, 0x52, 0x30, 0x09, 0x42, 0x09, 0xf0, 0x50, 0xd0, 0x0a, 0x52, 0x0e, 0x30, 0x52, 0x0e, 0x20, 0x09, 0x52,
  0x08, 0xf0, 0xf0, 0x70, 0x07, 0xf1, 0xf1, 0xf1, 0xf1, 0x31, 0x05, 0xf0, 0xf0, 0x10, 0x0b, 0x52, 0x09, 0x20, 0x08, 0x52, 0x0b, 0x20, 0x0a, 0x52,
  0x08, 0xf0, 0x50, 0xd0, 0x09, 0x52, 0x0a, 0x20, 0x09, 0x42, 0x0e, 0x08, 0x10, 0x08, 0x52, 0x09, 0xf0, 0xf0, 0x90, 0x03, 0xf1, 0xf1, 0xf1, 0xf1,
  0x11, 0x03, 0xf0, 0xf0, 0x20, 0x62, 0x30, 0x52, 0x09, 0x30, 0x0c, 0x42, 0x09, 0xf0, 0x60, 0xd0, 0x09, 0x52, 0x08, 0x20, 0x42, 0x0d, 0x0b, 0x20,
  0x0b, 0x52, 0x0a, 0xf0, 0xf0, 0xa0, 0x04, 0xf1, 0xf1, 0xf1, 0xf1, 0x03, 0xf0, 0xf0, 0x30, 0x52, 0x0b, 0x20, 0x0a, 0x42, 0x0d, 0x0a, 0x20, 0x09,
  0x52, 0x08, 0xf0, 0x60, 0xd0, 0x0a, 0x42, 0x0a, 0x30, 0x08, 0x32, 0x09, 0x30, 0x08, 0x02, 0x0d, 0x22, 0x09, 0xf0, 0xf0, 0xb0, 0x06, 0xf1, 0xf1,
  0xf1, 0xf1, 0x03, 0xf0, 0xf0, 0x30, 0x09, 0x32, 0x09, 0x08, 0x30, 0x09, 0x32, 0x09, 0x30, 0x08, 0x0c, 0x32, 0x0a, 0xf0, 0x70, 0xe0, 0x08, 0x22,
  0x09, 0x50, 0x09, 0x22, 0x08, 0x40, 0x09, 0x22, 0x09, 0xf0, 0xf0, 0xc0, 0x06, 0xf1, 0xf1, 0xf1, 0xf1, 0x04, 0xf0, 0xf0, 0x40, 0x32, 0x60, 0x32,
  0x50, 0x08, 0x22, 0x09, 0xf0, 0x80, 0xf0, 0x0a, 0x08, 0x0a, 0x70, 0x28, 0x60, 0x28, 0xf0, 0xf0, 0xd0, 0x07, 0x03, 0xf1, 0xf1, 0xf1, 0xd1, 0x06,
  0xf0, 0xf0, 0x50, 0x28, 0x0a, 0x60, 0x38, 0x60, 0x38, 0xf0, 0x80, 0xf0, 0xf0, 0xf0, 0xf0, 0xf0, 0x60, 0x07, 0xf1, 0xf1, 0xf1, 0xd1, 0x05, 0xf0,
  0xf0, 0xf0, 0xf0, 0xf0, 0x80, 0xf0, 0xf0, 0xf0, 0xf0, 0xf0, 0x60, 0x07, 0xf1, 0xf1, 0xf1, 0xd1, 0x05, 0xf0, 0xf0, 0xf0, 0xf0, 0xf0, 0x80, 0xf0,
  0xf0, 0xf0, 0xf0, 0xf0, 0x70, 0x07, 0x03, 0xf1, 0xf1, 0xf1, 0x91, 0x03, 0x05, 0xf0, 0xf0, 0xf0, 0xf0, 0xf0, 0x90, 0xf0, 0xf0, 0xf0, 0xf0, 0xf0,
  0x80, 0x04, 0xf1, 0xf1, 0xf1, 0x91, 0x04, 0xf0, 0xf0, 0xf0, 0xf0, 0xf0, 0xa0, 0xf0, 0xf0, 0xf0, 0xf0, 0xf0, 0x80, 0x06, 0xf1, 0xf1, 0xf1, 0x91,
  0x07, 0xf0, 0xf0, 0xf0, 0xf0, 0xf0, 0xa0, 0xf0, 0xf0, 0xf0, 0xf0, 0xf0, 0x90, 0x06, 0xf1, 0xf1, 0xf1, 0x71, 0x03, 0xf0, 0xf0, 0xf0, 0xf0, 0xf0,
  0xb0, 0xf0, 0xf0, 0xf0, 0xf0, 0xf0, 0xa0, 0x03, 0xf1, 0xf1, 0xf1, 0x51, 0x04, 0x07, 0xf0, 0xf0, 0xf0, 0xf0, 0xf0, 0xb0, 0xf0, 0xf0, 0xf0, 0xf0,
  0xf0, 0xb0, 0x03, 0xf1, 0xf1, 0xf1, 0x41, 0x05, 0xf0, 0xf0, 0xf0, 0xf0, 0xf0, 0xc0, 0xf0, 0xf0, 0xf0, 0xf0, 0xf0, 0xb0, 0x04, 0xf1, 0xf1, 0xf1,
  0x41, 0x05, 0xf0, 0xf0, 0xf0, 0xf0, 0xf0, 0xc0, 0xf0, 0xf0, 0xf0, 0xf0, 0xf0, 0xb0, 0x05, 0x03, 0xf1, 0xf1, 0xf1, 0x11, 0x03, 0x05, 0xf0, 0xf0,
  0xf0, 0xf0, 0xf0, 0xd0, 0xf0, 0xf0, 0xf0, 0xf0, 0xf0, 0xc0, 0x07, 0xf1, 0xf1, 0xf1, 0x11, 0x06, 0xf0, 0xf0, 0xf0, 0xf0, 0xf0, 0xe0, 0xf0, 0xf0,
  0xf0, 0xf0, 0xf0, 0xd0, 0x06, 0xf1, 0xf1, 0xf1, 0x06, 0xf0, 0xf0, 0xf0, 0xf0, 0xf0, 0xf0, 0xf0, 0xf0, 0xf0, 0xf0, 0xf0, 0xe0, 0x06, 0xf1, 0xf1,
  0xd1, 0x06, 0xf0, 0xf0, 0xf0, 0xf0, 0xf0, 0xf0, 0x00, 0xf0, 0xf0, 0xf0, 0xf0, 0xf0, 0xf0, 0x06, 0xf1, 0xf1, 0xb1, 0x06, 0xf0, 0xf0, 0xf0, 0xf0,
  0xf0, 0xf0, 0x10, 0xf0, 0xf0, 0xf0, 0xf0, 0xf0, 0xf0, 0x00, 0x05, 0xf1, 0xf1, 0x91, 0x06, 0xf0, 0xf0, 0xf0, 0xf0, 0xf0, 0xf0, 0x20, 0xf0, 0xf0,
  0xf0, 0xf0, 0xf0, 0xf0, 0x10, 0x05, 0x13, 0xf1, 0xf1, 0x41, 0x06, 0x05, 0xf0, 0xf0, 0xf0, 0xf0, 0xf0, 0xf0, 0x30, 0xf0, 0xf0, 0xf0, 0xf0, 0xf0,
  0xf0, 0x30, 0x04, 0xf1, 0xf1, 0x31, 0x03, 0xf0, 0xf0, 0xf0, 0xf0, 0xf0, 0xf0, 0x50, 0xf0, 0xf0, 0xf0, 0xf0, 0xf0, 0xf0, 0x40, 0x05, 0x04, 0xf1,
  0xf1, 0x01, 0x07, 0xf0, 0xf0, 0xf0, 0xf0, 0xf0, 0xf0, 0x60, 0xf0, 0xf0, 0xf0, 0xf0, 0xf0, 0xf0, 0x60, 0x04, 0xf1, 0xc1, 0x03, 0x04, 0x06, 0xf0,
  0xf0, 0xf0, 0xf0, 0xf0, 0xf0, 0x70, 0xf0, 0xf0, 0xf0, 0xf0, 0xf0, 0xf0, 0x70, 0x07, 0x04, 0xf1, 0xa1, 0x07, 0xf0, 0xf0, 0xf0, 0xf0, 0xf0, 0xf0,
  0x90, 0xf0, 0xf0, 0xf0, 0xf0, 0xf0, 0xf0, 0x90, 0x16, 0xf1, 0x51, 0x06, 0x15, 0xf0, 0xf0, 0xf0, 0xf0, 0xf0, 0xf0, 0xa0, 0xf0, 0xf0, 0xf0, 0xf0,
  0xf0, 0xf0, 0xb0, 0x04, 0x03, 0x04, 0x03, 0xd1, 0x03, 0x24, 0xf0, 0xf0, 0xf0, 0xf0, 0xf0, 0xf0, 0xd0, 0xf0, 0xf0, 0xf0, 0xf0, 0xf0, 0xf0, 0xe0,
  0x05, 0xd1, 0x06, 0xf0, 0xf0, 0xf0, 0xf0, 0xf0, 0xf0, 0xf0, 0x00, 0xf0, 0xf0, 0xf0, 0xf0, 0xf0, 0xf0, 0xf0, 0xd5, 0xf0, 0xf0, 0xf0, 0xf0, 0xf0,
  0xf0, 0xf0, 0x10, 0xf0, 0xf0, 0xf0, 0xf0, 0xf0, 0xf0, 0xf0, 0xf0, 0xf0, 0xf0, 0xf0, 0xf0, 0xf0, 0xf0, 0xf0, 0xf0, 0xf0, 0xf0, 0xf0, 0xf0, 0xf0,
  0xf0, 0xf0, 0xf0, 0xf0, 0xf0, 0xf0, 0xf0, 0xf0, 0xf0, 0xf0, 0xf0, 0xf0, 0xf0, 0xf0, 0xf0, 0xf0, 0xf0, 0xf0, 0xf0, 0xf0, 0xf0, 0xf0, 0xf0, 0xf0,
  0xf0, 0xf0, 0xf0, 0xf0, 0xf0, 0xf0, 0xf0, 0xf0, 0xf0, 0xf0, 0xf0, 0xf0, 0xf0, 0xf0, 0xf0, 0xf0, 0xf0, 0xf0, 0xf0, 0xf0, 0xf0, 0xf0, 0xf0, 0xf0,
  0xf0, 0xf0, 0xf0, 0xf0, 0xf0, 0xf0, 0xf0, 0xf0, 0xf0, 0xf0, 0xf0, 0xf0, 0xf0, 0xf0, 0xf0, 0xf0, 0xf0, 0xf0, 0xf0, 0xf0, 0xf0, 0xf0, 0xf0, 0xf0,
  0xf0, 0xf0, 0xf0, 0xf0, 0xf0, 0xf0, 0xf0, 0xf0, 0xf0, 0xf0, 0xf0, 0xf0, 0xf0, 0xf0, 0xf0, 0xf0, 0xf0, 0xf0, 0xf0, 0xf0, 0xf0, 0xf0, 0xf0, 0xf0,
  0xf0, 0xf0, 0xf0, 0xf0, 0xf0, 0xf0, 0xf0, 0xf0, 0xf0, 0xf0, 0xf0, 0xf0, 0xf0, 0xf0, 0xf0, 0xf0, 0xf0, 0xf0, 0xf0, 0xf0, 0xf0, 0xf0, 0xf0, 0xf0,
  0xf0, 0xf0, 0xf0, 0xf0, 0xf0, 0xf0, 0xf0, 0xf0, 0xf0, 0xf0, 0xf0, 0xf0, 0xf0, 0xf0, 0xf0, 0xf0, 0xf0, 0xf0, 0xf0, 0xf0, 0xf0, 0xf0, 0xf0, 0xf0,
  0xf0, 0xf0, 0xf0, 0xf0, 0xf0, 0xf0, 0xf0, 0xf0, 0xf0, 0xf0, 0xf0, 0xf0, 0xf0, 0xf0, 0xf0, 0xf0, 0xf0, 0xf0, 0xf0, 0xf0, 0xf0, 0xf0, 0xf0, 0xf0,
  0xf0, 0xf0, 0xf0, 0xf0, 0xf0, 0xf0, 0xf0, 0xf0, 0xf0, 0xf0, 0xf0, 0xf0, 0xf0, 0xf0, 0xf0, 0xf0, 0xf0, 0xf0, 0xf0, 0xf0, 0xf0, 0xf0, 0xf0, 0xf0,
  0xf0, 0xf0, 0xf0, 0xf0, 0xf0, 0xf0, 0xf0, 0xf0, 0xf0, 0xf0, 0xf0, 0xf0, 0xf0, 0xf0, 0xf0, 0xf0, 0xf0, 0xf0, 0xf0, 0xf0, 0xf0, 0xf0, 0xf0, 0xf0,
  0xf0, 0xf0, 0xf0, 0xf0, 0xf0, 0xf0, 0xf0, 0xf0, 0xf0, 0xf0, 0xf0, 0xf0, 0xf0, 0xf0, 0xf0, 0xf0, 0xf0, 0xf0, 0xf0, 0xf0, 0xf0, 0xf0, 0xf0, 0xf0,
  0xf0, 0xf0, 0xf0, 0xf0, 0xf0, 0xf0, 0xf0, 0xf0, 0xf0, 0xf0, 0xf0, 0xf0, 0xf0, 0xf0, 0xf0, 0xf0, 0xf0, 0xf0, 0xf0, 0xf0, 0xf0, 0xf0, 0xf0, 0xf0,
  0xf0, 0xf0, 0xf0, 0xf0, 0xf0, 0xf0, 0xf0, 0xf0, 0xf0, 0xf0, 0xf0, 0xf0, 0xf0, 0xf0, 0xf0, 0xf0, 0xf0, 0xf0, 0xf0, 0xf0, 0xf0, 0xf0, 0xf0, 0xf0,
  0xf0, 0xf0, 0xf0, 0xf0, 0xf0, 0xf0,
};

static const uint16_t FACE_10_PALETTE[16] PROGMEM = {
  0x0000, 0x269f, 0x0dbd, 0xf2f5, 0xef9f, 0x026d, 0x0189, 0x0b52, 0x1475, 0x50a6, 0x4f1f, 0x916c, 0x6391, 0x6909, 0x7454, 0x4ace
};
static const uint8_t FACE_10_RUNS[] PROGMEM = {
  0xf0, 0xf0, 0xf0, 0xf0, 0xf0, 0xf0, 0xf0, 0xf0, 0xf0, 0xf0, 0xf0, 0xf0, 0xf0, 0xf0, 0xf0, 0xf0, 0xf0, 0xf0, 0xf0, 0xf0, 0xf0, 0xf0, 0xf0, 0xf0,
  0xf0, 0xf0, 0xf0, 0xf0, 0xf0, 0xf0, 0xf0, 0xf0, 0xf0, 0xf0, 0xf0, 0xf0, 0xf0, 0xf0, 0xf0, 0xf0, 0xf0, 0xf0, 0xf0, 0xf0, 0xf0, 0xf0, 0xf0, 0xf0,
  0xf0, 0xf0, 0xf0, 0xf0, 0xf0, 0xf0, 0xf0, 0xf0, 0xf0, 0xf0, 0xf0, 0xf0, 0xf0, 0xf0, 0xf0, 0xf0, 0xf0, 0xf0, 0xf0, 0xf0, 0xf0, 0xf0, 0xf0, 0xf0,
  0xf0, 0xf0, 0xf0, 0xf0, 0xf0, 0xf0, 0xf0, 0xf0, 0xf0, 0xf0, 0xf0, 0xf0, 0xf0, 0xf0, 0xf0, 0xf0, 0xf0, 0xf0, 0xf0, 0xf0, 0xf0, 0xf0, 0xf0, 0xf0,
  0xf0, 0xf0, 0xf0, 0xf0, 0xf0, 0xf0, 0xf0, 0xf0, 0xf0, 0xf0, 0xf0, 0xf0, 0xf0, 0xf0, 0xf0, 0xf0, 0xf0, 0xf0, 0xf0, 0xf0, 0xf0, 0xf0, 0xf0, 0xf0,
  0xf0, 0xf0, 0xf0, 0xf0, 0xf0, 0xf0, 0xf0, 0xf0, 0xf0, 0xf0, 0xf0, 0xf0, 0xf0, 0xf0, 0xf0, 0xf0, 0xf0, 0xf0, 0xf0, 0xf0, 0xf0, 0xf0, 0xf0, 0xf0,
  0xf0, 0xf0, 0xf0, 0xf0, 0xf0, 0xf0, 0xf0, 0xf0, 0xf0, 0xf0, 0xf0, 0xf0, 0xf0, 0xf0, 0xf0, 0xf0, 0xf0, 0xf0, 0xf0, 0xf0, 0xf0, 0xf0, 0xf0, 0xf0,
  0xf0, 0xf0, 0xf0, 0xf0, 0xf0, 0xf0, 0xf0, 0xf0, 0xf0, 0xf0, 0xf0, 0xf0, 0xf0, 0xf0, 0xf0, 0xf0, 0xf0, 0xf0, 0xf0, 0xf0, 0xf0, 0xf0, 0xf0, 0xf0,
  0xf0, 0xf0, 0xf0, 0xf0, 0xf0, 0xf0, 0xf0, 0xf0, 0xf0, 0xf0, 0xf0, 0xf0, 0xf0, 0xf0, 0xf0, 0xf0, 0xf0, 0xf0, 0xf0, 0xf0, 0xf0, 0xf0, 0xf0, 0xf0,
  0xf0, 0xf0, 0xf0, 0xf0, 0xf0, 0xf0, 0xf0, 0xf0, 0xf0, 0xf0, 0xf0, 0xf0, 0xf0, 0xf0, 0xf0, 0xf0, 0xf0, 0xf0, 0xf0, 0xf0, 0xf0, 0xf0, 0xf0, 0xf0,
  0xf0, 0xf0, 0xf0, 0xf0, 0xf0, 0xf0, 0xf0, 0xf0, 0xf0, 0xf0, 0xf0, 0xf0, 0xf0, 0xf0, 0xf0, 0xf0, 0xf0, 0xf0, 0xf0, 0xf0, 0xf0, 0xf0, 0xf0, 0xf0,
  0xf0, 0xf0, 0xf0, 0xf0, 0xf0, 0xf0, 0xf0, 0xf0, 0xf0, 0xf0, 0xf0, 0xf0, 0xf0, 0xf0, 0xf0, 0xf0, 0xf0, 0xf0, 0xf0, 0xf0, 0xf0, 0xf0, 0xf0, 0xf0,
  0xf0, 0xf0, 0xf0, 0xf0, 0xf0, 0xf0, 0xf0, 0xf0, 0xf0, 0xf0, 0xf0, 0xf0, 0xf0, 0xf0, 0xf0, 0xf0, 0xf0, 0xf0, 0xf0, 0xf0, 0xf0, 0xf0, 0xf0, 0xf0,
  0xf0, 0xf0, 0xf0, 0xf0, 0xf0, 0xf0, 0xf0, 0xf0, 0xf0, 0xf0, 0xf0, 0xf0, 0xf0, 0xf0, 0xf0, 0xf0, 0xf0, 0xf0, 0xf0, 0xf0, 0xf0, 0xf0, 0xf0, 0xf0,
  0xf0, 0xf0, 0xf0, 0xf0, 0xf0, 0xf0, 0xf0, 0xf0, 0xf0, 0xf0, 0xf0, 0xf0, 0xf0, 0xf0, 0xf0, 0xf0, 0xf0, 0xf0, 0xf0, 0xf0, 0xf0, 0xf0, 0xf0, 0xf0,
  0xf0, 0xf0, 0xf0, 0xf0, 0xf0, 0xf0, 0xf0, 0xf0, 0xf0, 0xf0, 0xf0, 0xf0, 0xf0, 0xf0, 0xf0, 0xf0, 0xf0, 0xf0, 0xf0, 0xf0, 0xf0, 0xf0, 0xf0, 0xf0,
  0xf0, 0xf0, 0xf0, 0xf0, 0xf0, 0xf0, 0xf0, 0xf0, 0xf0, 0xf0, 0xf0, 0xf0, 0xf0, 0xf0, 0xf0, 0xf0, 0xf0, 0xf0, 0xf0, 0xf0, 0xf0, 0xf0, 0xf0, 0xf0,
  0xf0, 0xf0, 0xf0, 0xf0, 0xf0, 0xf0, 0xf0, 0xf0, 0xf0, 0xf0, 0xf0, 0xf0, 0xf0, 0xf0, 0xf0, 0xf0, 0xf0, 0xf0, 0xf0, 0xf0, 0xf0, 0xf0, 0xf0, 0xf0,
  0xf0, 0xf0, 0xf0, 0xf0, 0xf0, 0xf0, 0xf0, 0xf0, 0xf0, 0xf0, 0xf0, 0xf0, 0xf0, 0xf0, 0xf0, 0xf0, 0xf0, 0xf0, 0xf0, 0xf0, 0xf0, 0xf0, 0xf0, 0xf0,
  0xf0, 0xf0, 0xf0, 0xf0, 0xf0, 0xf0, 0xf0, 0xf0, 0xf0, 0xf0, 0xf0, 0xf0, 0xf0, 0xf0, 0xf0, 0xf0, 0xf0, 0xf0, 0xf0, 0xf0, 0xf0, 0xf0, 0xf0, 0xf0,
  0xf0, 0xf0, 0xf0, 0xf0, 0xf0, 0xf0, 0xf0, 0xf0, 0xf0, 0xf0, 0xf0, 0xf0, 0xf0, 0xf0, 0xf0, 0xf0, 0xf0, 0xf0, 0xf0, 0xf0, 0xf0, 0xf0, 0xf0, 0xf0,
  0xf0, 0xf0, 0xf0, 0xf0, 0xf0, 0xf0, 0xf0, 0xf0, 0xf0, 0xa0, 0x06, 0x10, 0xb6, 0xf0, 0xf0, 0xf0, 0xf0, 0xf0, 0x80, 0x06, 0x35, 0x56, 0x05, 0x16,
  0x05, 0xf0, 0xf0, 0xf0, 0xd0, 0xf0, 0xf0, 0xf0, 0x90, 0x07, 0x01, 0x22, 0x91, 0x02, 0x06, 0xf0, 0xf0, 0xf0, 0xf0, 0xf0, 0x70, 0x08, 0x01, 0x62,
  0x51, 0x08, 0xf0, 0xf0, 0xf0, 0xc0, 0xf0, 0xf0, 0xf0, 0x50, 0x25, 0x07, 0x02, 0x01, 0x12, 0xb1, 0x02, 0x07, 0x02, 0x07, 0xf0, 0xf0, 0xf0, 0xf0,
  0xf0, 0x00, 0x07, 0x32, 0x01, 0x62, 0x51, 0x02, 0x07, 0x25, 0xf0, 0xf0, 0xf0, 0x80, 0xf0, 0xf0, 0xf0, 0x40, 0x07, 0x01, 0x02, 0x11, 0xf2, 0x21,
  0x02, 0x07, 0x05, 0xf0, 0xf0, 0xf0, 0xf0, 0xc0, 0x05, 0x07, 0x02, 0x21, 0xe2, 0x31, 0x02, 0x07, 0xf0, 0xf0, 0xf0, 0x70, 0xf0, 0xf0, 0xf0, 0x10,
  0x06, 0x22, 0x01, 0xa2, 0x61, 0x42, 0x01, 0x02, 0x06, 0xf0, 0xf0, 0xf0, 0xf0, 0xa0, 0x06, 0x02, 0x11, 0xf2, 0x22, 0x31, 0x22, 0xf0, 0xf0, 0xf0,
  0x50, 0xf0, 0xf0, 0xf0, 0x15, 0x02, 0x21, 0xc2, 0x31, 0x02, 0x01, 0x72, 0x06, 0xf0, 0xf0, 0xf0, 0xf0, 0x80, 0x05, 0x12, 0x21, 0xc2, 0x11, 0x62,
  0x21, 0x02, 0x07, 0x06, 0xf0, 0xf0, 0xf0, 0x20, 0xf0, 0xf0, 0xe0, 0x06, 0x02, 0x21, 0x12, 0x21, 0x92, 0x61, 0x52, 0x01, 0x05, 0xf0, 0xf0, 0xf0,
  0xf0, 0x80, 0x07, 0x01, 0x12, 0x21, 0xb2, 0x11, 0x92, 0x11, 0x02, 0xf0, 0xf0, 0xf0, 0x20, 0xf0, 0xf0, 0xd0, 0x07, 0x02, 0xa1, 0xf2, 0x42, 0x01,
  0x05, 0xf0, 0xf0, 0xf0, 0xf0, 0x80, 0x07, 0x01, 0x12, 0x21, 0xf2, 0xb2, 0x07, 0xf0, 0xf0, 0xf0, 0x00, 0xf0, 0xf0, 0xc0, 0x07, 0x21, 0x12, 0x81,
  0x02, 0x21, 0x22, 0x51, 0x32, 0x01, 0x12, 0x01, 0x05, 0xf0, 0xf0, 0xf0, 0xf0, 0x80, 0x07, 0x01, 0x12, 0x21, 0x02, 0x01, 0x22, 0x51, 0x02, 0x11,
  0x12, 0x01, 0xb2, 0x08, 0xf0, 0xf0, 0xf0, 0xf0, 0xf0, 0xb0, 0x08, 0x22, 0x01, 0x02, 0xa1, 0x12, 0x11, 0x22, 0x61, 0x32, 0x11, 0x05, 0xf0, 0xf0,
  0xf0, 0xf0, 0x80, 0x07, 0x01, 0x52, 0xd1, 0xf2, 0x06, 0xf0, 0xf0, 0xd0, 0xf0, 0xf0, 0xa0, 0x08, 0x01, 0x42, 0x91, 0x02, 0x66, 0x35, 0x07, 0x12,
  0x41, 0x07, 0xf0, 0xf0, 0xf0, 0xf0, 0x90, 0x05, 0x02, 0x51, 0x07, 0x85, 0x07, 0x05, 0x07, 0x02, 0x21, 0xb2, 0x01, 0x02, 0xf0, 0xf0, 0xd0, 0xf0,
  0xf0, 0x90, 0x07, 0x01, 0x42, 0x71, 0x02, 0x07, 0x02, 0x07, 0xc0, 0x06, 0x42, 0xf0, 0xf0, 0xf0, 0xf0, 0xb0, 0x06, 0x22, 0x01, 0x12, 0x06, 0xb0,
  0x07, 0xf2, 0x12, 0xf0, 0xf0, 0xc0, 0xf0, 0xf0, 0x80, 0x08, 0x01, 0x52, 0x71, 0x05, 0xf0, 0x00, 0x46, 0xf0, 0xf0, 0xf0, 0xf0, 0xc0, 0x46, 0xe0,
  0x06, 0x00, 0x06, 0x02, 0x01, 0xa2, 0x11, 0x02, 0xf0, 0xf0, 0xb0, 0xf0, 0xf0, 0x70, 0x06, 0x02, 0x01, 0x52, 0x01, 0x02, 0x11, 0x02, 0x17, 0x05,
  0xf0, 0xf0, 0xf0, 0xf0, 0xf0, 0xf0, 0xf0, 0xa0, 0x05, 0x02, 0x08, 0xb2, 0x01, 0x07, 0xf0, 0xf0, 0xa0, 0xf0, 0xf0, 0x60, 0x05, 0xa2, 0x11, 0x05,
  0xf0, 0xf0, 0xf0, 0xf0, 0xf0, 0xf0, 0xf0, 0xf0, 0x00, 0x08, 0x01, 0xa2, 0x01, 0x07, 0xf0, 0xf0, 0x90, 0xf0, 0xf0, 0x60, 0x02, 0x11, 0x62, 0x01,
  0x02, 0x07, 0x05, 0xf0, 0xf0, 0xf0, 0xf0, 0xf0, 0xf0, 0xf0, 0xf0, 0x10, 0x06, 0x05, 0x07, 0x11, 0x72, 0x01, 0x02, 0x06, 0xf0, 0xf0, 0x80, 0xf0,
  0xf0, 0x40, 0x06, 0x02, 0x01, 0x22, 0x01, 0x02, 0x01, 0x32, 0x07, 0xf0, 0xf0, 0xf0, 0xf0, 0xf0, 0xf0, 0xf0, 0xf0, 0x60, 0x07, 0x02, 0x01, 0x92,
  0x05, 0xf0, 0xf0, 0x70, 0xf0, 0xf0, 0x40, 0x07, 0x11, 0x82, 0x06, 0xf0, 0xf0, 0xf0, 0xf0, 0xf0, 0xf0, 0xf0, 0xf0, 0x80, 0x07, 0x01, 0x72, 0x11,
  0x07, 0xf0, 0xf0, 0x70, 0xf0, 0xf0, 0x30, 0x05, 0x02, 0x01, 0x62, 0x01, 0x02, 0x06, 0xf0, 0xf0, 0xf0, 0xf0, 0xf0, 0xf0, 0xf0, 0xf0, 0xa0, 0x06,
  0x02, 0x01, 0x62, 0x01, 0x02, 0x05, 0xf0, 0xf0, 0x60, 0xf0, 0xf0, 0x30, 0x02, 0x01, 0x02, 0x01, 0x42, 0x01, 0x02, 0x06, 0xf0, 0xf0, 0xf0, 0xf0,
  0xf0, 0xf0, 0xf0, 0xf0, 0xc0, 0x05, 0x82, 0x11, 0xf0, 0xf0, 0x60, 0xf0, 0xf0, 0x30, 0x02, 0x01, 0x72, 0x07, 0xf0, 0xf0, 0xf0, 0xf0, 0xf0, 0xf0,
  0xf0, 0xf0, 0xe0, 0x06, 0x02, 0x01, 0x32, 0x01, 0x02, 0x01, 0x02, 0x06, 0xf0, 0xf0, 0x50, 0xf0, 0xf0, 0x30, 0x02, 0x01, 0x42, 0x01, 0x02, 0x06,
  0xf0, 0xf0, 0xf0, 0xf0, 0xf0, 0xf0, 0xf0, 0xf0, 0xf0, 0x00, 0x05, 0x02, 0x01, 0x12, 0x11, 0x02, 0x01, 0x02, 0x06, 0xf0, 0xf0, 0x50, 0xf0, 0xf0,
  0x30, 0x02, 0x01, 0x52, 0x07, 0xf0, 0xf0, 0xf0, 0xf0, 0xf0, 0xf0, 0xf0, 0xf0, 0xf0, 0x20, 0x05, 0x01, 0x42, 0x01, 0x02, 0xf0, 0xf0, 0x60, 0xf0,
  0xf0, 0x30, 0x05, 0x02, 0x11, 0x02, 0x01, 0x02, 0x06, 0xf0, 0xf0, 0xf0, 0xf0, 0xf0, 0xf0, 0xf0, 0xf0, 0xf0, 0x40, 0x05, 0x02, 0x31, 0x02, 0x05,
  0xf0, 0xf0, 0x60, 0xf0, 0xf0, 0x40, 0x05, 0x32, 0x07, 0xf0, 0xf0, 0xf0, 0xf0, 0xf0, 0xf0, 0xf0, 0xf0, 0xf0, 0x60, 0x05, 0x32, 0x07, 0xf0, 0xf0,
  0x70, 0xf0, 0xf0, 0xf0, 0xf0, 0xf0, 0xf0, 0xf0, 0xf0, 0xf0, 0xf0, 0xf0, 0xf0, 0xf0, 0xf0, 0xf0, 0xf0, 0xf0, 0xf0, 0xf0, 0xf0, 0xf0, 0xf0, 0xf0,
  0xf0, 0xf0, 0xf0, 0xf0, 0xf0, 0xf0, 0xf0, 0xf0, 0xf0, 0xf0, 0xf0, 0xf0, 0xf0, 0xf0, 0xf0, 0xf0, 0xf0, 0xf0, 0xf0, 0xf0, 0xf0, 0xf0, 0xf0, 0xf0,
  0xf0, 0xf0, 0xf0, 0xf0, 0xf0, 0xf0, 0xf0, 0xf0, 0xf0, 0xf0, 0xf0, 0xf0, 0xf0, 0xf0, 0xf0, 0xf0, 0xf0, 0xf0, 0xf0, 0xf0, 0xf0, 0xf0, 0xf0, 0xf0,
  0xf0, 0xf0, 0xf0, 0xf0, 0xf0, 0xf0, 0xf0, 0xf0, 0xf0, 0xf0, 0xf0, 0xf0, 0xf0, 0xf0, 0xf0, 0xf0, 0xf0, 0xf0, 0xf0, 0xf0, 0xf0, 0xf0, 0xf0, 0xf0,
  0xf0, 0xf0, 0xf0, 0xf0, 0xf0, 0xf0, 0xf0, 0xf0, 0xf0, 0xf0, 0xf0, 0xf0, 0xf0, 0xf0, 0xf0, 0xf0, 0xf0, 0xf0, 0xf0, 0xf0, 0xf0, 0xf0, 0xf0, 0xf0,
  0xf0, 0xf0, 0xf0, 0xf0, 0xf0, 0xf0, 0xf0, 0xf0, 0xf0, 0xf0, 0xf0, 0xf0, 0xf0, 0xf0, 0xf0, 0xf0, 0xf0, 0xf0, 0xf0, 0xf0, 0xf0, 0xf0, 0xf0, 0xf0,
  0xf0, 0xf0, 0xf0, 0xf0, 0xf0, 0xf0, 0xf0, 0xf0, 0xf0, 0xf0, 0xf0, 0xf0, 0xf0, 0xf0, 0xf0, 0xf0, 0xf0, 0xf0, 0xf0, 0xf0, 0xf0, 0xf0, 0xf0, 0xf0,
  0xf0, 0xf0, 0xf0, 0xf0, 0xf0, 0xf0, 0xf0, 0xf0, 0xf0, 0xf0, 0xf0, 0xf0, 0xf0, 0xf0, 0xf0, 0xf0, 0xf0, 0xf0, 0xf0, 0xf0, 0xf0, 0xf0, 0xf0, 0xf0,
  0xf0, 0xf0, 0xf0, 0xf0, 0xf0, 0xf0, 0xf0, 0xf0, 0xf0, 0xf0, 0xf0, 0xf0, 0xf0, 0xf0, 0xf0, 0xf0, 0xf0, 0xf0, 0xf0, 0xf0, 0xf0, 0xf0, 0x20, 0x08,
  0x01, 0xf2, 0x01, 0x02, 0xf0, 0xf0, 0xf0, 0xf0, 0xf0, 0xd0, 0x06, 0xf8, 0x18, 0x05, 0xf0, 0xf0, 0xf0, 0x60, 0xf0, 0xf0, 0xf0, 0x10, 0x06, 0xf1,
  0x31, 0x05, 0x20, 0x06, 0xf0, 0xf0, 0xf0, 0xf0, 0xf0, 0x80, 0x07, 0xf1, 0x11, 0x02, 0xf0, 0xf0, 0xf0, 0x60, 0xf0, 0xf0, 0xd0, 0x08, 0x32, 0xf1,
  0x41, 0x02, 0x21, 0x08, 0xf0, 0xf0, 0xf0, 0xf0, 0xf0, 0x20, 0x05, 0x38, 0x02, 0xf1, 0x21, 0x48, 0xf0, 0xf0, 0xf0, 0x10, 0xf0, 0xf0, 0xc0, 0x07,
  0x21, 0x1a, 0xa1, 0x2a, 0x91, 0x0a, 0x01, 0x17, 0x05, 0xf0, 0xf0, 0xf0, 0xf0, 0xf0, 0x02, 0xf1, 0xc1, 0x05, 0xf0, 0xf0, 0xf0, 0x00, 0xf0, 0xf0,
  0xa0, 0x08, 0xf1, 0xf1, 0x2a, 0x08, 0xf0, 0xf0, 0xf0, 0xf0, 0xc0, 0x06, 0x01, 0x02, 0xf1, 0xd1, 0x12, 0x08, 0xf0, 0xf0, 0xe0, 0xf0, 0xf0, 0x80,
  0x05, 0x07, 0xf1, 0x8a, 0x61, 0x1a, 0x01, 0x0a, 0x01, 0x02, 0x08, 0xf0, 0xf0, 0xf0, 0xf0, 0x80, 0x05, 0x08, 0x02, 0xf1, 0xf1, 0x21, 0x07, 0x05,
  0xf0, 0xf0, 0xc0, 0xf0, 0xf0, 0x80, 0xf1, 0x1a, 0x01, 0xa2, 0x41, 0x0a, 0x11, 0x0a, 0x11, 0x07, 0x05, 0x07, 0xf0, 0xf0, 0xf0, 0xf0, 0x50, 0x02,
  0xf1, 0xf1, 0x61, 0x08, 0xf0, 0xf0, 0xb0, 0xf0, 0xf0, 0x40, 0x05, 0x27, 0xf1, 0x01, 0x0a, 0x02, 0x46, 0x40, 0x06, 0xb1, 0x1a, 0x08, 0xf0, 0xf0,
  0xf0, 0xf0, 0x10, 0x17, 0x08, 0xf1, 0xf1, 0x81, 0x17, 0x05, 0xf0, 0xf0, 0x80, 0xf0, 0xf0, 0x40, 0x02, 0xf1, 0x11, 0x15, 0x17, 0xa0, 0x07, 0x08,
  0x07, 0x02, 0x61, 0x3a, 0x08, 0xf0, 0xf0, 0xf0, 0xf0, 0x07, 0xf1, 0xf1, 0xe1, 0x05, 0xf0, 0xf0, 0x70, 0xf0, 0xf0, 0x20, 0x06, 0x02, 0xf1, 0x11,
  0x08, 0xf0, 0x10, 0x06, 0x71, 0x3a, 0x02, 0xf0, 0xf0, 0xf0, 0xd0, 0x07, 0xe1, 0x92, 0xf1, 0x71, 0x05, 0xf0, 0xf0, 0x60, 0xf0, 0xf0, 0x20, 0x02,
  0xe1, 0x0a, 0x01, 0x17, 0x06, 0x20, 0x4f, 0x0c, 0x06, 0x80, 0x16, 0x02, 0x41, 0x4a, 0x08, 0xf0, 0xf0, 0xf0, 0xb0, 0x08, 0xe1, 0x07, 0x00, 0x16,
  0x60, 0x02, 0xf1, 0x71, 0x05, 0xf0, 0xf0, 0x50, 0xf0, 0xf0, 0x10, 0x02, 0xf1, 0x01, 0x02, 0x06, 0x30, 0x0c, 0x54, 0x0c, 0xa0, 0x05, 0x08, 0x31,
  0x5a, 0x08, 0xf0, 0xf0, 0xf0, 0x90, 0x07, 0xb1, 0x02, 0x08, 0x12, 0x05, 0x90, 0x05, 0x28, 0x02, 0xf1, 0x31, 0x02, 0x06, 0xf0, 0xf0, 0x40, 0xf0,
  0xf0, 0x00, 0x08, 0xf1, 0x01, 0x02, 0x06, 0x10, 0x06, 0x0e, 0x10, 0x64, 0x00, 0x06, 0xa0, 0x07, 0x11, 0x7a, 0x07, 0xf0, 0xf0, 0xf0, 0x70, 0x07,
  0xc1, 0x06, 0xf0, 0x10, 0x05, 0xf1, 0x51, 0x05, 0xf0, 0xf0, 0x30, 0xf0, 0xe0, 0x06, 0x02, 0xf1, 0x01, 0x07, 0x06, 0x20, 0x0c, 0xa4, 0x0c, 0xb0,
  0x05, 0x01, 0x0a, 0x01, 0x6a, 0x07, 0xf0, 0xf0, 0xf0, 0x50, 0x08, 0xa1, 0x02, 0x08, 0x07, 0x10, 0x05, 0x0c, 0x0e, 0x3c, 0x06, 0x90, 0x07, 0x02,
  0xf1, 0x31, 0x02, 0x05, 0xf0, 0xf0, 0x20, 0xf0, 0xe0, 0x05, 0xf1, 0x0a, 0x02, 0x20, 0x06, 0x00, 0xb4, 0x00, 0x0e, 0xb0, 0x07, 0x01, 0x0a, 0x01,
  0x5a, 0x08, 0xf0, 0xf0, 0xf0, 0x40, 0x06, 0xb1, 0x07, 0x20, 0x06, 0x64, 0xb0, 0x06, 0x02, 0xf1, 0x41, 0xf0, 0xf0, 0x20, 0xf0, 0xf0, 0xf1, 0x07,
  0x06, 0x10, 0x05, 0x00, 0xe4, 0x06, 0xb0, 0x05, 0x01, 0x0a, 0x01, 0x3a, 0x01, 0x07, 0xf0, 0xf0, 0xf0, 0x50, 0x02, 0x81, 0x02, 0x05, 0x10, 0x05,
  0x0e, 0x00, 0x74, 0x00, 0x0f, 0x90, 0x06, 0x07, 0xf1, 0x21, 0x02, 0xf0, 0xf0, 0x20, 0xf0, 0xd0, 0x06, 0x08, 0xf1, 0x40, 0xf4, 0x06, 0xc0, 0x07,
  0x61, 0x02, 0xf0, 0xf0, 0xf0, 0x30, 0x06, 0x08, 0x81, 0x02, 0x06, 0x20, 0x0c, 0xa4, 0xc0, 0x02, 0xf1, 0x11, 0x02, 0x05, 0xf0, 0xf0, 0x10, 0xf0,
  0xd0, 0x08, 0xf1, 0x07, 0x20, 0x0c, 0xf4, 0x04, 0x06, 0xd0, 0x08, 0x61, 0x02, 0x05, 0xf0, 0xf0, 0xf0, 0x10, 0x07, 0x91, 0x05, 0x10, 0x06, 0x0c,
  0x00, 0xb4, 0x00, 0x06, 0x90, 0x06, 0x08, 0xf1, 0x21, 0x05, 0xf0, 0xf0, 0x00, 0xf0, 0xc0, 0x05, 0x02, 0x0a, 0xd1, 0x05, 0x20, 0x06, 0xf4, 0x14,
  0x06, 0xd0, 0x05, 0x02, 0x71, 0xf0, 0xf0, 0xf0, 0x00, 0x12, 0x81, 0x05, 0x20, 0x0e, 0xe4, 0x0c, 0xb0, 0x08, 0xf1, 0x11, 0x08, 0xf0, 0xf0, 0x00,
  0xf0, 0xb0, 0x05, 0xf1, 0x02, 0x20, 0x06, 0x0e, 0xf4, 0x14, 0x06, 0xf0, 0x02, 0x61, 0xf0, 0xf0, 0xf0, 0x00, 0x91, 0x08, 0x20, 0x0e, 0xf4, 0x0c,
  0xb0, 0x05, 0xf1, 0x21, 0x07, 0xf0, 0xf0, 0xf0, 0xb0, 0x06, 0xf1, 0x01, 0x06, 0x10, 0x0e, 0xf4, 0x24, 0x06, 0xf0, 0x71, 0x08, 0x05, 0xf0, 0xf0,
  0xe0, 0x02, 0x71, 0x02, 0x05, 0x10, 0x05, 0x00, 0xf4, 0x0c, 0xc0, 0x05, 0xf1, 0x11, 0x08, 0xf0, 0xf0, 0xf0, 0xa0, 0x05, 0x08, 0xe1, 0x02, 0x07,
  0x20, 0x0c, 0xf4, 0x24, 0x06, 0xe0, 0x06, 0x02, 0x61, 0x0a, 0x02, 0xf0, 0xf0, 0xc0, 0x05, 0x02, 0x81, 0x06, 0x10, 0x0c, 0xf4, 0x14, 0x0c, 0xd0,
  0x02, 0xf1, 0x01, 0x02, 0x07, 0xf0, 0xe0, 0xf0, 0xa0, 0x02, 0xf1, 0x07, 0x30, 0x0e, 0xf4, 0x04, 0x00, 0x0f, 0xf0, 0x10, 0x07, 0x61, 0x02, 0xf0,
  0xf0, 0xc0, 0x07, 0x91, 0x05, 0x10, 0x0c, 0xf4, 0x14, 0x0c, 0xd0, 0x08, 0x02, 0xf1, 0x11, 0x05, 0xf0, 0xd0, 0xf0, 0xa0, 0x02, 0xf1, 0x07, 0x30,
  0x0e, 0xf4, 0x04, 0x0c, 0xf0, 0x20, 0x07, 0x61, 0x02, 0xf0, 0xf0, 0xc0, 0x07, 0x71, 0x02, 0x07, 0x06, 0x10, 0x0c, 0xf4, 0x14, 0x0c, 0xe0, 0x05,
  0xf1, 0x11, 0x05, 0xf0, 0xd0, 0xf0, 0xa0, 0x02, 0xe1, 0x0a, 0x08, 0x30, 0x0c, 0xf4, 0x0c, 0x06, 0xf0, 0x20, 0x07, 0x61, 0x08, 0xf0, 0xf0, 0xc0,
  0x07, 0x71, 0x07, 0x30, 0x0c, 0xf4, 0x04, 0x0e, 0x06, 0xe0, 0x05, 0xf1, 0x11, 0x05, 0xf0, 0xd0, 0xf0, 0xa0, 0x02, 0xe1, 0x0a, 0x08, 0x30, 0x0e,
  0xe4, 0xf0, 0x50, 0x08, 0x61, 0x08, 0xf0, 0xf0, 0xc0, 0x07, 0x71, 0x07, 0x30, 0x0c, 0xf4, 0xf0, 0x10, 0x05, 0xf1, 0x11, 0x05, 0xf0, 0xd0, 0xf0,
  0x80, 0x06, 0x05, 0xf1, 0x08, 0x06, 0x30, 0x0f, 0x00, 0xc4, 0x00, 0x05, 0xf0, 0x40, 0x05, 0x02, 0x61, 0x08, 0x05, 0xf0, 0xf0, 0x90, 0x05, 0x02,
  0x71, 0x07, 0x30, 0x0c, 0xf4, 0x0e, 0xf0, 0x00, 0x06, 0xf1, 0x11, 0x08, 0x05, 0xf0, 0xc0, 0xf0, 0x80, 0xf1, 0x11, 0x06, 0x70, 0xa4, 0x0c, 0xf0,
  0x80, 0x02, 0x61, 0x08, 0xf0, 0xf0, 0x80, 0x05, 0x91, 0x07, 0x30, 0x0f, 0xe4, 0x05, 0xf0, 0x20, 0x06, 0x08, 0xf1, 0x11, 0x05, 0xf0, 0xb0, 0xf0,
  0x80, 0xf1, 0x11, 0x06, 0x60, 0x0f, 0x0c, 0x00, 0x64, 0x00, 0x0f, 0x06, 0xf0, 0x80, 0x02, 0x61, 0x08, 0xf0, 0xf0, 0x80, 0x05, 0x71, 0x02, 0x05,
  0x06, 0x40, 0x0f, 0xc4, 0xf0, 0x50, 0x08, 0xf1, 0x11, 0x05, 0xf0, 0xb0, 0xf0, 0x80, 0x02, 0xf1, 0x01, 0x06, 0x80, 0x0c, 0x64, 0x06, 0xf0, 0xa0,
  0x02, 0x61, 0x08, 0xf0, 0xf0, 0x80, 0x05, 0x71, 0x02, 0x80, 0xa4, 0x06, 0xf0, 0x50, 0x08, 0xf1, 0x11, 0x05, 0xf0, 0xb0, 0xf0, 0x80, 0xf1, 0x11,
  0x06, 0x90, 0x16, 0x15, 0x0f, 0x15, 0xf0, 0xb0, 0x02, 0x61, 0x08, 0xf0, 0xf0, 0x80, 0x05, 0x71, 0x02, 0x70, 0x05, 0x0c, 0x74, 0x0e, 0x0f, 0xf0,
  0x60, 0x08, 0xf1, 0x11, 0x05, 0xf0, 0xb0, 0xf0, 0x80, 0x02, 0xf1, 0x01, 0x06, 0xf0, 0xf0, 0xc0, 0x02, 0x61, 0x08, 0xf0, 0xf0, 0x80, 0x05, 0x71,
  0x02, 0xa0, 0x54, 0x0e, 0xf0, 0x80, 0x08, 0xf1, 0x11, 0x05, 0xf0, 0xb0, 0xf0, 0x80, 0x02, 0xf1, 0x01, 0x06, 0xf0, 0xf0, 0xc0, 0x08, 0x61, 0x08,
  0xf0, 0xf0, 0x80, 0x05, 0x71, 0x02, 0xa0, 0x46, 0xf0, 0xa0, 0x08, 0xf1, 0x11, 0x05, 0xf0, 0xb0, 0xf0, 0x80, 0x02, 0xf1, 0x01, 0x06, 0xf0, 0xf0,
  0xc0, 0x08, 0x61, 0x08, 0xf0, 0xf0, 0x80, 0x05, 0x71, 0x02, 0xf0, 0xf0, 0xa0, 0x08, 0xf1, 0x11, 0x05, 0xf0, 0xb0, 0xf0, 0x80, 0x02, 0xf1, 0x01,
  0x06, 0xf0, 0xf0, 0xc0, 0x08, 0x61, 0x08, 0xf0, 0xf0, 0x80, 0x05, 0x71, 0x02, 0xf0, 0xf0, 0xa0, 0x08, 0xf1, 0x11, 0x05, 0xf0, 0xb0, 0xf0, 0x80,
  0x02, 0xf1, 0x01, 0x06, 0xf0, 0xf0, 0xc0, 0x08, 0x61, 0x08, 0xf0, 0xf0, 0x80, 0x05, 0x71, 0x02, 0xf0, 0xf0, 0xa0, 0x08, 0xf1, 0x11, 0x05, 0xf0,
  0xb0, 0xf0, 0x80, 0x02, 0xf1, 0x01, 0x06, 0xf0, 0xf0, 0xc0, 0x08, 0x61, 0x08, 0xf0, 0xf0, 0x80, 0x05, 0x71, 0x02, 0xf0, 0xf0, 0xa0, 0x08, 0xf1,
  0x11, 0x05, 0xf0, 0xb0, 0xf0, 0x80, 0x02, 0xf1, 0x01, 0x06, 0xf0, 0xf0, 0xc0, 0x08, 0x61, 0x08, 0xf0, 0xf0, 0x80, 0x05, 0x71, 0x02, 0xf0, 0xf0,
  0xa0, 0x08, 0xf1, 0x11, 0x05, 0xf0, 0xb0, 0xf0, 0x80, 0x02, 0xf1, 0x01, 0x06, 0xf0, 0xf0, 0xc0, 0x02, 0x61, 0x08, 0xf0, 0xf0, 0x80, 0x05, 0x71,
  0x02, 0xf0, 0xf0, 0xa0, 0x08, 0xf1, 0x11, 0x05, 0xf0, 0xb0, 0xf0, 0x80, 0x02, 0xf1, 0x01, 0x06, 0xf0, 0xf0, 0xc0, 0x02, 0x61, 0x08, 0xf0, 0xf0,
  0x80, 0x05, 0x71, 0x02, 0xf0, 0xf0, 0xa0, 0x08, 0xf1, 0x11, 0x05, 0xf0, 0xb0, 0xf0, 0x80, 0x02, 0xf1, 0x01, 0x06, 0xf0, 0xf0, 0xc0, 0x08, 0x61,
  0x08, 0xf0, 0xf0, 0x80, 0x05, 0x71, 0x02, 0xf0, 0xf0, 0xa0, 0x08, 0xf1, 0x11, 0x05, 0xf0, 0xb0, 0xf0, 0x80, 0x02, 0xf1, 0x01, 0x05, 0xf0, 0xf0,
  0xc0, 0x02, 0x61, 0x08, 0xf0, 0xf0, 0x80, 0x05, 0x71, 0x08, 0xf0, 0xf0, 0xa0, 0x08, 0xf1, 0x11, 0x05, 0xf0, 0xb0, 0xf0, 0x80, 0xf1, 0x11, 0x02,
  0x07, 0xf0, 0xf0, 0x90, 0x05, 0x02, 0x71, 0x08, 0xf0, 0xf0, 0x80, 0x05, 0x71, 0x08, 0xf0, 0xf0, 0xa0, 0x08, 0xf1, 0x11, 0x05, 0xf0, 0xb0, 0xf0,
  0x80, 0xf1, 0x21, 0x08, 0xf0, 0xf0, 0x90, 0x05, 0x81, 0x07, 0xf0, 0xf0, 0x80, 0x05, 0x81, 0x08, 0x06, 0xf0, 0xf0, 0x60, 0x06, 0x08, 0xf1, 0x21,
  0x06, 0xf0, 0xb0, 0xf0, 0x80, 0xf1, 0x21, 0x07, 0xf0, 0xf0, 0x90, 0x06, 0x81, 0x08, 0xf0, 0xf0, 0x80, 0x05, 0x91, 0x05, 0xf0, 0xf0, 0x60, 0x06,
  0xf1, 0x31, 0x05, 0xf0, 0xb0, 0xf0, 0x80, 0x02, 0xf1, 0x11, 0x07, 0xf0, 0xf0, 0x90, 0x06, 0x71, 0x02, 0x05, 0xf0, 0xf0, 0x80, 0x05, 0x91, 0x05,
  0xf0, 0xf0, 0x60, 0x06, 0xf1, 0x31, 0x06, 0xf0, 0xb0, 0xf0, 0x90, 0x06, 0x02, 0xf1, 0x02, 0x07, 0xf0, 0xf0, 0x70, 0x05, 0x02, 0x61, 0x02, 0xf0,
  0xf0, 0xc0, 0x08, 0x71, 0x05, 0xf0, 0xf0, 0x60, 0x05, 0xf1, 0x11, 0x07, 0xf0, 0xd0, 0xf0, 0xa0, 0x02, 0xf1, 0x11, 0x06, 0xf0, 0xf0, 0x60, 0x02,
  0x71, 0x08, 0xf0, 0xf0, 0xc0, 0x07, 0x71, 0x08, 0x06, 0xf0, 0xf0, 0x40, 0x07, 0xf1, 0x21, 0x05, 0xf0, 0xd0, 0xf0, 0xa0, 0x02, 0xf1, 0x01, 0x02,
  0x05, 0xf0, 0xf0, 0x60, 0x02, 0x71, 0x08, 0xf0, 0xf0, 0xc0, 0x07, 0x81, 0x02, 0xf0, 0xf0, 0x40, 0x08, 0xf1, 0x0a, 0x11, 0x05, 0xf0, 0xd0, 0xf0,
  0xa0, 0xf1, 0x31, 0x06, 0xf0, 0xf0, 0x40, 0x06, 0x02, 0x71, 0x08, 0xf0, 0xf0, 0xc0, 0x07, 0x81, 0x08, 0xf0, 0xf0, 0x40, 0x07, 0xf1, 0x0a, 0x11,
  0x05, 0xf0, 0xd0, 0xf0, 0xa0, 0xf1, 0x31, 0x07, 0x06, 0xf0, 0xf0, 0x20, 0x06, 0x02, 0x81, 0x08, 0xf0, 0xf0, 0xc0, 0x07, 0x81, 0x02, 0x07, 0x06,
  0xf0, 0xf0, 0x00, 0x06, 0x02, 0xf1, 0x31, 0x05, 0xf0, 0xd0, 0xf0, 0xa0, 0x06, 0x08, 0xf1, 0x21, 0x07, 0xf0, 0xf0, 0x20, 0x07, 0x81, 0x07, 0xf0,
  0xf0, 0xe0, 0x05, 0x02, 0x81, 0x06, 0xf0, 0xf0, 0x00, 0x05, 0xf1, 0x31, 0x06, 0xf0, 0xe0, 0xf0, 0xb0, 0x05, 0xf1, 0x21, 0x02, 0x06, 0xf0, 0xf0,
  0x00, 0x07, 0x02, 0x81, 0xf0, 0xf0, 0xf0, 0x00, 0x02, 0x81, 0x07, 0xf0, 0xf0, 0x06, 0x08, 0xf1, 0x21, 0x02, 0xf0, 0xf0, 0xf0, 0xb0, 0x05, 0xf1,
  0x31, 0x02, 0xf0, 0xf0, 0x06, 0xa1, 0x06, 0xf0, 0xf0, 0xf0, 0x02, 0x91, 0x07, 0xf0, 0xd0, 0x06, 0x02, 0xf1, 0x31, 0x08, 0xf0, 0xf0, 0xf0, 0xc0,
  0x08, 0xf1, 0x21, 0x02, 0x07, 0x06, 0xf0, 0xc0, 0x05, 0x02, 0x91, 0x06, 0xf0, 0xf0, 0xf0, 0x00, 0x05, 0x02, 0x81, 0x02, 0x07, 0xf0, 0xb0, 0x06,
  0x07, 0xf1, 0x31, 0x02, 0x06, 0xf0, 0xf0, 0xf0, 0xc0, 0x05, 0xf1, 0x41, 0x07, 0xf0, 0xb0, 0x06, 0xa1, 0x02, 0xf0, 0xf0, 0xf0, 0x20, 0x07, 0x91,
  0x02, 0x06, 0xf0, 0xa0, 0x02, 0xf1, 0x41, 0x07, 0xf0, 0xf0, 0x00, 0xf0, 0xd0, 0x08, 0x02, 0xf1, 0x21, 0x12, 0x05, 0xf0, 0x80, 0x08, 0x02, 0x91,
  0x07, 0xf0, 0xf0, 0xf0, 0x30, 0x05, 0x08, 0x91, 0x02, 0x05, 0xf0, 0x70, 0x05, 0x08, 0xf1, 0x31, 0x02, 0x07, 0x06, 0xf0, 0xf0, 0x00, 0xf0, 0xe0,
  0x07, 0xf1, 0x41, 0x02, 0x06, 0xf0, 0x40, 0x16, 0x07, 0xb1, 0x05, 0xf0, 0xf0, 0xf0, 0x50, 0x02, 0xa1, 0x06, 0xf0, 0x40, 0x16, 0x02, 0xf1, 0x41,
  0x02, 0xf0, 0xf0, 0x20, 0xf0, 0xe0, 0x08, 0xf1, 0x51, 0x12, 0x07, 0xf0, 0x20, 0x07, 0xc1, 0x02, 0x06, 0xf0, 0xf0, 0xf0, 0x40, 0x06, 0xb1, 0x12,
  0x07, 0xf0, 0x10, 0x06, 0x02, 0xf1, 0x71, 0xf0, 0xf0, 0x20, 0xf0, 0xe0, 0x07, 0xf1, 0x71, 0x02, 0x15, 0x07, 0x06, 0xa0, 0x06, 0x07, 0x05, 0x07,
  0x02, 0xc1, 0x07, 0xf0, 0xf0, 0xf0, 0x60, 0x07, 0xc1, 0x02, 0x16, 0x05, 0x06, 0xa0, 0x06, 0x05, 0x06, 0x07, 0xf1, 0x61, 0x02, 0x05, 0xf0, 0xf0,
  0x20, 0xf0, 0xf0, 0x07, 0xf1, 0xa1, 0x02, 0xa0, 0x02, 0xf1, 0x05, 0xf0, 0xf0, 0xf0, 0x80, 0x05, 0xf1, 0x08, 0x90, 0x06, 0x02, 0xf1, 0x91, 0x05,
  0xf0, 0xf0, 0x30, 0xf0, 0xf0, 0x00, 0x05, 0xf1, 0x91, 0x12, 0x18, 0x77, 0x02, 0xe1, 0x07, 0xf0, 0xf0, 0xf0, 0xa0, 0x07, 0xe1, 0x02, 0x97, 0x08,
  0x02, 0x01, 0x02, 0xf1, 0x61, 0x05, 0xf0, 0xf0, 0x40, 0xf0, 0xf0, 0x10, 0x07, 0x02, 0xf1, 0xf1, 0xf1, 0x21, 0x07, 0xf0, 0xf0, 0xf0, 0xc0, 0x07,
  0x02, 0xf1, 0xf1, 0xf1, 0x01, 0x02, 0x05, 0xf0, 0xf0, 0x50, 0xf0, 0xf0, 0x20, 0x05, 0x02, 0xf1, 0xf1, 0xf1, 0x01, 0x07, 0xf0, 0xf0, 0xf0, 0xe0,
  0x05, 0xf1, 0xf1, 0xf1, 0x02, 0x05, 0xf0, 0xf0, 0x60, 0xf0, 0xf0, 0x30, 0x05, 0x02, 0xf1, 0xf1, 0xe1, 0x07, 0xf0, 0xf0, 0xf0, 0xf0, 0x00, 0x05,
  0xf1, 0xf1, 0xe1, 0x05, 0xf0, 0xf0, 0x70, 0xf0, 0xf0, 0x40, 0x07, 0x22, 0xf1, 0xf1, 0x71, 0x02, 0x15, 0x07, 0xf0, 0xf0, 0xf0, 0xf0, 0x20, 0x07,
  0x18, 0xf1, 0xf1, 0x71, 0x02, 0x16, 0x05, 0xf0, 0xf0, 0x80, 0xf0, 0xf0, 0x70, 0x07, 0xf1, 0xf1, 0x61, 0x02, 0x07, 0xf0, 0xf0, 0xf0, 0xf0, 0x80,
  0x08, 0xf1, 0xf1, 0x51, 0x02, 0x05, 0xf0, 0xf0, 0xb0, 0xf0, 0xf0, 0x80, 0x05, 0x08, 0xf1, 0xf1, 0x02, 0x21, 0x02, 0xf0, 0xf0, 0xf0, 0xf0, 0xb0,
  0x06, 0x08, 0xf1, 0xf1, 0x21, 0x07, 0xf0, 0xf0, 0xd0, 0xf0, 0xf0, 0xa0, 0x02, 0x01, 0x02, 0xf1, 0xd1, 0x02, 0x17, 0x06, 0xf0, 0xf0, 0xf0, 0xf0,
  0xc0, 0x06, 0x17, 0x02, 0xf1, 0xc1, 0x02, 0x17, 0xf0, 0xf0, 0xe0, 0xf0, 0xf0, 0xc0, 0x05, 0xf1, 0xd1, 0x07, 0xf0, 0xf0, 0xf0, 0xf0, 0xf0, 0x20,
  0x07, 0xf1, 0x21, 0x32, 0x41, 0x02, 0x06, 0xf0, 0xf0, 0xf0, 0x00, 0xf0, 0xf0, 0xd0, 0x37, 0x08, 0xf1, 0x31, 0x07, 0x35, 0xf0, 0xf0, 0xf0, 0xf0,
  0xf0, 0x40, 0x05, 0x06, 0x05, 0x06, 0x07, 0xf1, 0x11, 0x02, 0x05, 0x36, 0xf0, 0xf0, 0xf0, 0x10, 0xf0, 0xf0, 0xf0, 0x20, 0xf1, 0x21, 0x02, 0xf0,
  0xf0, 0xf0, 0xf0, 0xf0, 0xd0, 0x06, 0x42, 0x81, 0x22, 0x01, 0x07, 0xf0, 0xf0, 0xf0, 0x60, 0xf0, 0xf0, 0xf0, 0x20, 0x05, 0x07, 0xf5, 0x15, 0xf0,
  0xf0, 0xf0, 0xf0, 0xf0, 0xf0, 0x30, 0x96, 0xf0, 0xf0, 0xf0, 0xa0, 0xf0, 0xf0, 0xf0, 0xf0, 0xf0, 0xf0, 0xf0, 0xf0, 0xf0, 0xf0, 0xf0, 0xf0, 0xf0,
  0xf0, 0xf0, 0xf0, 0xf0, 0xf0, 0xf0, 0xf0, 0xf0, 0xf0, 0xf0, 0xf0, 0xf0, 0xf0, 0xf0, 0xf0, 0xf0, 0xf0, 0xf0, 0xf0, 0xf0, 0xf0, 0xf0, 0xf0, 0xf0,
  0xf0, 0xf0, 0xf0, 0xf0, 0xf0, 0xf0, 0xf0, 0xf0, 0xf0, 0xf0, 0xf0, 0xf0, 0xf0, 0xf0, 0xf0, 0xf0, 0xf0, 0xf0, 0xf0, 0xf0, 0xf0, 0xf0, 0xf0, 0xf0,
  0xf0, 0xf0, 0xf0, 0xf0, 0xf0, 0xf0, 0xf0, 0xf0, 0xf0, 0xf0, 0xf0, 0xf0, 0xf0, 0xf0, 0xf0, 0xf0, 0xf0, 0xf0, 0xf0, 0xf0, 0xf0, 0xf0, 0xf0, 0xf0,
  0xf0, 0xf0, 0xf0, 0xf0, 0xf0, 0xf0, 0xf0, 0xf0, 0xf0, 0xf0, 0xf0, 0xf0, 0xf0, 0xf0, 0xf0, 0xf0, 0xf0, 0xf0, 0xf0, 0xf0, 0xf0, 0xf0, 0xf0, 0xf0,
  0xf0, 0xf0, 0xf0, 0xf0, 0xf0, 0xf0, 0xf0, 0xf0, 0xf0, 0xf0, 0xf0, 0xf0, 0x80, 0x09, 0x0b, 0x0d, 0x1b, 0x90, 0x3b, 0x09, 0x80, 0x0d, 0x2b, 0x09,
  0xf0, 0xf0, 0x70, 0x48, 0x06, 0xf0, 0xb0, 0x07, 0x08, 0x17, 0x08, 0xf0, 0xf0, 0xd0, 0x0d, 0x2b, 0x09, 0x80, 0x0d, 0x3b, 0x90, 0x3b, 0xf0, 0x60,
  0xf0, 0x90, 0x33, 0x09, 0x70, 0x09, 0x33, 0x0b, 0x70, 0x09, 0x33, 0x00, 0x09, 0xf0, 0xf0, 0x50, 0x07, 0x41, 0x07, 0xf0, 0xa0, 0x07, 0x41, 0x07,
  0xf0, 0xf0, 0xb0, 0x09, 0x33, 0x00, 0x09, 0x80, 0x33, 0x09, 0x70, 0x0b, 0x33, 0x0b, 0xf0, 0x50, 0xf0, 0x60, 0x09, 0x0b, 0x53, 0x09, 0x50, 0x0b,
  0x53, 0x0b, 0x50, 0x09, 0x00, 0x43, 0x0b, 0xf0, 0xf0, 0x40, 0x08, 0x61, 0x02, 0xf0, 0x80, 0x08, 0x61, 0x02, 0xf0, 0xf0, 0x90, 0x09, 0x00, 0x43,
  0x60, 0x09, 0x63, 0x60, 0x0b, 0x53, 0x0b, 0xf0, 0x40, 0xf0, 0x60, 0x0d, 0x63, 0x0d, 0x50, 0x73, 0x50, 0x0b, 0x63, 0xf0, 0xf0, 0x40, 0x08, 0x61,
  0x02, 0xf0, 0x80, 0x02, 0x61, 0x02, 0xf0, 0xf0, 0x90, 0x0b, 0x63, 0x50, 0x0d, 0x63, 0x60, 0x63, 0x0b, 0xf0, 0x40, 0xf0, 0x50, 0x09, 0x00, 0x63,
  0x09, 0x40, 0x0b, 0x63, 0x50, 0x09, 0x00, 0x63, 0xf0, 0xf0, 0x40, 0x02, 0x71, 0x07, 0xf0, 0x60, 0x07, 0x71, 0x02, 0xf0, 0xf0, 0x80, 0x09, 0x73,
  0x50, 0x0b, 0x63, 0x50, 0x0d, 0x63, 0x0b, 0xf0, 0x40, 0xf0, 0x50, 0x0b, 0x73, 0x09, 0x30, 0x09, 0x73, 0x0d, 0x40, 0x0b, 0x73, 0xf0, 0xf0, 0x40,
  0x02, 0x81, 0x02, 0xf0, 0x40, 0x08, 0x81, 0x02, 0xf0, 0xf0, 0x90, 0x63, 0x50, 0x0b, 0x73, 0x40, 0x09, 0x73, 0x0b, 0xf0, 0x40, 0xf0, 0x50, 0x0b,
  0x53, 0x60, 0x0d, 0x63, 0x0d, 0x40, 0x09, 0x63, 0x00, 0x0d, 0xf0, 0xf0, 0x40, 0x02, 0x91, 0x05, 0xf0, 0x20, 0x05, 0x91, 0x02, 0xf0, 0xf0, 0x80,
  0x63, 0x0b, 0x09, 0x40, 0x73, 0x0d, 0x40, 0x0b, 0x63, 0x00, 0x09, 0xf0, 0x40, 0xf0, 0x50, 0x63, 0x0b, 0x40, 0x09, 0x73, 0x50, 0x0b, 0x63, 0x0d,
  0xf0, 0xf0, 0x50, 0x02, 0x91, 0x12, 0xf0, 0x00, 0x07, 0x02, 0x91, 0x08, 0xf0, 0xf0, 0x70, 0x0b, 0x63, 0x09, 0x40, 0x0b, 0x63, 0x0b, 0x40, 0x09,
  0x73, 0xf0, 0x60, 0xf0, 0x30, 0x09, 0x63, 0x0b, 0x50, 0x73, 0x09, 0x40, 0x0d, 0x73, 0xf0, 0xf0, 0x60, 0x05, 0x02, 0xa1, 0x07, 0xe0, 0x07, 0xa1,
  0x07, 0xf0, 0xf0, 0x80, 0x73, 0x40, 0x09, 0x73, 0x09, 0x40, 0x73, 0xf0, 0x70, 0xf0, 0x30, 0x0b, 0x63, 0x09, 0x40, 0x09, 0x63, 0x60, 0x0b, 0x63,
  0x0d, 0xf0, 0xf0, 0x70, 0x05, 0xd1, 0x07, 0x80, 0x05, 0x12, 0xb1, 0x05, 0xf0, 0xf0, 0x70, 0x63, 0x60, 0x0b, 0x63, 0x09, 0x40, 0x09, 0x63, 0x0b,
  0xf0, 0x70, 0xf0, 0x20, 0x0d, 0x00, 0x53, 0x0b, 0x40, 0x09, 0x73, 0x50, 0x0b, 0x63, 0x0b, 0xf0, 0xf0, 0x90, 0x02, 0xc1, 0x02, 0x87, 0x02, 0xb1,
  0x02, 0x05, 0xf0, 0xf0, 0x80, 0x63, 0x50, 0x09, 0x73, 0x40, 0x09, 0x0b, 0x63, 0x0b, 0xf0, 0x70, 0xf0, 0x20, 0x73, 0x09, 0x40, 0x0b, 0x63, 0x60,
  0x73, 0x09, 0xf0, 0xf0, 0xa0, 0x02, 0xf1, 0xf1, 0x21, 0x02, 0xf0, 0xf0, 0x70, 0x0d, 0x73, 0x09, 0x30, 0x09, 0x00, 0x63, 0x0d, 0x50, 0x63, 0xf0,
  0x90, 0xf0, 0x10, 0x0b, 0x63, 0x09, 0x40, 0x09, 0x0b, 0x53, 0x60, 0x0b, 0x63, 0x0d, 0xf0, 0xf0, 0xb0, 0x07, 0x02, 0xf1, 0xf1, 0x01, 0x02, 0x06,
  0xf0, 0xf0, 0x60, 0x09, 0x0b, 0x63, 0x0d, 0x40, 0x0b, 0x73, 0x40, 0x09, 0x73, 0x09, 0xf0, 0x80, 0xf0, 0x00, 0x0b, 0x73, 0x50, 0x73, 0x50, 0x0b,
  0x73, 0x09, 0xf0, 0xf0, 0xc0, 0x05, 0xf1, 0xf1, 0x01, 0x05, 0xf0, 0xf0, 0x70, 0x83, 0x09, 0x30, 0x0b, 0x73, 0x09, 0x30, 0x09, 0x83, 0xf0, 0x90,
  0xf0, 0x00, 0x0b, 0x63, 0x09, 0x40, 0x09, 0x63, 0x0b, 0x50, 0x73, 0x09, 0xf0, 0xf0, 0xe0, 0x05, 0x02, 0xf1, 0xc1, 0x02, 0x06, 0xf0, 0xf0, 0x80,
  0x63, 0x00, 0x09, 0x40, 0x0b, 0x63, 0x0b, 0x40, 0x09, 0x63, 0x00, 0x09, 0xf0, 0x90, 0xf0, 0x10, 0x63, 0x50, 0x0d, 0x63, 0x0d, 0x40, 0x09, 0x63,
  0xf0, 0xf0, 0xf0, 0x10, 0x07, 0x12, 0xf1, 0x91, 0x02, 0x06, 0xf0, 0xf0, 0x90, 0x63, 0x0b, 0x50, 0x0b, 0x63, 0x09, 0x40, 0x09, 0x63, 0x0b, 0xf0,
  0xa0, 0xf0, 0x00, 0x0d, 0x43, 0x00, 0x09, 0x60, 0x0b, 0x43, 0x09, 0x60, 0x0d, 0x43, 0x0b, 0x09, 0xf0, 0xf0, 0xf0, 0x20, 0x07, 0xf1, 0x61, 0x12,
  0x08, 0xf0, 0xf0, 0xb0, 0x0b, 0x43, 0x00, 0x09, 0x70, 0x43, 0x0d, 0x60, 0x0b, 0x43, 0x0b, 0xf0, 0xb0, 0xf0, 0x10, 0x0d, 0x33, 0x0d, 0x70, 0x09,
  0x03, 0x00, 0x13, 0x90, 0x43, 0x09, 0xf0, 0xf0, 0xf0, 0x40, 0x05, 0x02, 0xf1, 0x41, 0x02, 0x06, 0xf0, 0xf0, 0xd0, 0x0b, 0x33, 0x09, 0x70, 0x09,
  0x33, 0x0b, 0x70, 0x09, 0x43, 0xf0, 0xc0, 0xf0, 0x20, 0x39, 0xf0, 0x80, 0x39, 0xf0, 0xf0, 0xf0, 0x60, 0x05, 0x28, 0xe1, 0x28, 0x06, 0xf0, 0xf0,
  0xf0, 0x39, 0xa0, 0x09, 0xc0, 0x09, 0x00, 0x09, 0xf0, 0xd0, 0xf0, 0xf0, 0xf0, 0xf0, 0xf0, 0xf0, 0xe0, 0x07, 0xc1, 0x08, 0xf0, 0xf0, 0xf0, 0xf0,
  0xf0, 0xf0, 0xf0, 0x10, 0xf0, 0xf0, 0xf0, 0xf0, 0xf0, 0xf0, 0xf0, 0x17, 0xa5, 0xf0, 0xf0, 0xf0, 0xf0, 0xf0, 0xf0, 0xf0, 0x20, 0xf0, 0xf0, 0xf0,
  0xf0, 0xf0, 0xf0, 0xf0, 0xf0, 0xf0, 0xf0, 0xf0, 0xf0, 0xf0, 0xf0, 0xf0, 0xf0, 0xf0, 0xf0, 0xf0, 0xf0, 0xf0, 0xf0, 0xf0, 0xf0, 0xf0, 0xf0, 0xf0,
  0xf0, 0xf0, 0xf0, 0xf0, 0xf0, 0xf0, 0xf0, 0xf0, 0xf0, 0xf0, 0xf0, 0xf0, 0xf0, 0xf0, 0xf0, 0xf0, 0xf0, 0xf0, 0xf0, 0xf0, 0xf0, 0xf0, 0xf0, 0xf0,
  0xf0, 0xf0, 0xf0, 0xf0, 0xf0, 0xf0, 0xf0, 0xf0, 0xf0, 0xf0, 0xf0, 0xf0, 0xf0, 0xf0, 0xf0, 0xf0, 0xf0, 0xf0, 0xf0, 0xf0, 0xf0, 0xf0, 0xf0, 0xf0,
  0xf0, 0xf0, 0xf0, 0xf0, 0xf0, 0xf0, 0xf0, 0xf0, 0xf0, 0xf0, 0xf0, 0xf0, 0xf0, 0xf0, 0xf0, 0xf0, 0xf0, 0xf0, 0xf0, 0xf0, 0xf0, 0xf0, 0xf0, 0xf0,
  0xf0, 0xf0, 0xf0, 0xf0, 0xf0, 0xf0, 0xf0, 0xf0, 0xf0, 0xf0, 0xf0, 0xf0, 0xf0, 0xf0, 0xf0, 0xf0, 0xf0, 0xf0, 0xf0, 0xf0, 0xf0, 0xf0, 0xf0, 0xf0,
  0xf0, 0xf0, 0xf0, 0xf0, 0xf0, 0xf0, 0xf0, 0xf0, 0xf0, 0xf0, 0xf0, 0xf0, 0xf0, 0xf0, 0xf0, 0xf0, 0xf0, 0xf0, 0xf0, 0xf0, 0xf0, 0xf0, 0xf0, 0xf0,
  0xf0, 0xf0, 0xf0, 0xf0, 0xf0, 0xf0, 0xf0, 0xf0, 0xf0, 0xf0, 0xf0, 0xf0, 0xf0, 0xf0, 0xf0, 0xf0, 0xf0, 0xf0, 0xf0, 0xf0, 0xf0, 0xf0, 0xf0, 0xf0,
  0xf0, 0xf0, 0xf0, 0xf0, 0xf0, 0xf0, 0xf0, 0xf0, 0xf0, 0xf0, 0xf0, 0xf0, 0xf0, 0xf0, 0xf0, 0xf0, 0xf0, 0xf0, 0xf0, 0xf0, 0xf0, 0xf0, 0xf0, 0xf0,
  0xf0, 0xf0, 0xf0, 0xf0, 0xf0, 0xf0, 0xf0, 0xf0, 0xf0, 0xf0, 0xf0, 0xf0, 0xf0, 0xf0, 0xf0, 0xf0, 0xf0, 0xf0, 0xf0, 0xf0, 0xf0, 0xf0, 0xf0, 0xf0,
  0xf0, 0xf0, 0xf0, 0xf0, 0xf0, 0xf0, 0xf0, 0xf0, 0xf0, 0xf0, 0xf0, 0xf0, 0xf0, 0xf0, 0xf0, 0xf0, 0xf0, 0xf0, 0xf0, 0xf0, 0xf0, 0xf0, 0xf0, 0xf0,
  0xf0, 0xf0, 0xf0, 0xf0, 0xf0, 0xf0, 0xf0, 0xf0, 0xf0, 0xf0, 0xf0, 0xf0, 0xf0, 0xf0, 0xf0, 0xf0, 0xf0, 0xf0, 0xf0, 0xf0, 0xf0, 0xf0, 0xf0, 0xf0,
  0xf0, 0xf0, 0xf0, 0xf0, 0xf0, 0xf0, 0xf0, 0xf0, 0xf0, 0xf0, 0xf0, 0xf0, 0xf0, 0xf0, 0xf0, 0xf0, 0xf0, 0xf0, 0xf0, 0xf0, 0xf0, 0xf0, 0xf0, 0xf0,
  0xf0, 0xf0, 0xf0, 0xf0, 0xf0, 0xf0, 0xf0, 0xf0, 0xf0, 0xf0, 0xf0, 0xf0, 0xf0, 0xf0, 0xf0, 0xf0, 0xf0, 0xf0, 0xf0, 0xf0, 0xf0, 0xf0, 0xf0, 0xf0,
  0xf0, 0xf0, 0xf0, 0xf0, 0xf0, 0xf0, 0xf0, 0xf0, 0xf0, 0xf0, 0xf0, 0xf0, 0xf0, 0xf0, 0xf0, 0xf0, 0xf0, 0xf0, 0xf0, 0xf0, 0xf0, 0xf0, 0xf0, 0xf0,
  0xf0, 0xf0, 0xf0, 0xf0, 0xf0, 0xf0, 0xf0, 0xf0, 0xf0, 0xf0, 0xf0, 0xf0, 0xf0, 0xf0, 0xf0, 0xf0, 0xf0, 0xf0, 0xf0, 0xf0, 0xf0, 0xf0, 0xf0, 0xf0,
  0xf0, 0xf0, 0xf0, 0xf0, 0xf0, 0xf0, 0xf0, 0xf0, 0xf0, 0xf0, 0xf0, 0xf0, 0xf0, 0xf0, 0xf0, 0xf0, 0xf0, 0xf0, 0xf0, 0xf0, 0xf0, 0xf0, 0xf0, 0xf0,
  0xf0, 0xf0, 0xf0, 0xf0, 0xf0, 0xf0, 0xf0, 0xf0, 0xf0, 0xf0, 0xf0, 0xf0, 0xf0, 0xf0, 0xf0, 0xf0, 0xf0, 0xf0,
};

static const uint16_t FACE_11_PALETTE[16] PROGMEM = {
  0x0000, 0x167f, 0x0d9c, 0xef9f, 0x0372, 0x0a8d, 0x0189, 0x0c76, 0x46ff, 0x94f6, 0xa598, 0x4ace, 0x5b71, 0x7433, 0xb63a, 0x7d58
};
static const uint8_t FACE_11_RUNS[] PROGMEM = {
  0xf0, 0xf0, 0xf0, 0xf0, 0xf0, 0xf0, 0xf0, 0xf0, 0xf0, 0xf0, 0xf0, 0xf0, 0xf0, 0xf0, 0xf0, 0xf0, 0xf0, 0xf0, 0xf0, 0xf0, 0xf0, 0xf0, 0xf0, 0xf0,
  0xf0, 0xf0, 0xf0, 0xf0, 0xf0, 0xf0, 0xf0, 0xf0, 0xf0, 0xf0, 0xf0, 0xf0, 0xf0, 0xf0, 0xf0, 0xf0, 0xf0, 0xf0, 0xf0, 0xf0, 0xf0, 0xf0, 0xf0, 0xf0,
  0xf0, 0xf0, 0xf0, 0xf0, 0xf0, 0xf0, 0xf0, 0xf0, 0xf0, 0xf0, 0xf0, 0xf0, 0xf0, 0xf0, 0xf0, 0xf0, 0xf0, 0xf0, 0xf0, 0xf0, 0xf0, 0xf0, 0xf0, 0xf0,
  0xf0, 0xf0, 0xf0, 0xf0, 0xf0, 0xf0, 0xf0, 0xf0, 0xf0, 0xf0, 0xf0, 0xf0, 0xf0, 0xf0, 0xf0, 0xf0, 0xf0, 0xf0, 0xf0, 0xf0, 0xf0, 0xf0, 0xf0, 0xf0,
  0xf0, 0xf0, 0xf0, 0xf0, 0xf0, 0xf0, 0xf0, 0xf0, 0xf0, 0xf0, 0xf0, 0xf0, 0xf0, 0xf0, 0xf0, 0xf0, 0xf0, 0xf0, 0xf0, 0xf0, 0xf0, 0xf0, 0xf0, 0xf0,
  0xf0, 0xf0, 0xf0, 0xf0, 0xf0, 0xf0, 0xf0, 0xf0, 0xf0, 0xf0, 0xf0, 0xf0, 0xf0, 0xf0, 0xf0, 0xf0, 0xf0, 0xf0, 0xf0, 0xf0, 0xf0, 0xf0, 0xf0, 0xf0,
  0xf0, 0xf0, 0xf0, 0xf0, 0xf0, 0xf0, 0xf0, 0xf0, 0xf0, 0xf0, 0xf0, 0xf0, 0xf0, 0xf0, 0xf0, 0xf0, 0xf0, 0xf0, 0xf0, 0xf0, 0xf0, 0xf0, 0xf0, 0xf0,
  0xf0, 0xf0, 0xf0, 0xf0, 0xf0, 0xf0, 0xf0, 0xf0, 0xf0, 0xf0, 0xf0, 0xf0, 0xf0, 0xf0, 0xf0, 0xf0, 0xf0, 0xf0, 0xf0, 0xf0, 0xf0, 0xf0, 0xf0, 0xf0,
  0xf0, 0xf0, 0xf0, 0xf0, 0xf0, 0xf0, 0xf0, 0xf0, 0xf0, 0xf0, 0xf0, 0xf0, 0xf0, 0xf0, 0xf0, 0xf0, 0xf0, 0xf0, 0xf0, 0xf0, 0xf0, 0xf0, 0xf0, 0xf0,
  0xf0, 0xf0, 0xf0, 0xf0, 0xf0, 0xf0, 0xf0, 0xf0, 0xf0, 0xf0, 0xf0, 0xf0, 0xf0, 0xf0, 0xf0, 0xf0, 0xf0, 0xf0, 0xf0, 0xf0, 0xf0, 0xf0, 0xf0, 0xf0,
  0xf0, 0xf0, 0xf0, 0xf0, 0xf0, 0xf0, 0xf0, 0xf0, 0xf0, 0xf0, 0xf0, 0xf0, 0xf0, 0xf0, 0xf0, 0xf0, 0xf0, 0xf0, 0xf0, 0xf0, 0xf0, 0xf0, 0xf0, 0xf0,
  0xf0, 0xf0, 0xf0, 0xf0, 0xf0, 0xf0, 0xf0, 0xf0, 0xf0, 0xf0, 0xf0, 0xf0, 0xf0, 0xf0, 0xf0, 0xf0, 0xf0, 0xf0, 0xf0, 0xf0, 0xf0, 0xf0, 0xf0, 0xf0,
  0xf0, 0xf0, 0xf0, 0xf0, 0xf0, 0xf0, 0xf0, 0xf0, 0xf0, 0xf0, 0xf0, 0xf0, 0xf0, 0xf0, 0xf0, 0xf0, 0xf0, 0xf0, 0xf0, 0xf0, 0xf0, 0xf0, 0xf0, 0xf0,
  0xf0, 0xf0, 0xf0, 0xf0, 0xf0, 0xf0, 0xf0, 0xf0, 0xf0, 0xf0, 0xf0, 0xf0, 0xf0, 0xf0, 0xf0, 0xf0, 0xf0, 0xf0, 0xf0, 0xf0, 0xf0, 0xf0, 0xf0, 0xf0,
  0xf0, 0xf0, 0xf0, 0xf0, 0xf0, 0xf0, 0xf0, 0xf0, 0xf0, 0xf0, 0xf0, 0xf0, 0xf0, 0xf0, 0xf0, 0xf0, 0xf0, 0xf0, 0xf0, 0xf0, 0xf0, 0xf0, 0xf0, 0xf0,
  0xf0, 0xf0, 0xf0, 0xf0, 0xf0, 0xf0, 0xf0, 0xf0, 0xf0, 0xf0, 0xf0, 0xf0, 0xf0, 0xf0, 0xf0, 0xf0, 0xf0, 0xf0, 0xf0, 0xf0, 0xf0, 0xf0, 0xf0, 0xf0,
  0xf0, 0xf0, 0xf0, 0xf0, 0xf0, 0xf0, 0xf0, 0xf0, 0xf0, 0xf0, 0xf0, 0xf0, 0xf0, 0xf0, 0xf0, 0xf0, 0xf0, 0xf0, 0xf0, 0xf0, 0xf0, 0xf0, 0xf0, 0xf0,
  0xf0, 0xf0, 0xf0, 0xf0, 0xf0, 0xf0, 0xf0, 0xf0, 0xf0, 0xf0, 0xf0, 0xf0, 0xf0, 0xf0, 0xf0, 0xf0, 0xf0, 0xf0, 0xf0, 0xf0, 0xf0, 0xf0, 0xf0, 0xf0,
  0xf0, 0xf0, 0xf0, 0xf0, 0xf0, 0xf0, 0xf0, 0xf0, 0xf0, 0xf0, 0xf0, 0xf0, 0xf0, 0xf0, 0xf0, 0xf0, 0xf0, 0xf0, 0xf0, 0xf0, 0xf0, 0xf0, 0xf0, 0xf0,
  0xf0, 0xf0, 0xf0, 0xf0, 0xf0, 0xf0, 0xf0, 0xf0, 0xf0, 0xf0, 0xf0, 0xf0, 0xf0, 0xf0, 0xf0, 0xf0, 0xf0, 0xf0, 0xf0, 0xf0, 0xf0, 0xf0, 0xf0, 0xf0,
  0xf0, 0xf0, 0xf0, 0xf0, 0xf0, 0xf0, 0xf0, 0xf0, 0xf0, 0xf0, 0xf0, 0xf0, 0xf0, 0xf0, 0xf0, 0xf0, 0xf0, 0xf0, 0xf0, 0xf0, 0xf0, 0xf0, 0xf0, 0xf0,
  0xf0, 0xf0, 0xf0, 0xf0, 0xf0, 0xf0, 0xf0, 0xf0, 0xf0, 0xf0, 0xf0, 0xf0, 0xf0, 0xf0, 0xf0, 0xf0, 0xf0, 0xf0, 0xf0, 0xf0, 0xf0, 0xf0, 0xf0, 0xf0,
  0xf0, 0xf0, 0xf0, 0xf0, 0xf0, 0xf0, 0xf0, 0xf0, 0xf0, 0xf0, 0xf0, 0xf0, 0xf0, 0xf0, 0xf0, 0xf0, 0xf0, 0xf0, 0xf0, 0xf0, 0xf0, 0xf0, 0xf0, 0xf0,
  0xf0, 0xf0, 0xf0, 0xf0, 0xf0, 0xf0, 0xf0, 0xa0, 0x46, 0xf0, 0xf0, 0xf0, 0xf0, 0xf0, 0xf0, 0xf0, 0xf0, 0xf0, 0xf0, 0xf0, 0xf0, 0xf0, 0xf0, 0x90,
  0x05, 0x41, 0x04, 0xf0, 0xf0, 0xf0, 0xf0, 0x80, 0x46, 0xf0, 0xf0, 0xf0, 0xf0, 0xf0, 0x00, 0xf0, 0xf0, 0xf0, 0xf0, 0x80, 0x05, 0x02, 0x41, 0x02,
  0x07, 0xf0, 0xf0, 0xf0, 0xf0, 0x70, 0x02, 0x01, 0x12, 0x01, 0x02, 0xf0, 0xf0, 0xf0, 0xf0, 0xf0, 0xf0, 0xf0, 0xf0, 0xf0, 0x70, 0x04, 0x81, 0x06,
  0xf0, 0xf0, 0xf0, 0xf0, 0x40, 0x05, 0x07, 0x51, 0x04, 0x05, 0xf0, 0xf0, 0xf0, 0xf0, 0xd0, 0xf0, 0xf0, 0xf0, 0xf0, 0x50, 0x06, 0x02, 0x91, 0x06,
  0xf0, 0xf0, 0xf0, 0xf0, 0x40, 0x07, 0x71, 0x02, 0xf0, 0xf0, 0xf0, 0xf0, 0xd0, 0xf0, 0xf0, 0xf0, 0xf0, 0x40, 0x04, 0x02, 0xa1, 0x06, 0xf0, 0xf0,
  0xf0, 0xf0, 0x40, 0x04, 0x81, 0x02, 0x07, 0xf0, 0xf0, 0xf0, 0xf0, 0xb0, 0xf0, 0xf0, 0xf0, 0xf0, 0x30, 0x04, 0xc1, 0x06, 0xf0, 0xf0, 0xf0, 0xf0,
  0x40, 0x04, 0xa1, 0x04, 0x06, 0xf0, 0xf0, 0xf0, 0xf0, 0x90, 0xf0, 0xf0, 0xf0, 0xf0, 0x00, 0x05, 0x12, 0xd1, 0x06, 0xf0, 0xf0, 0xf0, 0xf0, 0x40,
  0x04, 0xc1, 0x05, 0xf0, 0xf0, 0xf0, 0xf0, 0x80, 0xf0, 0xf0, 0xf0, 0xe0, 0x06, 0x04, 0x02, 0xd1, 0x02, 0x04, 0xf0, 0xf0, 0xf0, 0xf0, 0x50, 0x04,
  0xc1, 0x02, 0x04, 0x06, 0xf0, 0xf0, 0xf0, 0xf0, 0x60, 0xf0, 0xf0, 0xf0, 0xd0, 0x06, 0x02, 0xf1, 0x07, 0xf0, 0xf0, 0xf0, 0xf0, 0x60, 0x05, 0x12,
  0xc1, 0x12, 0x06, 0xf0, 0xf0, 0xf0, 0xf0, 0x40, 0xf0, 0xf0, 0xf0, 0xb0, 0x05, 0x12, 0xe1, 0x02, 0x05, 0xf0, 0xf0, 0xf0, 0xf0, 0x90, 0x07, 0xe1,
  0x02, 0x14, 0xf0, 0xf0, 0xf0, 0xf0, 0x20, 0xf0, 0xf0, 0xf0, 0x90, 0x05, 0x12, 0xf1, 0x01, 0x05, 0xf0, 0xf0, 0xf0, 0xf0, 0xa0, 0x05, 0x12, 0xf1,
  0x05, 0xf0, 0xf0, 0xf0, 0xf0, 0x10, 0xf0, 0xf0, 0xf0, 0x60, 0x15, 0x04, 0x02, 0xf1, 0x01, 0x02, 0x05, 0xf0, 0xf0, 0xf0, 0xf0, 0xd0, 0x04, 0xf1,
  0x01, 0x07, 0x02, 0x07, 0xf0, 0xf0, 0xf0, 0xe0, 0xf0, 0xf0, 0xf0, 0x50, 0x04, 0xf1, 0x31, 0x07, 0xf0, 0xf0, 0xf0, 0xf0, 0xf0, 0x00, 0x04, 0x02,
  0xf1, 0x11, 0x04, 0x06, 0x05, 0xf0, 0xf0, 0xf0, 0xb0, 0xf0, 0xf0, 0xf0, 0x20, 0x07, 0x22, 0xf1, 0x11, 0x02, 0x04, 0xf0, 0xf0, 0xf0, 0xf0, 0xf0,
  0x20, 0x06, 0x02, 0xf1, 0x31, 0x05, 0xf0, 0xf0, 0xf0, 0xa0, 0xf0, 0xf0, 0xd0, 0x06, 0x05, 0x16, 0x07, 0xf1, 0x31, 0x12, 0x06, 0xf0, 0xf0, 0xf0,
  0xf0, 0xf0, 0x40, 0x06, 0x04, 0x02, 0xf1, 0x11, 0x02, 0x14, 0x05, 0xf0, 0xf0, 0xf0, 0x70, 0xf0, 0xf0, 0xc0, 0x06, 0x02, 0xf1, 0x61, 0x04, 0x06,
  0xf0, 0xf0, 0xf0, 0xf0, 0xf0, 0x80, 0x04, 0xf1, 0x41, 0x02, 0x06, 0xf0, 0xf0, 0xf0, 0x60, 0xf0, 0xf0, 0x70, 0x05, 0x04, 0x25, 0x07, 0xf1, 0x61,
  0x02, 0xf0, 0xf0, 0xf0, 0xf0, 0xf0, 0xb0, 0x06, 0x04, 0xf1, 0x31, 0x32, 0x06, 0xf0, 0xf0, 0xf0, 0x20, 0xf0, 0xf0, 0x60, 0x06, 0x02, 0xf1, 0x91,
  0x04, 0x16, 0xf0, 0xf0, 0xf0, 0xf0, 0xf0, 0xd0, 0x07, 0x12, 0xf1, 0x41, 0x07, 0x06, 0x35, 0xf0, 0xf0, 0xd0, 0xf0, 0xf0, 0x50, 0x07, 0xf1, 0x81,
  0x12, 0x07, 0xf0, 0xf0, 0xf0, 0xf0, 0xf0, 0xf0, 0x20, 0x05, 0xf1, 0xa1, 0x02, 0xf0, 0xf0, 0xc0, 0xf0, 0xf0, 0x40, 0x05, 0x02, 0xf1, 0x61, 0x02,
  0x04, 0x06, 0xf0, 0xf0, 0xf0, 0xf0, 0xf0, 0xf0, 0x50, 0x05, 0x04, 0x07, 0xf1, 0x71, 0x02, 0x06, 0xf0, 0xf0, 0xb0, 0xf0, 0xf0, 0x30, 0x06, 0xf1,
  0x51, 0x12, 0x01, 0x05, 0xf0, 0xf0, 0xf0, 0xf0, 0xf0, 0xf0, 0xa0, 0x02, 0x01, 0x02, 0xf1, 0x51, 0x02, 0x04, 0xf0, 0xf0, 0xa0, 0xf0, 0xf0, 0x30,
  0x06, 0xf1, 0x41, 0x02, 0x26, 0xf0, 0xf0, 0xf0, 0xf0, 0xf0, 0xf0, 0xd0, 0x06, 0xf1, 0x61, 0x02, 0xf0, 0xf0, 0xa0, 0xf0, 0xf0, 0x30, 0x06, 0x02,
  0xf1, 0x01, 0x02, 0x14, 0x05, 0xf0, 0xf0, 0xf0, 0xf0, 0xf0, 0xf0, 0xf0, 0x10, 0x05, 0x17, 0x02, 0xf1, 0x21, 0x02, 0xf0, 0xf0, 0xa0, 0xf0, 0xf0,
  0x40, 0x02, 0xd1, 0x02, 0x01, 0x02, 0xf0, 0xf0, 0xf0, 0xf0, 0xf0, 0xf0, 0xf0, 0x80, 0x05, 0x22, 0xd1, 0x02, 0x01, 0x02, 0xf0, 0xf0, 0xa0, 0xf0,
  0xf0, 0x30, 0x06, 0xc1, 0x02, 0x06, 0x00, 0x06, 0xf0, 0xf0, 0xf0, 0xf0, 0xf0, 0xf0, 0xf0, 0xd0, 0x02, 0x11, 0x02, 0x91, 0x02, 0x01, 0x02, 0xf0,
  0xf0, 0xa0, 0xf0, 0xf0, 0x40, 0x05, 0x07, 0x51, 0x02, 0x27, 0x02, 0x05, 0xf0, 0xf0, 0xf0, 0xf0, 0xf0, 0xf0, 0xf0, 0xf0, 0x10, 0x05, 0x16, 0x02,
  0x41, 0x42, 0x01, 0x02, 0xf0, 0xf0, 0xa0, 0xf0, 0xf0, 0x50, 0x06, 0x02, 0x41, 0x05, 0xf0, 0xf0, 0xf0, 0xf0, 0xf0, 0xf0, 0xf0, 0xf0, 0x90, 0x06,
  0x17, 0x14, 0x02, 0x41, 0x04, 0x06, 0xf0, 0xf0, 0xa0, 0xf0, 0xf0, 0x60, 0x06, 0x25, 0x04, 0x05, 0xf0, 0xf0, 0xf0, 0xf0, 0xf0, 0xf0, 0xf0, 0xf0,
  0xf0, 0x04, 0x42, 0x06, 0xf0, 0xf0, 0xb0, 0xf0, 0xf0, 0xf0, 0xf0, 0xf0, 0xf0, 0xf0, 0xf0, 0xf0, 0xf0, 0xf0, 0xf0, 0xf0, 0xf0, 0xf0, 0xf0, 0xf0,
  0xf0, 0xf0, 0xf0, 0xf0, 0xf0, 0xf0, 0xf0, 0xf0, 0xf0, 0xf0, 0xf0, 0xf0, 0xf0, 0xf0, 0xf0, 0xf0, 0xf0, 0xf0, 0xf0, 0xf0, 0xf0, 0xf0, 0xf0, 0xf0,
  0xf0, 0xf0, 0xf0, 0xf0, 0xf0, 0xf0, 0xf0, 0xf0, 0xf0, 0xf0, 0xf0, 0xf0, 0xf0, 0xf0, 0xf0, 0xf0, 0xf0, 0xf0, 0xf0, 0xf0, 0xf0, 0xf0, 0xf0, 0xf0,
  0xf0, 0xf0, 0xf0, 0xf0, 0xf0, 0xf0, 0xf0, 0xf0, 0xf0, 0xf0, 0xf0, 0xf0, 0xf0, 0xf0, 0xf0, 0xf0, 0xf0, 0xf0, 0xf0, 0xf0, 0xf0, 0xf0, 0xf0, 0xf0,
  0xf0, 0xf0, 0xf0, 0xf0, 0x00, 0x75, 0x84, 0x15, 0x06, 0xf0, 0xf0, 0xf0, 0xf0, 0xf0, 0xf0, 0xf0, 0xf0, 0xf0, 0xf0, 0xa0, 0xf0, 0xf0, 0xf0, 0x04,
  0xf1, 0x21, 0x07, 0xf0, 0xf0, 0xf0, 0xf0, 0xf0, 0xf0, 0x00, 0xf6, 0x26, 0xf0, 0xf0, 0xf0, 0x60, 0xf0, 0xf0, 0xa0, 0x45, 0x02, 0xf1, 0x21, 0x02,
  0x04, 0x25, 0x04, 0x06, 0xf0, 0xf0, 0xf0, 0xf0, 0xf0, 0x90, 0x06, 0x91, 0x72, 0x01, 0x02, 0xf0, 0xf0, 0xf0, 0x50, 0xf0, 0xf0, 0x90, 0x06, 0xf1,
  0xe1, 0x02, 0xf0, 0xf0, 0xf0, 0xf0, 0xf0, 0x40, 0x05, 0x04, 0x25, 0x04, 0xf1, 0x31, 0x06, 0xf0, 0xf0, 0xf0, 0x40, 0xf0, 0xf0, 0x70, 0x15, 0x07,
  0xf1, 0xf1, 0x02, 0x07, 0x04, 0xf0, 0xf0, 0xf0, 0xf0, 0xf0, 0x10, 0x02, 0xf1, 0x81, 0x42, 0x05, 0xf0, 0xf0, 0xf0, 0xf0, 0xf0, 0x60, 0x05, 0xf1,
  0xf1, 0x31, 0x08, 0x01, 0x05, 0xf0, 0xf0, 0xf0, 0xf0, 0xd0, 0x04, 0x07, 0x02, 0xf1, 0xe1, 0x02, 0x06, 0x05, 0xf0, 0xf0, 0xd0, 0xf0, 0xf0, 0x40,
  0x05, 0x12, 0xf1, 0xf1, 0x51, 0x08, 0x07, 0xf0, 0xf0, 0xf0, 0xf0, 0xb0, 0x06, 0x02, 0xf1, 0xf1, 0x11, 0x02, 0x01, 0x04, 0xf0, 0xf0, 0xc0, 0xf0,
  0xf0, 0x30, 0x06, 0x07, 0xf1, 0x21, 0x22, 0xf1, 0x01, 0x18, 0x01, 0x04, 0x05, 0x07, 0x05, 0xf0, 0xf0, 0xf0, 0xf0, 0x50, 0x05, 0xf1, 0xf1, 0x61,
  0x02, 0x04, 0x05, 0xf0, 0xf0, 0xa0, 0xf0, 0xf0, 0x00, 0x06, 0x07, 0xf1, 0x31, 0x08, 0x02, 0xa6, 0x02, 0x71, 0x08, 0x01, 0x48, 0x06, 0xf0, 0xf0,
  0xf0, 0xf0, 0x30, 0x06, 0x02, 0xf1, 0xf1, 0x81, 0x02, 0xf0, 0xf0, 0xa0, 0xf0, 0xf0, 0x00, 0x02, 0xf1, 0x21, 0x17, 0x02, 0x04, 0xa0, 0x04, 0x22,
  0x41, 0x48, 0x01, 0x08, 0x01, 0x05, 0xf0, 0xf0, 0xf0, 0xf0, 0x00, 0x07, 0x12, 0xf1, 0xf1, 0x91, 0x22, 0x07, 0x05, 0xf0, 0xf0, 0x60, 0xf0, 0xe0,
  0x06, 0x02, 0xf1, 0x21, 0x02, 0xf0, 0x20, 0x04, 0x41, 0x78, 0x05, 0xf0, 0xf0, 0xf0, 0xe0, 0x04, 0xf1, 0xf1, 0xf1, 0x01, 0x02, 0xf0, 0xf0, 0x60,
  0xf0, 0xe0, 0x02, 0xf1, 0x11, 0x14, 0x05, 0xf0, 0x20, 0x06, 0x05, 0x04, 0x01, 0x08, 0x01, 0x78, 0x01, 0x05, 0xf0, 0xf0, 0xf0, 0xc0, 0x04, 0xf1,
  0x04, 0x06, 0x75, 0x06, 0x02, 0xf1, 0x61, 0x02, 0x05, 0xf0, 0xf0, 0x40, 0xf0, 0xd0, 0x07, 0xf1, 0x11, 0x02, 0x06, 0x30, 0x0c, 0x03, 0x4e, 0x09,
  0x06, 0xa0, 0x04, 0x02, 0x98, 0x01, 0x05, 0xf0, 0xf0, 0xf0, 0xa0, 0x04, 0x91, 0x12, 0x01, 0x32, 0x06, 0x90, 0x05, 0x32, 0xf1, 0x31, 0x02, 0xf0,
  0xf0, 0x40, 0xf0, 0xc0, 0x02, 0xf1, 0x01, 0x02, 0x04, 0x06, 0x20, 0x06, 0x05, 0x0a, 0x63, 0x0b, 0xc0, 0x07, 0x98, 0x01, 0x06, 0xf0, 0xf0, 0xf0,
  0x80, 0x07, 0xc1, 0x02, 0x26, 0xd0, 0x06, 0x00, 0x04, 0xf1, 0x41, 0x02, 0x06, 0xf0, 0xf0, 0x20, 0xf0, 0xa0, 0x06, 0x02, 0xf1, 0x11, 0x05, 0x30,
  0x0d, 0xa3, 0x0a, 0x06, 0xa0, 0x06, 0x02, 0x01, 0x78, 0x11, 0x04, 0xf0, 0xf0, 0xf0, 0x60, 0x05, 0xb1, 0x02, 0x01, 0x04, 0xf0, 0x20, 0x06, 0x07,
  0x02, 0xf1, 0x31, 0x02, 0x06, 0xf0, 0xf0, 0x10, 0xf0, 0xa0, 0x05, 0xf1, 0x01, 0x02, 0x04, 0x20, 0x06, 0x05, 0xc3, 0x05, 0xc0, 0x04, 0x18, 0x01,
  0x48, 0x11, 0x07, 0xf0, 0xf0, 0xf0, 0x50, 0x04, 0x01, 0x02, 0x91, 0x02, 0x16, 0x20, 0x0d, 0x49, 0x0c, 0xb0, 0x06, 0xf1, 0x51, 0x05, 0xf0, 0xf0,
  0x00, 0xf0, 0xa0, 0x05, 0xf1, 0x01, 0x07, 0x20, 0x06, 0x0f, 0xd3, 0x0a, 0x0b, 0xb0, 0x06, 0x07, 0x81, 0x04, 0xf0, 0xf0, 0xf0, 0x50, 0x07, 0xa1,
  0x02, 0x05, 0x30, 0x05, 0x63, 0xc0, 0x05, 0x04, 0xf1, 0x31, 0x04, 0xf0, 0xf0, 0x00, 0xf0, 0xa0, 0x04, 0xf1, 0x04, 0x05, 0x20, 0x0c, 0xf3, 0x09,
  0xd0, 0x07, 0x08, 0x61, 0x04, 0xf0, 0xf0, 0xf0, 0x50, 0x04, 0x91, 0x07, 0x06, 0x10, 0x06, 0x0e, 0x83, 0x09, 0x0c, 0xc0, 0x07, 0xf1, 0x21, 0x04,
  0xf0, 0xf0, 0x00, 0xf0, 0x80, 0x05, 0x02, 0xf1, 0x01, 0x06, 0x20, 0x09, 0xf3, 0x03, 0x09, 0xd0, 0x06, 0x07, 0x71, 0x04, 0x05, 0xf0, 0xf0, 0xf0,
  0x20, 0x07, 0x02, 0x81, 0x02, 0x06, 0x10, 0x06, 0x0c, 0xb3, 0xc0, 0x06, 0x04, 0xf1, 0x11, 0x02, 0x04, 0xf0, 0xf0, 0xf0, 0x80, 0x05, 0xf1, 0x01,
  0x02, 0x06, 0x10, 0x06, 0xf3, 0x13, 0x0a, 0xe0, 0x06, 0x81, 0x07, 0xf0, 0xf0, 0xf0, 0x10, 0x05, 0x91, 0x02, 0x05, 0x10, 0x06, 0x0e, 0xc3, 0x0d,
  0x05, 0xb0, 0x06, 0x07, 0xf1, 0x21, 0xf0, 0xf0, 0xf0, 0x70, 0x07, 0x02, 0xf1, 0x04, 0x06, 0x20, 0x0b, 0xf3, 0x13, 0x0a, 0xf0, 0x04, 0x02, 0x61,
  0x02, 0xf0, 0xf0, 0xf0, 0x00, 0x04, 0x02, 0x91, 0x06, 0x10, 0x06, 0x0d, 0xe3, 0x09, 0xd0, 0x02, 0xf1, 0x11, 0x04, 0xf0, 0xe0, 0xf0, 0x70, 0x07,
  0xf1, 0x01, 0x04, 0x20, 0x0d, 0xf3, 0x23, 0x0a, 0xf0, 0x00, 0x04, 0x61, 0x02, 0x05, 0xf0, 0xf0, 0xf0, 0x07, 0x81, 0x07, 0x05, 0x20, 0x09, 0xf3,
  0x09, 0xd0, 0x05, 0x02, 0xf1, 0x11, 0x04, 0xf0, 0xd0, 0xf0, 0x70, 0x07, 0xf1, 0x01, 0x04, 0x20, 0x09, 0xf3, 0x23, 0x0a, 0xf0, 0x00, 0x07, 0x81,
  0x05, 0xf0, 0xf0, 0xe0, 0x07, 0x81, 0x06, 0x30, 0x0a, 0xf3, 0x09, 0xe0, 0x06, 0xf1, 0x11, 0x04, 0xf0, 0xd0, 0xf0, 0x50, 0x05, 0x02, 0xf1, 0x02,
  0x05, 0x30, 0x09, 0xf3, 0x23, 0x0d, 0xf0, 0x00, 0x06, 0x04, 0x71, 0x04, 0xf0, 0xf0, 0xc0, 0x05, 0xa1, 0x05, 0x10, 0x05, 0xf3, 0x13, 0x0a, 0xe0,
  0x06, 0x02, 0xf1, 0x01, 0x02, 0x04, 0xf0, 0xc0, 0xf0, 0x50, 0x05, 0xf1, 0x01, 0x02, 0x40, 0x09, 0xf3, 0x13, 0x0b, 0xf0, 0x30, 0x02, 0x61, 0x04,
  0xf0, 0xf0, 0xc0, 0x04, 0x81, 0x12, 0x06, 0x10, 0x0b, 0xf3, 0x13, 0x0a, 0xf0, 0x06, 0x02, 0xf1, 0x11, 0x06, 0xf0, 0xb0, 0xf0, 0x50, 0x05, 0xf1,
  0x01, 0x02, 0x06, 0x30, 0x09, 0xf3, 0x03, 0x0e, 0x06, 0xf0, 0x20, 0x06, 0x02, 0x61, 0x04, 0xf0, 0xf0, 0xc0, 0x04, 0x81, 0x02, 0x30, 0x0b, 0xf3,
  0x13, 0x0a, 0xf0, 0x00, 0x04, 0xf1, 0x11, 0x06, 0xf0, 0xb0, 0xf0, 0x50, 0x05, 0xf1, 0x01, 0x02, 0x40, 0x09, 0xf3, 0x0a, 0x06, 0xf0, 0x30, 0x06,
  0x71, 0x04, 0xf0, 0xf0, 0xc0, 0x05, 0x81, 0x04, 0x30, 0x0c, 0xf3, 0x13, 0x09, 0xf0, 0x00, 0x04, 0xf1, 0x11, 0x06, 0xf0, 0xb0, 0xf0, 0x50, 0x05,
  0xf1, 0x02, 0x04, 0x40, 0x09, 0xe3, 0x0a, 0x06, 0xf0, 0x40, 0x06, 0x02, 0x61, 0x02, 0x07, 0x05, 0xf0, 0xf0, 0xa0, 0x05, 0x81, 0x04, 0x30, 0x0c,
  0xf3, 0x03, 0x0c, 0x06, 0xf0, 0x00, 0x04, 0xf1, 0x11, 0x06, 0xf0, 0xb0, 0xf0, 0x40, 0x05, 0x07, 0xf1, 0x06, 0x50, 0x05, 0x09, 0xc3, 0x0a, 0x0b,
  0xf0, 0x70, 0x04, 0x71, 0x04, 0xf0, 0xf0, 0x90, 0x05, 0x07, 0x81, 0x07, 0x30, 0x0b, 0xf3, 0x03, 0x06, 0xf0, 0x10, 0x04, 0xf1, 0x11, 0x04, 0x05,
  0xf0, 0xa0, 0xf0, 0x30, 0x04, 0xf1, 0x11, 0x06, 0x70, 0x0a, 0xa3, 0x0d, 0xf0, 0x90, 0x05, 0x71, 0x04, 0xf0, 0xf0, 0x80, 0x04, 0x81, 0x02, 0x04,
  0x06, 0x30, 0x0b, 0xe3, 0x0a, 0x05, 0xf0, 0x30, 0x06, 0x02, 0xf1, 0x11, 0x06, 0xf0, 0x90, 0xf0, 0x30, 0x05, 0xf1, 0x11, 0x06, 0x70, 0x0b, 0x0d,
  0x0e, 0x63, 0x09, 0x0d, 0x05, 0xf0, 0x90, 0x04, 0x71, 0x04, 0xf0, 0xf0, 0x80, 0x04, 0x81, 0x02, 0x50, 0x06, 0x0a, 0xd3, 0x0c, 0xf0, 0x50, 0x02,
  0xf1, 0x11, 0x06, 0xf0, 0x90, 0xf0, 0x30, 0x05, 0xf1, 0x11, 0x06, 0x90, 0x0c, 0x63, 0x05, 0xf0, 0xb0, 0x05, 0x71, 0x04, 0xf0, 0xf0, 0x80, 0x04,
  0x81, 0x02, 0x70, 0x0a, 0xa3, 0x0e, 0x0b, 0x06, 0xf0, 0x50, 0x02, 0xf1, 0x11, 0x06, 0xf0, 0x90, 0xf0, 0x30, 0x05, 0xf1, 0x11, 0x06, 0x90, 0x06,
  0x0b, 0x35, 0x0b, 0x06, 0xf0, 0xc0, 0x05, 0x71, 0x04, 0xf0, 0xf0, 0x80, 0x04, 0x81, 0x02, 0x70, 0x0c, 0x0a, 0x93, 0x0c, 0xf0, 0x70, 0x02, 0xf1,
  0x11, 0x06, 0xf0, 0x90, 0xf0, 0x30, 0x05, 0xf1, 0x11, 0x06, 0xf0, 0xf0, 0xe0, 0x05, 0x71, 0x04, 0xf0, 0xf0, 0x80, 0x04, 0x81, 0x02, 0x90, 0x09,
  0x63, 0x0a, 0xf0, 0x90, 0x02, 0xf1, 0x11, 0x06, 0xf0, 0x90, 0xf0, 0x30, 0x05, 0xf1, 0x11, 0x06, 0xf0, 0xf0, 0xe0, 0x05, 0x71, 0x04, 0xf0, 0xf0,
  0x80, 0x04, 0x81, 0x02, 0x90, 0x0b, 0x0d, 0x59, 0x0b, 0xf0, 0x90, 0x02, 0xf1, 0x11, 0x06, 0xf0, 0x90, 0xf0, 0x30, 0x05, 0xf1, 0x11, 0x06, 0xf0,
  0xf0, 0xe0, 0x05, 0x71, 0x04, 0xf0, 0xf0, 0x80, 0x04, 0x81, 0x02, 0xf0, 0xf0, 0xc0, 0x02, 0xf1, 0x11, 0xf0, 0xa0, 0xf0, 0x30, 0x05, 0xf1, 0x11,
  0x06, 0xf0, 0xf0, 0xe0, 0x05, 0x71, 0x04, 0xf0, 0xf0, 0x80, 0x04, 0x81, 0x02, 0xf0, 0xf0, 0xc0, 0x02, 0xf1, 0x11, 0xf0, 0xa0, 0xf0, 0x30, 0x05,
  0xf1, 0x11, 0x06, 0xf0, 0xf0, 0xe0, 0x05, 0x71, 0x04, 0xf0, 0xf0, 0x80, 0x04, 0x81, 0x02, 0xf0, 0xf0, 0xc0, 0x02, 0xf1, 0x11, 0xf0, 0xa0, 0xf0,
  0x30, 0x05, 0xf1, 0x11, 0x06, 0xf0, 0xf0, 0xe0, 0x05, 0x71, 0x04, 0xf0, 0xf0, 0x80, 0x04, 0x81, 0x02, 0xf0, 0xf0, 0xc0, 0x02, 0xf1, 0x11, 0xf0,
  0xa0, 0xf0, 0x30, 0x05, 0xf1, 0x11, 0x06, 0xf0, 0xf0, 0xe0, 0x05, 0x71, 0x04, 0xf0, 0xf0, 0x80, 0x04, 0x81, 0x02, 0xf0, 0xf0, 0xc0, 0x02, 0xf1,
  0x11, 0xf0, 0xa0, 0xf0, 0x30, 0x05, 0xf1, 0x11, 0x06, 0xf0, 0xf0, 0xe0, 0x05, 0x71, 0x04, 0xf0, 0xf0, 0x80, 0x04, 0x81, 0x02, 0xf0, 0xf0, 0xc0,
  0x02, 0xf1, 0x11, 0xf0, 0xa0, 0xf0, 0x30, 0x05, 0xf1, 0x11, 0x06, 0xf0, 0xf0, 0xe0, 0x05, 0x71, 0x04, 0xf0, 0xf0, 0x80, 0x04, 0x81, 0x02, 0xf0,
  0xf0, 0xc0, 0x02, 0xf1, 0x11, 0x06, 0xf0, 0x90, 0xf0, 0x30, 0x05, 0xf1, 0x11, 0xf0, 0xf0, 0xf0, 0x05, 0x71, 0x04, 0xf0, 0xf0, 0x80, 0x04, 0x81,
  0x02, 0xf0, 0xf0, 0xc0, 0x02, 0xf1, 0x11, 0x06, 0xf0, 0x90, 0xf0, 0x30, 0x05, 0xf1, 0x11, 0x05, 0xf0, 0xf0, 0xd0, 0x06, 0x07, 0x71, 0x04, 0xf0,
  0xf0, 0x80, 0x04, 0x81, 0x02, 0xf0, 0xf0, 0xc0, 0x02, 0xf1, 0x11, 0x06, 0xf0, 0x90, 0xf0, 0x30, 0x05, 0xf1, 0x21, 0x02, 0xf0, 0xf0, 0xb0, 0x06,
  0x91, 0x04, 0xf0, 0xf0, 0x80, 0x04, 0x81, 0x02, 0xf0, 0xf0, 0xa0, 0x05, 0x04, 0x02, 0xf1, 0x11, 0x06, 0xf0, 0x90, 0xf0, 0x30, 0x05, 0xf1, 0x21,
  0x07, 0xf0, 0xf0, 0xb0, 0x06, 0x02, 0x81, 0x04, 0xf0, 0xf0, 0x80, 0x04, 0x91, 0x07, 0x05, 0xf0, 0xf0, 0x80, 0x07, 0xf1, 0x31, 0x06, 0xf0, 0x90,
  0xf0, 0x30, 0x05, 0xf1, 0x21, 0x07, 0xf0, 0xf0, 0xc0, 0x02, 0x81, 0x07, 0xf0, 0xf0, 0x80, 0x04, 0xa1, 0x04, 0xf0, 0xf0, 0x80, 0x04, 0xf1, 0x31,
  0x06, 0xf0, 0x90, 0xf0, 0x30, 0x05, 0xf1, 0x21, 0x02, 0x06, 0xf0, 0xf0, 0xa0, 0x05, 0x81, 0x07, 0x05, 0xf0, 0xf0, 0x80, 0x04, 0xa1, 0x04, 0xf0,
  0xf0, 0x80, 0x04, 0xf1, 0x31, 0x06, 0xf0, 0x90, 0xf0, 0x50, 0x07, 0xf1, 0x21, 0x04, 0xf0, 0xf0, 0x80, 0x04, 0x81, 0x04, 0xf0, 0xf0, 0xb0, 0x06,
  0x07, 0x81, 0x04, 0xf0, 0xf0, 0x70, 0x04, 0x02, 0xf1, 0x11, 0x04, 0x06, 0xf0, 0xa0, 0xf0, 0x50, 0x05, 0xf1, 0x21, 0x04, 0xf0, 0xf0, 0x80, 0x07,
  0x81, 0x04, 0xf0, 0xf0, 0xc0, 0x04, 0x81, 0x04, 0xf0, 0xf0, 0x70, 0x02, 0xf1, 0x11, 0x02, 0xf0, 0xc0, 0xf0, 0x50, 0x05, 0xf1, 0x21, 0x04, 0xf0,
  0xf0, 0x80, 0x04, 0x81, 0x04, 0xf0, 0xf0, 0xc0, 0x04, 0x91, 0x02, 0x06, 0xf0, 0xf0, 0x50, 0x02, 0xf1, 0x21, 0x06, 0xf0, 0xb0, 0xf0, 0x50, 0x05,
  0xf1, 0x31, 0x07, 0x06, 0xf0, 0xf0, 0x40, 0x06, 0x07, 0x02, 0x81, 0x04, 0xf0, 0xf0, 0xc0, 0x04, 0xa1, 0x06, 0xf0, 0xf0, 0x30, 0x06, 0x02, 0xf1,
  0x21, 0x02, 0xf0, 0xc0, 0xf0, 0x50, 0x05, 0xf1, 0x41, 0x06, 0xf0, 0xf0, 0x40, 0x05, 0xa1, 0x04, 0xf0, 0xf0, 0xc0, 0x04, 0xa1, 0x06, 0xf0, 0xf0,
  0x30, 0x06, 0xf1, 0x41, 0xf0, 0xc0, 0xf0, 0x50, 0x06, 0x07, 0xf1, 0x31, 0x02, 0x05, 0xf0, 0xf0, 0x30, 0x04, 0x81, 0x02, 0x05, 0xf0, 0xf0, 0xd0,
  0x05, 0x02, 0xa1, 0x04, 0xf0, 0xf0, 0x10, 0x05, 0x07, 0xf1, 0x21, 0x02, 0x04, 0xf0, 0xc0, 0xf0, 0x70, 0x07, 0xf1, 0x31, 0x07, 0xf0, 0xf0, 0x20,
  0x07, 0x91, 0x02, 0xf0, 0xf0, 0xf0, 0x00, 0x02, 0x91, 0x04, 0xf0, 0xf0, 0x10, 0x02, 0xf1, 0x31, 0x05, 0xf0, 0xd0, 0xf0, 0x70, 0x07, 0xf1, 0x31,
  0x02, 0x04, 0x06, 0xf0, 0xf0, 0x04, 0x02, 0x91, 0x02, 0xf0, 0xf0, 0xf0, 0x00, 0x02, 0x91, 0x02, 0x04, 0xf0, 0xe0, 0x06, 0x04, 0x02, 0xf1, 0x31,
  0x05, 0xf0, 0xd0, 0xf0, 0x70, 0x04, 0x02, 0xf1, 0x41, 0x07, 0xf0, 0xe0, 0x04, 0xa1, 0x02, 0x06, 0xf0, 0xf0, 0xf0, 0x00, 0x07, 0xb1, 0x04, 0xf0,
  0xd0, 0x02, 0xf1, 0x51, 0x05, 0xf0, 0xd0, 0xf0, 0x80, 0x04, 0xf1, 0x41, 0x02, 0x04, 0x05, 0xf0, 0xb0, 0x06, 0x02, 0xa1, 0x04, 0xf0, 0xf0, 0xf0,
  0x20, 0x04, 0x91, 0x12, 0x04, 0x06, 0xf0, 0x80, 0x16, 0x07, 0xf1, 0x41, 0x02, 0x06, 0xf0, 0xe0, 0xf0, 0x80, 0x05, 0x02, 0xf1, 0x51, 0x02, 0x06,
  0xf0, 0x90, 0x02, 0xa1, 0x02, 0x04, 0xf0, 0xf0, 0xf0, 0x30, 0x05, 0xc1, 0x04, 0xf0, 0x80, 0x04, 0xf1, 0x61, 0x07, 0xf0, 0xf0, 0xf0, 0xa0, 0x02,
  0xf1, 0x51, 0x02, 0x04, 0x05, 0xf0, 0x40, 0x05, 0x14, 0xb1, 0x02, 0xf0, 0xf0, 0xf0, 0x60, 0x02, 0xa1, 0x12, 0x04, 0xf0, 0x40, 0x05, 0x04, 0x02,
  0xf1, 0x51, 0x04, 0xf0, 0xf0, 0x00, 0xf0, 0xa0, 0xf1, 0x91, 0x05, 0xf0, 0x30, 0x07, 0xd1, 0x02, 0xf0, 0xf0, 0xf0, 0x60, 0x07, 0xd1, 0x04, 0x06,
  0xf0, 0x20, 0x02, 0xf1, 0x71, 0x06, 0xf0, 0xf0, 0x00, 0xf0, 0xa0, 0x07, 0xf1, 0x81, 0x02, 0x04, 0x07, 0x04, 0xb0, 0x06, 0x07, 0x32, 0xd1, 0x04,
  0xf0, 0xf0, 0xf0, 0x60, 0x04, 0xe1, 0x02, 0x14, 0x07, 0x06, 0xa0, 0x07, 0x22, 0xf1, 0x81, 0x05, 0xf0, 0xf0, 0x00, 0xf0, 0xb0, 0x07, 0xf1, 0xb1,
  0x05, 0xa0, 0x04, 0xf1, 0x11, 0x05, 0xf0, 0xf0, 0xf0, 0x80, 0x04, 0xf1, 0x11, 0x04, 0x90, 0x06, 0x02, 0xf1, 0x71, 0x02, 0x01, 0x02, 0x04, 0xf0,
  0xf0, 0x10, 0xf0, 0xc0, 0x07, 0xf1, 0xa1, 0x02, 0x07, 0x92, 0xf1, 0x11, 0x05, 0xf0, 0xf0, 0xf0, 0xa0, 0x04, 0xf1, 0x01, 0xb2, 0xf1, 0xa1, 0x04,
  0xf0, 0xf0, 0x20, 0xf0, 0xd0, 0x07, 0xf1, 0xf1, 0xf1, 0x51, 0x02, 0x06, 0xf0, 0xf0, 0xf0, 0xc0, 0x07, 0x02, 0xf1, 0xf1, 0xf1, 0x41, 0x05, 0xf0,
  0xf0, 0x30, 0xf0, 0xe0, 0x07, 0xf1, 0xf1, 0xf1, 0x31, 0x02, 0x05, 0xf0, 0xf0, 0xf0, 0xe0, 0x04, 0xf1, 0x41, 0x02, 0xf1, 0xc1, 0x02, 0x05, 0xf0,
  0xf0, 0x40, 0xf0, 0xf0, 0x04, 0xf1, 0xf1, 0xf1, 0x11, 0x02, 0x06, 0xf0, 0xf0, 0xf0, 0xf0, 0x00, 0x04, 0xf1, 0xf1, 0xf1, 0x11, 0x04, 0xf0, 0xf0,
  0x50, 0xf0, 0xf0, 0x00, 0x07, 0xf1, 0xf1, 0xd1, 0x02, 0x11, 0x05, 0xf0, 0xf0, 0xf0, 0xf0, 0x20, 0x02, 0x01, 0x02, 0xf1, 0xf1, 0xa1, 0x02, 0x11,
  0x04, 0xf0, 0xf0, 0x60, 0xf0, 0xf0, 0x10, 0x04, 0x05, 0x07, 0xf1, 0xf1, 0x91, 0x07, 0x00, 0x06, 0x05, 0xf0, 0xf0, 0xf0, 0xf0, 0x50, 0x06, 0xf1,
  0xf1, 0x91, 0x02, 0x05, 0x06, 0x05, 0xf0, 0xf0, 0x70, 0xf0, 0xf0, 0x30, 0x06, 0xf1, 0xf1, 0x81, 0x02, 0x05, 0xf0, 0xf0, 0xf0, 0xf0, 0x90, 0x05,
  0x04, 0xf1, 0xf1, 0x61, 0x02, 0x04, 0xf0, 0xf0, 0xa0, 0xf0, 0xf0, 0x50, 0x05, 0xf1, 0xf1, 0x51, 0x04, 0xf0, 0xf0, 0xf0, 0xf0, 0xd0, 0x04, 0xf1,
  0xf1, 0x41, 0x02, 0xf0, 0xf0, 0xc0, 0xf0, 0xf0, 0x60, 0x04, 0x17, 0xf1, 0xf1, 0x02, 0x14, 0xf0, 0xf0, 0xf0, 0xf0, 0xf0, 0x15, 0x04, 0xf1, 0xe1,
  0x02, 0x25, 0xf0, 0xf0, 0xc0, 0xf0, 0xf0, 0x90, 0x02, 0xf1, 0xe1, 0x04, 0xf0, 0xf0, 0xf0, 0xf0, 0xf0, 0x40, 0x02, 0x01, 0x32, 0xf1, 0x61, 0x02,
  0x01, 0x04, 0xf0, 0xf0, 0xf0, 0xf0, 0xf0, 0x90, 0x45, 0x07, 0xf1, 0x31, 0x04, 0x26, 0x15, 0xf0, 0xf0, 0xf0, 0xf0, 0xf0, 0x50, 0x36, 0x00, 0x04,
  0x01, 0x02, 0xe1, 0x02, 0x01, 0x02, 0x46, 0xf0, 0xf0, 0xf0, 0x00, 0xf0, 0xf0, 0xe0, 0x06, 0xf1, 0x31, 0x05, 0xf0, 0xf0, 0xf0, 0xf0, 0xf0, 0xf0,
  0x06, 0xf1, 0x21, 0x02, 0xf0, 0xf0, 0xf0, 0x50, 0xf0, 0xf0, 0xf0, 0xf4, 0x34, 0xf0, 0xf0, 0xf0, 0xf0, 0xf0, 0xf0, 0x10, 0x05, 0x04, 0x05, 0x74,
  0x65, 0x04, 0x05, 0xf0, 0xf0, 0xf0, 0x50, 0xf0, 0xf0, 0xf0, 0xf0, 0xf0, 0xf0, 0xf0, 0xf0, 0xf0, 0xf0, 0xf0, 0xf0, 0xf0, 0xf0, 0xf0, 0xf0, 0xf0,
  0xf0, 0xf0, 0xf0, 0xf0, 0xf0, 0xf0, 0xf0, 0xf0, 0xf0, 0xf0, 0xf0, 0xf0, 0xf0, 0xf0, 0xf0, 0xf0, 0xf0, 0xf0, 0xf0, 0xf0, 0xf0, 0xf0, 0xf0, 0xf0,
  0xf0, 0xf0, 0xf0, 0xf0, 0xf0, 0xf0, 0xf0, 0xf0, 0xf0, 0xf0, 0xf0, 0xf0, 0xf0, 0xf0, 0xf0, 0xf0, 0xf0, 0xf0, 0xf0, 0xf0, 0xf0, 0xf0, 0xf0, 0xf0,
  0xf0, 0xf0, 0xf0, 0xf0, 0xf0, 0xf0, 0xf0, 0xf0, 0xf0, 0xf0, 0xf0, 0xf0, 0xf0, 0xf0, 0xf0, 0xf0, 0xf0, 0xf0, 0xf0, 0xf0, 0xf0, 0xf0, 0xf0, 0xf0,
  0xf0, 0xf0, 0xf0, 0xf0, 0xf0, 0xf0, 0xf0, 0xf0, 0xf0, 0xf0, 0xf0, 0xf0, 0xf0, 0xf0, 0xf0, 0xf0, 0xf0, 0xf0, 0xf0, 0xf0, 0xf0, 0xf0, 0xf0, 0xf0,
  0xf0, 0xf0, 0xf0, 0xf0, 0xf0, 0xf0, 0xf0, 0xf0, 0xf0, 0xf0, 0xf0, 0xf0, 0xf0, 0xf0, 0xf0, 0xf0, 0xf0, 0xf0, 0xf0, 0xf0, 0xf0, 0xf0, 0xf0, 0xf0,
  0xf0, 0xf0, 0xf0, 0xf0, 0xf0, 0xf0, 0xf0, 0xf0, 0xf0, 0xf0, 0xf0, 0xf0, 0xf0, 0xf0, 0xf0, 0xf0, 0xf0, 0xf0, 0xf0, 0xf0, 0xf0, 0xf0, 0xf0, 0xf0,
  0xf0, 0xf0, 0xf0, 0xf0, 0xf0, 0xf0, 0xf0, 0xf0, 0xf0, 0xf0, 0xf0, 0xf0, 0xf0, 0xf0, 0xf0, 0xf0, 0xf0, 0xf0, 0xf0, 0xf0, 0xf0, 0xf0, 0xf0, 0xf0,
  0xf0, 0xf0, 0xf0, 0xf0, 0xf0, 0xf0, 0xf0, 0xf0, 0xf0, 0xf0, 0xf0, 0xf0, 0xf0, 0xf0, 0xf0, 0xf0, 0xf0, 0xf0, 0xf0, 0xf0, 0xf0, 0xf0, 0xf0, 0xf0,
  0xf0, 0xf0, 0xf0, 0xf0, 0xf0, 0xf0, 0xf0, 0xf0, 0xf0, 0xf0, 0xf0, 0xf0, 0xf0, 0xf0, 0xf0, 0xf0, 0xf0, 0xf0, 0xf0, 0xf0, 0xf0, 0xf0, 0xf0, 0xf0,
  0xf0, 0xf0, 0xf0, 0xf0, 0xf0, 0xf0, 0xf0, 0xf0, 0xf0, 0xf0, 0xf0, 0xf0, 0xf0, 0xf0, 0xf0, 0xf0, 0xf0, 0xf0, 0xf0, 0xf0, 0xf0, 0xf0, 0xf0, 0xf0,
  0xf0, 0xf0, 0xf0, 0x40, 0x06, 0x65, 0x06, 0xf0, 0x10, 0x06, 0x65, 0x06, 0xf0, 0x30, 0x75, 0xf0, 0xf0, 0xf0, 0xf0, 0xf0, 0xa0, 0xf0, 0xf0, 0xf0,
  0xf0, 0xf0, 0x30, 0x05, 0x01, 0x12, 0x41, 0x02, 0x06, 0xf0, 0x00, 0x07, 0x71, 0x02, 0xf0, 0x10, 0x04, 0x71, 0x07, 0xf0, 0xf0, 0xf0, 0xf0, 0xf0,
  0x90, 0xf0, 0xf0, 0xf0, 0xf0, 0xf0, 0x00, 0x06, 0x22, 0x81, 0x02, 0x01, 0x04, 0xb0, 0x05, 0x12, 0x91, 0x12, 0x05, 0xb0, 0x06, 0x12, 0x91, 0x12,
  0x05, 0xf0, 0xf0, 0xf0, 0xf0, 0xf0, 0x60, 0xf0, 0xf0, 0xf0, 0xf0, 0xf0, 0x06, 0x07, 0x31, 0x32, 0x51, 0x02, 0x04, 0x90, 0x06, 0x02, 0xd1, 0x02,
  0x05, 0x90, 0x06, 0x04, 0xd1, 0x02, 0x04, 0xf0, 0xf0, 0xf0, 0xf0, 0xf0, 0x50, 0xf0, 0xf0, 0xf0, 0xf0, 0xe0, 0x04, 0x51, 0x22, 0x81, 0x07, 0x70,
  0x04, 0xd1, 0x12, 0x11, 0x04, 0x70, 0x04, 0xe1, 0x12, 0x01, 0x04, 0xf0, 0xf0, 0xf0, 0xf0, 0xf0, 0x40, 0xf0, 0xf0, 0xf0, 0xf0, 0xd0, 0x07, 0x02,
  0x51, 0x32, 0x81, 0x02, 0x05, 0x40, 0x07, 0x02, 0xd1, 0x42, 0x07, 0x06, 0x40, 0x07, 0x02, 0xc1, 0x62, 0xf0, 0xf0, 0xf0, 0xf0, 0xf0, 0x30, 0xf0,
  0xf0, 0xf0, 0xf0, 0xc0, 0x04, 0x81, 0x22, 0x91, 0x02, 0x05, 0x10, 0x06, 0x07, 0xd1, 0x62, 0x01, 0x02, 0x06, 0x20, 0x07, 0x01, 0x02, 0xc1, 0x62,
  0x04, 0xf0, 0xf0, 0xf0, 0xf0, 0xf0, 0x20, 0xf0, 0xf0, 0xf0, 0xf0, 0xb0, 0x02, 0xb1, 0x12, 0x91, 0x32, 0xa1, 0xa2, 0x11, 0x02, 0x07, 0x22, 0x91,
  0x32, 0x11, 0x72, 0xf0, 0xf0, 0xf0, 0xf0, 0xf0, 0x10, 0xf0, 0xf0, 0xf0, 0xf0, 0xa0, 0x04, 0xf1, 0xf1, 0xb1, 0x52, 0xf1, 0x71, 0x32, 0x01, 0x12,
  0x01, 0x04, 0xf0, 0xf0, 0xf0, 0xf0, 0xf0, 0x00, 0xf0, 0xf0, 0xf0, 0xf0, 0x90, 0x07, 0x12, 0x91, 0x04, 0x00, 0x15, 0x07, 0xf1, 0x51, 0x02, 0x05,
  0x06, 0x15, 0x07, 0x01, 0x42, 0x31, 0x02, 0xb1, 0x04, 0x06, 0x14, 0x02, 0x01, 0x22, 0x01, 0x02, 0x01, 0x22, 0x01, 0x07, 0xf0, 0xf0, 0xf0, 0xf0,
  0xf0, 0xf0, 0xf0, 0xf0, 0xf0, 0x80, 0x06, 0x02, 0x01, 0x02, 0x71, 0x02, 0x04, 0x30, 0x06, 0x02, 0xf1, 0x21, 0x12, 0x04, 0x30, 0x06, 0x52, 0xd1,
  0x12, 0x07, 0x30, 0x05, 0x01, 0x02, 0x01, 0x22, 0x01, 0x02, 0x01, 0x02, 0x01, 0x02, 0xf0, 0xf0, 0xf0, 0xf0, 0xf0, 0xf0, 0xf0, 0xf0, 0xf0, 0x90,
  0x02, 0x01, 0x02, 0x61, 0x02, 0x70, 0x04, 0x81, 0x12, 0x61, 0x04, 0x70, 0x05, 0x02, 0x01, 0x12, 0xd1, 0x04, 0x60, 0x06, 0x07, 0x01, 0x22, 0x21,
  0x02, 0x01, 0x02, 0xf0, 0xf0, 0xf0, 0xf0, 0xf0, 0xf0, 0xf0, 0xf0, 0xf0, 0x80, 0x06, 0x02, 0x01, 0x02, 0x01, 0x02, 0x31, 0x04, 0x06, 0x80, 0x04,
  0x02, 0x71, 0x12, 0x31, 0x02, 0x04, 0x90, 0x04, 0x22, 0xb1, 0x02, 0x07, 0x90, 0x04, 0x01, 0x12, 0x01, 0x02, 0x01, 0x02, 0x01, 0x02, 0xf0, 0xf0,
  0xf0, 0xf0, 0xf0, 0xf0, 0xf0, 0xf0, 0xf0, 0x90, 0x52, 0x01, 0x12, 0xb0, 0x06, 0x02, 0x11, 0x82, 0x01, 0x02, 0x05, 0xb0, 0x06, 0x02, 0x01, 0x72,
  0x31, 0x05, 0xa0, 0x06, 0x04, 0x42, 0x01, 0x02, 0x04, 0xf0, 0xf0, 0xf0, 0xf0, 0xf0, 0xf0, 0xf0, 0xf0, 0xf0, 0xa0, 0x02, 0x41, 0x04, 0xd0, 0x06,
  0x05, 0x02, 0x71, 0x07, 0x05, 0x06, 0xd0, 0x16, 0x02, 0x71, 0x02, 0x04, 0x05, 0xd0, 0x06, 0x02, 0x31, 0x04, 0xf0, 0xf0, 0xf0, 0xf0, 0xf0, 0x00,
  0xf0, 0xf0, 0xf0, 0xf0, 0xa0, 0x06, 0x04, 0x15, 0x14, 0xf0, 0x00, 0x06, 0x07, 0x64, 0x06, 0xf0, 0x10, 0x05, 0x07, 0x74, 0xf0, 0x00, 0x05, 0x04,
  0x15, 0x04, 0xf0, 0xf0, 0xf0, 0xf0, 0xf0, 0x10, 0xf0, 0xf0, 0xf0, 0xf0, 0xf0, 0xf0, 0xf0, 0xf0, 0xf0, 0xf0, 0xf0, 0xf0, 0xf0, 0xf0, 0xf0, 0xf0,
  0xf0, 0xf0, 0xf0, 0xf0, 0xf0, 0xf0, 0xf0, 0xf0, 0xf0, 0xf0, 0xf0, 0xf0, 0xf0, 0xf0, 0xf0, 0xf0, 0xf0, 0xf0, 0xf0, 0xf0, 0xf0, 0xf0, 0xf0, 0xf0,
  0xf0, 0xf0, 0xf0, 0xf0, 0xf0, 0xf0, 0xf0, 0xf0, 0xf0, 0xf0, 0xf0, 0xf0, 0xf0, 0xf0, 0xf0, 0xf0, 0xf0, 0xf0, 0xf0, 0xf0, 0xf0, 0xf0, 0xf0, 0xf0,
  0xf0, 0xf0, 0xf0, 0xf0, 0xf0, 0xf0, 0xf0, 0xf0, 0xf0, 0xf0, 0xf0, 0xf0, 0xf0, 0xf0, 0xf0, 0xf0, 0xf0, 0xf0, 0xf0, 0xf0, 0xf0, 0xf0, 0xf0, 0xf0,
  0xf0, 0xf0, 0xf0, 0xf0, 0xf0, 0xf0, 0xf0, 0xf0, 0xf0, 0xf0, 0xf0, 0xf0, 0xf0, 0xf0, 0xf0, 0xf0, 0xf0, 0xf0, 0xf0, 0xf0, 0xf0, 0xf0, 0xf0, 0xf0,
  0xf0, 0xf0, 0xf0, 0xf0, 0xf0, 0xf0, 0xf0, 0xf0, 0xf0, 0xf0, 0xf0, 0xf0, 0xf0, 0xf0, 0xf0, 0xf0, 0xf0, 0xf0, 0xf0, 0xf0, 0xf0, 0xf0, 0xf0, 0xf0,
  0xf0, 0xf0, 0xf0, 0xf0, 0xf0, 0xf0, 0xf0, 0xf0, 0xf0, 0xf0, 0xf0, 0xf0, 0xf0, 0xf0, 0xf0, 0xf0, 0xf0, 0xf0, 0xf0, 0xf0, 0xf0, 0xf0, 0xf0, 0xf0,
  0xf0, 0xf0, 0xf0, 0xf0, 0xf0, 0xf0, 0xf0, 0xf0, 0xf0, 0xf0, 0xf0, 0xf0, 0xf0, 0xf0, 0xf0, 0xf0, 0xf0, 0xf0, 0xf0, 0xf0, 0xf0, 0xf0, 0xf0, 0xf0,
  0xf0, 0xf0, 0xf0, 0xf0, 0xf0, 0xf0, 0xf0, 0xf0, 0xf0, 0xf0, 0xf0, 0xf0, 0xf0, 0xf0, 0xf0, 0xf0, 0xf0, 0xf0, 0xf0, 0xf0, 0xf0, 0xf0, 0xf0, 0xf0,
  0xf0, 0xf0, 0xf0, 0xf0, 0xf0, 0xf0, 0xf0, 0xf0, 0xf0, 0xf0, 0xf0, 0xf0, 0xf0, 0xf0, 0xf0, 0xf0, 0xf0, 0xf0, 0xf0, 0xf0, 0xf0, 0xf0, 0xf0, 0xf0,
  0xf0, 0xf0, 0xf0, 0xf0, 0xf0, 0xf0, 0xf0, 0xf0, 0xf0, 0xf0, 0xf0, 0xf0, 0xf0, 0xf0, 0xf0, 0xf0, 0xf0, 0xf0, 0xf0, 0xf0, 0xf0, 0xf0, 0xf0, 0xf0,
  0xf0, 0xf0, 0xf0, 0xf0, 0xf0, 0xf0, 0xf0, 0xf0, 0xf0, 0xf0, 0xf0, 0xf0, 0xf0, 0xf0, 0xf0, 0xf0, 0xf0, 0xf0, 0xf0, 0xf0, 0xf0, 0xf0, 0xf0, 0xf0,
  0xf0, 0xf0, 0xf0, 0xf0, 0xf0, 0xf0, 0xf0, 0xf0, 0xf0, 0xf0, 0xf0, 0xf0, 0xf0, 0xf0, 0xf0, 0xf0, 0xf0, 0xf0, 0xf0, 0xf0, 0xf0, 0xf0, 0xf0, 0xf0,
  0xf0, 0xf0, 0xf0, 0xf0, 0xf0, 0xf0, 0xf0, 0xf0, 0xf0, 0xf0, 0xf0,
};

static const uint16_t FACE_12_PALETTE[16] PROGMEM = {
  0x1ebe, 0x00a4, 0x0a8d, 0x157a, 0x0cb6, 0x01a9, 0x46ff, 0x0b91, 0x0000, 0x269f, 0x0085, 0x065f, 0x3ebf, 0x1e9f, 0x167f, 0x0042
};
static const uint8_t FACE_12_RUNS[] PROGMEM = {
  0xf8, 0xf8, 0xf8, 0xf8, 0xf8, 0xf8, 0xf8, 0xf8, 0xf8, 0xf8, 0xf8, 0xf8, 0xf8, 0xf8, 0xf8, 0xf8, 0xf8, 0xf8, 0xf8, 0xf8, 0xf8, 0xf8, 0xf8, 0xf8,
  0xf8, 0xf8, 0xf8, 0xf8, 0xf8, 0xf8, 0xf8, 0xf8, 0xf8, 0xf8, 0xf8, 0xf8, 0xf8, 0xf8, 0xf8, 0xf8, 0xf8, 0xf8, 0xf8, 0xf8, 0xf8, 0xf8, 0xf8, 0xf8,
  0xf8, 0xf8, 0xf8, 0xf8, 0xf8, 0xf8, 0xf8, 0xf8, 0xf8, 0xf8, 0xf8, 0xf8, 0xf8, 0xf8, 0xf8, 0xf8, 0xf8, 0xf8, 0xf8, 0xf8, 0xf8, 0xf8, 0xf8, 0xf8,
  0xf8, 0xf8, 0xf8, 0xf8, 0xf8, 0xf8, 0xf8, 0xf8, 0xf8, 0xf8, 0xf8, 0xf8, 0xf8, 0xf8, 0xf8, 0xf8, 0xf8, 0xf8, 0xf8, 0xf8, 0xf8, 0xf8, 0xf8, 0xf8,
  0xf8, 0xf8, 0xf8, 0xf8, 0xf8, 0xf8, 0xf8, 0xf8, 0xf8, 0xf8, 0xf8, 0xf8, 0xf8, 0xf8, 0xf8, 0xf8, 0xf8, 0xf8, 0xf8, 0xf8, 0xf8, 0xf8, 0xf8, 0xf8,
  0xf8, 0xf8, 0xf8, 0xf8, 0xf8, 0xf8, 0xf8, 0xf8, 0xf8, 0xf8, 0xf8, 0xf8, 0xf8, 0xf8, 0xf8, 0xf8, 0xf8, 0xf8, 0xf8, 0xf8, 0xf8, 0xf8, 0xf8, 0xf8,
  0xf8, 0xf8, 0xf8, 0xf8, 0xf8, 0xf8, 0xf8, 0xf8, 0xf8, 0xf8, 0xf8, 0xf8, 0xf8, 0xf8, 0xf8, 0xf8, 0xf8, 0xf8, 0xf8, 0xf8, 0xf8, 0xf8, 0xf8, 0xf8,
  0xf8, 0xf8, 0xf8, 0xf8, 0xf8, 0xf8, 0xf8, 0xf8, 0xf8, 0xf8, 0xf8, 0xf8, 0xf8, 0xf8, 0xf8, 0xf8, 0xf8, 0xf8, 0xf8, 0xf8, 0xf8, 0xf8, 0xf8, 0xf8,
  0xf8, 0xf8, 0xf8, 0xf8, 0xf8, 0xf8, 0xf8, 0xf8, 0xf8, 0xf8, 0xf8, 0xf8, 0xf8, 0xf8, 0xf8, 0xf8, 0xf8, 0xf8, 0xf8, 0xf8, 0xf8, 0xf8, 0xf8, 0xf8,
  0xf8, 0xf8, 0xf8, 0xf8, 0xf8, 0xf8, 0xf8, 0xf8, 0xf8, 0xf8, 0xf8, 0xf8, 0xf8, 0xf8, 0xf8, 0xf8, 0xf8, 0xf8, 0xf8, 0xf8, 0xf8, 0xf8, 0xf8, 0xf8,
  0xf8, 0xf8, 0xf8, 0xf8, 0xf8, 0xf8, 0xf8, 0xf8, 0xf8, 0xf8, 0xf8, 0xf8, 0xf8, 0xf8, 0xf8, 0xf8, 0xf8, 0xf8, 0xf8, 0xf8, 0xf8, 0xf8, 0xf8, 0xf8,
  0xf8, 0xf8, 0xf8, 0xf8, 0xf8, 0xf8, 0xf8, 0xf8, 0xf8, 0xf8, 0xf8, 0xf8, 0xf8, 0xf8, 0xf8, 0xf8, 0xf8, 0xf8, 0xf8, 0xf8, 0xf8, 0xf8, 0xf8, 0xf8,
  0xf8, 0xf8, 0xf8, 0xf8, 0xf8, 0xf8, 0xf8, 0xf8, 0xf8, 0xf8, 0xf8, 0xf8, 0xf8, 0xf8, 0xf8, 0xf8, 0xf8, 0xf8, 0xf8, 0xf8, 0xf8, 0xf8, 0xf8, 0xf8,
  0xf8, 0xf8, 0xf8, 0xf8, 0xf8, 0xf8, 0xf8, 0xf8, 0xf8, 0xf8, 0xf8, 0xf8, 0xf8, 0xf8, 0xf8, 0xf8, 0xf8, 0xf8, 0xf8, 0xf8, 0xf8, 0xf8, 0xf8, 0xf8,
  0xf8, 0xf8, 0xf8, 0xf8, 0xf8, 0xf8, 0xf8, 0xf8, 0xf8, 0xf8, 0xf8, 0xf8, 0xf8, 0xf8, 0xf8, 0xf8, 0xf8, 0xf8, 0xf8, 0xf8, 0xf8, 0xf8, 0xf8, 0xf8,
  0xf8, 0xf8, 0xf8, 0xf8, 0xf8, 0xf8, 0xf8, 0xf8, 0xf8, 0xf8, 0xf8, 0xf8, 0xf8, 0xf8, 0xf8, 0xf8, 0xf8, 0xf8, 0xf8, 0xf8, 0xf8, 0xf8, 0xf8, 0xf8,
  0xf8, 0xf8, 0xf8, 0xf8, 0xf8, 0xf8, 0xf8, 0xf8, 0xf8, 0xf8, 0xf8, 0xf8, 0xf8, 0xf8, 0xf8, 0xf8, 0xf8, 0xf8, 0xf8, 0xf8, 0xf8, 0xf8, 0xf8, 0xf8,
  0xf8, 0xf8, 0xf8, 0xf8, 0xf8, 0xf8, 0xf8, 0xf8, 0xf8, 0xf8, 0xf8, 0xf8, 0xf8, 0xf8, 0xf8, 0xf8, 0xf8, 0xf8, 0xf8, 0xf8, 0xf8, 0xf8, 0xf8, 0xf8,
  0xf8, 0xf8, 0xf8, 0xf8, 0xf8, 0xf8, 0xf8, 0xf8, 0xf8, 0xf8, 0xf8, 0xf8, 0xf8, 0xf8, 0xf8, 0xf8, 0xf8, 0xf8, 0xf8, 0xf8, 0xf8, 0xf8, 0xf8, 0xf8,
  0xf8, 0xf8, 0xf8, 0xf8, 0xf8, 0xf8, 0xf8, 0xf8, 0xf8, 0xf8, 0xf8, 0xf8, 0xf8, 0xf8, 0xf8, 0xf8, 0xf8, 0xf8, 0xf8, 0xf8, 0xf8, 0xf8, 0xf8, 0xf8,
  0xf8, 0xf8, 0xf8, 0xf8, 0xf8, 0xf8, 0xf8, 0xf8, 0xf8, 0xf8, 0xf8, 0xf8, 0xf8, 0xf8, 0xf8, 0xf8, 0xf8, 0xf8, 0xf8, 0xf8, 0xf8, 0xf8, 0xf8, 0xf8,
  0xf8, 0xf8, 0xf8, 0xf8, 0xf8, 0xf8, 0xf8, 0xf8, 0xf8, 0xf8, 0xf8, 0xf8, 0xf8, 0xf8, 0xf8, 0xf8, 0xf8, 0xf8, 0xf8, 0xf8, 0xf8, 0xf8, 0xf8, 0xf8,
  0xf8, 0xf8, 0xf8, 0xf8, 0xf8, 0xf8, 0xf8, 0xf8, 0xf8, 0xf8, 0xf8, 0xf8, 0xf8, 0xf8, 0xf8, 0xf8, 0xf8, 0xf8, 0xf8, 0xf8, 0xf8, 0xf8, 0xf8, 0xf8,
  0xf8, 0xf8, 0xf8, 0xf8, 0xf8, 0xf8, 0xf8, 0xf8, 0xf8, 0xf8, 0xf8, 0xf8, 0xf8, 0xa8, 0x0a, 0x27, 0x04, 0x07, 0x24, 0x57, 0x02, 0x07, 0x02, 0x01,
  0xf8, 0xf8, 0xf8, 0x18, 0xf8, 0xf8, 0xf8, 0xf8, 0xf8, 0xf8, 0xf8, 0xf8, 0xf8, 0xf8, 0x38, 0x0f, 0x18, 0x0a, 0x11, 0x0a, 0x02, 0x0b, 0x10, 0x0d,
  0x70, 0x1d, 0x0b, 0x00, 0x0e, 0x02, 0x0a, 0x01, 0x1a, 0xf8, 0xf8, 0xd8, 0xf8, 0xf8, 0xf8, 0xf8, 0xf8, 0xf8, 0xf8, 0xf8, 0xf8, 0xf8, 0x58, 0x05,
  0x43, 0x2b, 0xde, 0x43, 0x02, 0xf8, 0xf8, 0xc8, 0xf8, 0xf8, 0xf8, 0xf8, 0xf8, 0xf8, 0xf8, 0xf8, 0xf8, 0xf8, 0x18, 0x01, 0x02, 0x07, 0x02, 0x03,
  0x40, 0x1b, 0xee, 0x2d, 0x10, 0x03, 0x05, 0x01, 0x0f, 0xf8, 0xf8, 0x98, 0xf8, 0xf8, 0xf8, 0xf8, 0xf8, 0xf8, 0xf8, 0xf8, 0xf8, 0xf8, 0x08, 0x0f,
  0x01, 0x03, 0x00, 0x0e, 0x00, 0x7b, 0xfe, 0x0e, 0x10, 0x0b, 0x10, 0x04, 0x0f, 0xf8, 0xf8, 0x88, 0xf8, 0xf8, 0xf8, 0xf8, 0xf8, 0xf8, 0xf8, 0xf8,
  0xf8, 0xf8, 0x02, 0x04, 0x03, 0x0b, 0x00, 0xbb, 0x4e, 0x0b, 0x3e, 0x0d, 0x0e, 0x3d, 0x30, 0x03, 0x05, 0x0f, 0xf8, 0xf8, 0x78, 0xf8, 0xf8, 0xf8,
  0xf8, 0xf8, 0xf8, 0xf8, 0xf8, 0xf8, 0xc8, 0x11, 0x05, 0x03, 0x10, 0xfb, 0x4b, 0x3e, 0x5d, 0x00, 0x0b, 0x00, 0x0b, 0x03, 0x02, 0xf8, 0xf8, 0x78,
  0xf8, 0xf8, 0xf8, 0xf8, 0xf8, 0xf8, 0xf8, 0xf8, 0xf8, 0xc8, 0x07, 0x13, 0x0e, 0x0b, 0x0e, 0xfb, 0x4b, 0x2e, 0x2d, 0x2e, 0x1d, 0x30, 0x04, 0xf8,
  0xf8, 0x78, 0xf8, 0xf8, 0x38, 0x0f, 0x71, 0x6f, 0x71, 0x8f, 0x61, 0x2a, 0x41, 0xf8, 0xf8, 0xf8, 0xf8, 0x68, 0x01, 0x02, 0x03, 0x00, 0x1d, 0x2e,
  0xfb, 0x0b, 0x6e, 0x0d, 0x3e, 0x50, 0x04, 0xf8, 0xf8, 0x78, 0xf8, 0xf8, 0x28, 0x0a, 0x04, 0x03, 0x04, 0x43, 0xb4, 0x03, 0xf4, 0x73, 0x04, 0x03,
  0x04, 0x01, 0xf8, 0xf8, 0xf8, 0xf8, 0x48, 0x05, 0x03, 0x3e, 0x2d, 0x3e, 0x6b, 0x1d, 0x90, 0x0d, 0x2e, 0x00, 0x0e, 0x1d, 0x40, 0x04, 0xf8, 0xf8,
  0x78, 0xf8, 0xf8, 0x28, 0x05, 0xf0, 0xf0, 0xc0, 0x0b, 0x10, 0x05, 0xf8, 0xf8, 0xf8, 0xf8, 0x28, 0x15, 0x04, 0x00, 0x0d, 0x2e, 0x3d, 0x3e, 0x5b,
  0x03, 0x14, 0x73, 0x14, 0x00, 0x0d, 0x0e, 0x2d, 0x3e, 0x0b, 0x00, 0x04, 0xf8, 0xf8, 0x78, 0xf8, 0xf8, 0x08, 0x0a, 0x04, 0x00, 0xcb, 0x03, 0x0b,
  0x13, 0x1b, 0x13, 0x5b, 0xd3, 0x5b, 0x13, 0x02, 0xf8, 0xf8, 0xf8, 0xf8, 0x08, 0x05, 0x20, 0x0b, 0x0e, 0x7d, 0x2e, 0x3b, 0x00, 0x03, 0x01, 0x0f,
  0x31, 0x4a, 0x11, 0x04, 0x10, 0x1d, 0x1e, 0x20, 0x0e, 0x00, 0x07, 0xf8, 0xf8, 0x78, 0xf8, 0xf8, 0x08, 0x01, 0x10, 0xfb, 0xfb, 0xfb, 0x00, 0x04,
  0xf8, 0xf8, 0xf8, 0xe8, 0x01, 0x05, 0x04, 0x20, 0x0e, 0x5d, 0x0e, 0x1d, 0x0e, 0x1d, 0x00, 0x03, 0x22, 0x05, 0xc8, 0x01, 0x02, 0x15, 0x03, 0x00,
  0x2d, 0x10, 0x02, 0x01, 0xf8, 0xf8, 0x78, 0xf8, 0xf8, 0x08, 0x01, 0x03, 0x00, 0xfb, 0xfb, 0xeb, 0x03, 0x00, 0x04, 0x0f, 0xf8, 0xf8, 0xf8, 0xd8,
  0x05, 0x0e, 0x0d, 0x2e, 0x0d, 0x1e, 0x3d, 0x3e, 0x10, 0x03, 0x05, 0xf8, 0x48, 0x02, 0x43, 0x04, 0x01, 0xf8, 0xf8, 0x88, 0xf8, 0xf8, 0x08, 0x01,
  0x03, 0x00, 0xfb, 0xfb, 0xdb, 0x0e, 0x03, 0x00, 0x04, 0x0f, 0xf8, 0xf8, 0xf8, 0xb8, 0x01, 0x02, 0x03, 0x1d, 0x0e, 0x0d, 0x3e, 0x0d, 0x0e, 0x0d,
  0x0e, 0x0d, 0x10, 0x04, 0x15, 0x01, 0xf8, 0x68, 0x3a, 0x01, 0x0f, 0xf8, 0xf8, 0x98, 0xf8, 0xf8, 0x08, 0x01, 0x03, 0x00, 0xfb, 0xfb, 0xeb, 0x03,
  0x0b, 0x04, 0x01, 0xf8, 0xf8, 0xf8, 0xb8, 0x02, 0x09, 0x0d, 0x0e, 0x1d, 0x0e, 0x1d, 0x0e, 0x0b, 0x0d, 0x1e, 0x0d, 0x23, 0x05, 0xf8, 0xf8, 0xf8,
  0xf8, 0x98, 0xf8, 0xf8, 0x08, 0x01, 0x10, 0xfb, 0xfb, 0xfb, 0x00, 0x03, 0x01, 0xf8, 0xf8, 0xf8, 0x98, 0x01, 0x04, 0x03, 0x7d, 0x10, 0x0b, 0x1e,
  0x00, 0x04, 0x01, 0x0a, 0xf8, 0xf8, 0xf8, 0xf8, 0xa8, 0xf8, 0xf8, 0x08, 0x01, 0x02, 0x03, 0xfb, 0xfb, 0xfb, 0x03, 0x02, 0x0f, 0xf8, 0xf8, 0xf8,
  0x88, 0x01, 0x07, 0x1d, 0x0b, 0x5d, 0x30, 0x0d, 0x0b, 0x07, 0x0a, 0xf8, 0xf8, 0xf8, 0xf8, 0xc8, 0xf8, 0xf8, 0x28, 0x02, 0x10, 0x7b, 0xf0, 0x90,
  0xbb, 0x02, 0xf8, 0xf8, 0xf8, 0xa8, 0x07, 0x30, 0x6d, 0x0e, 0x0d, 0x00, 0x07, 0x02, 0x01, 0xf8, 0xf8, 0xf8, 0xf8, 0xd8, 0xf8, 0xf8, 0x28, 0x0a,
  0xf2, 0xf2, 0xf2, 0x0a, 0xf8, 0xf8, 0xf8, 0x88, 0x01, 0x02, 0x03, 0x30, 0x4d, 0x1e, 0x0d, 0x0b, 0x07, 0x0f, 0xf8, 0xf8, 0xf8, 0xf8, 0xf8, 0xf8,
  0xf8, 0xf8, 0xf8, 0xf8, 0xf8, 0xf8, 0xf8, 0xd8, 0x02, 0x0d, 0x1b, 0x20, 0x6d, 0x03, 0x02, 0x0f, 0xf8, 0xf8, 0xf8, 0xf8, 0xf8, 0x08, 0xf8, 0xf8,
  0xf8, 0xf8, 0xf8, 0xf8, 0xf8, 0xf8, 0xb8, 0x01, 0x05, 0x03, 0x0d, 0x00, 0x0e, 0x10, 0x4d, 0x0e, 0x0d, 0x03, 0x05, 0xf8, 0xf8, 0xf8, 0xf8, 0xf8,
  0x28, 0xf8, 0xf8, 0xf8, 0xf8, 0xf8, 0xf8, 0xf8, 0xf8, 0xb8, 0x02, 0x00, 0x0d, 0x0b, 0x0d, 0x1e, 0x00, 0x4d, 0x00, 0x04, 0x05, 0x01, 0xf8, 0xf8,
  0xf8, 0xf8, 0xf8, 0x28, 0xf8, 0xf8, 0xf8, 0xf8, 0xf8, 0xf8, 0xf8, 0xf8, 0x98, 0x0f, 0x01, 0x04, 0x10, 0x0e, 0x7d, 0x0e, 0x03, 0x05, 0xf8, 0xf8,
  0xf8, 0xf8, 0xf8, 0x48, 0xf8, 0xf8, 0xf8, 0xf8, 0xf8, 0xf8, 0xf8, 0xf8, 0x98, 0x01, 0x03, 0x00, 0x0b, 0x6d, 0x0e, 0x0d, 0x00, 0x07, 0x11, 0xf8,
  0xf8, 0xf8, 0xf8, 0xf8, 0x48, 0xf8, 0xf8, 0xf8, 0xf8, 0xf8, 0xf8, 0xf8, 0xf8, 0x98, 0x05, 0x10, 0x0b, 0x7d, 0x0e, 0x03, 0x01, 0xf8, 0xf8, 0xf8,
  0xf8, 0xf8, 0x68, 0xf8, 0xf8, 0xf8, 0xf8, 0xf8, 0xf8, 0xf8, 0xf8, 0x78, 0x0f, 0x08, 0x02, 0x10, 0x0e, 0x4d, 0x1e, 0x00, 0x03, 0x0a, 0xf8, 0xf8,
  0xf8, 0xf8, 0xf8, 0x78, 0xf8, 0xf8, 0xf8, 0xf8, 0xf8, 0xf8, 0xf8, 0xf8, 0x98, 0x02, 0x10, 0x0b, 0x2e, 0x0d, 0x0e, 0x0d, 0x03, 0x07, 0x05, 0xf8,
  0xf8, 0xf8, 0xf8, 0xf8, 0x88, 0xf8, 0xf8, 0xf8, 0xf8, 0xf8, 0xf8, 0xf8, 0xf8, 0x98, 0x02, 0x10, 0x0b, 0x4e, 0x0d, 0x04, 0x0f, 0xf8, 0xf8, 0xf8,
  0xf8, 0xf8, 0x98, 0xf8, 0xf8, 0xf8, 0xf8, 0xf8, 0xf8, 0xf8, 0xf8, 0x98, 0x01, 0x04, 0x00, 0x0b, 0x2e, 0x0d, 0x03, 0x07, 0x01, 0xf8, 0xf8, 0xf8,
  0xf8, 0xf8, 0xa8, 0xf8, 0xf8, 0xf8, 0xf8, 0xf8, 0xf8, 0xf8, 0xf8, 0xa8, 0x0f, 0x04, 0x2d, 0x0e, 0x00, 0x04, 0xf8, 0xf8, 0xf8, 0xf8, 0xf8, 0xc8,
  0xf8, 0xf8, 0xf8, 0xf8, 0xf8, 0xf8, 0xf8, 0xf8, 0xb8, 0x05, 0x07, 0x32, 0x01, 0xf8, 0xf8, 0xf8, 0xf8, 0xf8, 0xc8, 0xf8, 0xf8, 0xf8, 0xf8, 0xf8,
  0xf8, 0xf8, 0xf8, 0xf8, 0xf8, 0xf8, 0xf8, 0xf8, 0xf8, 0xf8, 0xf8, 0xf8, 0xf8, 0xf8, 0xf8, 0xf8, 0xf8, 0xf8, 0xf8, 0xf8, 0xf8, 0xf8, 0xf8, 0xf8,
  0xf8, 0xf8, 0xf8, 0xf8, 0xf8, 0xf8, 0xf8, 0xf8, 0xf8, 0xf8, 0xf8, 0xf8, 0xf8, 0xf8, 0xf8, 0xf8, 0xf8, 0xf8, 0xf8, 0xf8, 0xf8, 0xf8, 0xf8, 0xf8,
  0xf8, 0xf8, 0xf8, 0xf8, 0xf8, 0xf8, 0xf8, 0xf8, 0xf8, 0xf8, 0xf8, 0xf8, 0xf8, 0xf8, 0xf8, 0xf8, 0xf8, 0xf8, 0xf8, 0xf8, 0xf8, 0xf8, 0xf8, 0xf8,
  0xf8, 0xf8, 0xf8, 0xf8, 0xf8, 0xf8, 0xf8, 0xf8, 0xf8, 0xf8, 0xf8, 0xf8, 0xf8, 0xf8, 0xf8, 0xf8, 0xf8, 0xf8, 0xf8, 0xf8, 0xf8, 0xf8, 0xf8, 0xf8,
  0xf8, 0xf8, 0xf8, 0xf8, 0xf8, 0xf8, 0xf8, 0xf8, 0xf8, 0xf8, 0xf8, 0xf8, 0xf8, 0xf8, 0xf8, 0xf8, 0xf8, 0xf8, 0xf8, 0xf8, 0xf8, 0xf8, 0xf8, 0xf8,
  0xf8, 0xf8, 0xf8, 0xf8, 0xf8, 0xf8, 0xf8, 0xf8, 0xf8, 0xf8, 0xf8, 0xf8, 0xf8, 0xf8, 0xf8, 0xf8, 0xf8, 0xf8, 0xf8, 0xf8, 0xf8, 0xf8, 0xf8, 0xf8,
  0xf8, 0xf8, 0xf8, 0xf8, 0xf8, 0xf8, 0xf8, 0xf8, 0xf8, 0xf8, 0xf8, 0xf8, 0xf8, 0xf8, 0xf8, 0xf8, 0xf8, 0xf8, 0xf8, 0xf8, 0xf8, 0xf8, 0xf8, 0xf8,
  0xf8, 0xf8, 0xf8, 0xf8, 0xf8, 0xf8, 0xf8, 0xf8, 0xf8, 0xf8, 0xf8, 0xf8, 0xf8, 0xf8, 0xf8, 0xf8, 0xf8, 0xf8, 0xf8, 0xf8, 0xf8, 0xf8, 0xf8, 0xf8,
  0xf8, 0xf8, 0xf8, 0xf8, 0xf8, 0xf8, 0xf8, 0xf8, 0xf8, 0xf8, 0xf8, 0xf8, 0xf8, 0xf8, 0xf8, 0xf8, 0xf8, 0xf8, 0xf8, 0xf8, 0xf8, 0xf8, 0xf8, 0xf8,
  0x28, 0x21, 0x65, 0x02, 0x05, 0xb2, 0xf8, 0xf8, 0x48, 0xf8, 0xf8, 0xf8, 0xf8, 0xf8, 0xf8, 0xf8, 0xf8, 0xf8, 0xf8, 0xf8, 0x18, 0x01, 0x03, 0xf0,
  0x60, 0x02, 0x0a, 0xf8, 0xf8, 0x28, 0xf8, 0xf8, 0xf8, 0xf8, 0xf8, 0xf8, 0xf8, 0xf8, 0xf8, 0xa8, 0x0a, 0x21, 0x05, 0x32, 0xd7, 0x04, 0x10, 0x59,
  0x2c, 0x00, 0xbc, 0x00, 0x04, 0x01, 0xf8, 0xf8, 0x18, 0xf8, 0xf8, 0xf8, 0xf8, 0xc8, 0x1f, 0xd1, 0xf8, 0xf8, 0xb8, 0x01, 0xe2, 0x17, 0x33, 0x00,
  0x0c, 0x06, 0x50, 0x66, 0x30, 0x09, 0x10, 0x19, 0x10, 0x8c, 0x06, 0x6c, 0x06, 0x00, 0x04, 0x01, 0xf8, 0xf8, 0x08, 0xf8, 0xb8, 0x01, 0xb5, 0xf2,
  0xd2, 0x07, 0xf4, 0x44, 0x02, 0x01, 0xf8, 0xf8, 0x98, 0x02, 0xf0, 0x40, 0x5c, 0x09, 0x4c, 0x06, 0x4c, 0x69, 0x4c, 0x66, 0x6c, 0x00, 0x06, 0x00,
  0x01, 0xf8, 0xf8, 0x08, 0xf8, 0xa8, 0x0a, 0x03, 0x10, 0x0c, 0x00, 0xfc, 0x00, 0xfc, 0x2c, 0x80, 0xe6, 0x00, 0x04, 0xf8, 0xf8, 0x78, 0x01, 0x02,
  0x04, 0x19, 0x00, 0x09, 0x6c, 0x40, 0xfc, 0x5c, 0x79, 0x5c, 0x36, 0x9c, 0x00, 0x03, 0x01, 0xf8, 0xf8, 0x08, 0xf8, 0x98, 0x05, 0x04, 0x09, 0x10,
  0x2c, 0x00, 0x7c, 0x20, 0xfc, 0x9c, 0x50, 0x96, 0x60, 0x02, 0x01, 0xf8, 0xf8, 0x58, 0x05, 0x0d, 0x00, 0x39, 0xfc, 0x6c, 0x09, 0x9c, 0x49, 0x7c,
  0x26, 0xcc, 0x03, 0x01, 0xf8, 0xf8, 0x08, 0xf8, 0x98, 0x04, 0x10, 0x19, 0xfc, 0xfc, 0xec, 0x76, 0x8c, 0x00, 0x02, 0xf8, 0xf8, 0x58, 0x02, 0x10,
  0x0d, 0x39, 0x4c, 0x39, 0xbc, 0x39, 0x5c, 0x09, 0x0c, 0x29, 0x6c, 0x56, 0xac, 0x20, 0x0a, 0xf8, 0xf8, 0x08, 0xf8, 0x98, 0x04, 0x00, 0x19, 0xfc,
  0xfc, 0xfc, 0x0c, 0x46, 0xac, 0x00, 0x02, 0xf8, 0xf8, 0x58, 0x05, 0x2d, 0xc9, 0xcc, 0x49, 0x1c, 0x09, 0x7c, 0xb6, 0x10, 0x2c, 0x60, 0x03, 0x01,
  0xf8, 0xf8, 0x08, 0xf8, 0x98, 0x04, 0x00, 0x09, 0xfc, 0xfc, 0xbc, 0x09, 0x4c, 0x46, 0x8c, 0x16, 0x00, 0x02, 0xf8, 0xf8, 0x58, 0x05, 0x0d, 0x00,
  0xd9, 0xcc, 0x09, 0x0c, 0x59, 0x1c, 0x19, 0x0c, 0x00, 0x1c, 0x00, 0x6c, 0x40, 0x13, 0x0c, 0x60, 0x04, 0x01, 0xf8, 0xf8, 0x18, 0xf8, 0x98, 0x04,
  0x00, 0x09, 0xfc, 0xfc, 0xfc, 0x1c, 0x46, 0x8c, 0x16, 0x00, 0x02, 0xf8, 0xf8, 0x58, 0x05, 0x0d, 0x89, 0x70, 0x0c, 0x56, 0x50, 0x1c, 0x10, 0x09,
  0x00, 0x03, 0x12, 0x07, 0xb2, 0x45, 0x0a, 0x05, 0x04, 0x23, 0x24, 0x03, 0x02, 0xf8, 0xf8, 0x28, 0xf8, 0x98, 0x04, 0x00, 0x09, 0xfc, 0x9c, 0x16,
  0x5c, 0x30, 0x06, 0x00, 0x9c, 0x00, 0x36, 0x00, 0x7c, 0x16, 0x09, 0x02, 0xf8, 0xf8, 0x58, 0x02, 0x10, 0x79, 0x70, 0x66, 0x60, 0x09, 0x03, 0x10,
  0x09, 0x07, 0xf8, 0x68, 0x4f, 0xf8, 0xf8, 0x58, 0xf8, 0x88, 0x0f, 0x04, 0x00, 0x09, 0x0c, 0x06, 0x20, 0x1c, 0x00, 0x7c, 0x26, 0x4c, 0x46, 0x0c,
  0x00, 0x1c, 0x29, 0x0c, 0x10, 0xac, 0x40, 0x2c, 0x40, 0x2c, 0x00, 0x02, 0xf8, 0xf8, 0x58, 0x01, 0x07, 0x03, 0x19, 0x3c, 0x09, 0xf3, 0x03, 0x54,
  0x07, 0x45, 0x0f, 0x11, 0xca, 0x01, 0x3f, 0x38, 0x21, 0x08, 0x11, 0xf8, 0xf8, 0x28, 0xf8, 0x98, 0x02, 0x04, 0x09, 0x26, 0xac, 0x56, 0x10, 0x96,
  0x0c, 0x07, 0x05, 0xf2, 0x42, 0x04, 0x10, 0x06, 0x20, 0x06, 0x00, 0x03, 0x02, 0x01, 0xf8, 0xf8, 0x78, 0x02, 0x50, 0x09, 0x07, 0xfa, 0x01, 0x4f,
  0x58, 0x7f, 0x31, 0x6f, 0x98, 0x02, 0x03, 0x01, 0xf8, 0xf8, 0x18, 0xf8, 0xa8, 0x01, 0x00, 0x06, 0x1c, 0x90, 0x46, 0x0c, 0x06, 0x40, 0x16, 0x40,
  0x03, 0x01, 0xf8, 0x58, 0x02, 0x30, 0x33, 0x07, 0xf8, 0xf8, 0x98, 0x01, 0x67, 0x0a, 0xf8, 0x78, 0x9f, 0x71, 0x6f, 0x18, 0x01, 0x2a, 0x01, 0x05,
  0x03, 0x0d, 0x03, 0x02, 0xf8, 0xf8, 0x08, 0xf8, 0xa8, 0x01, 0x55, 0x31, 0xc5, 0x01, 0x45, 0x41, 0x0f, 0x01, 0x7a, 0x11, 0x3f, 0x7a, 0x51, 0x1a,
  0x01, 0xf8, 0xf8, 0xf8, 0x78, 0x1f, 0x51, 0x2f, 0x31, 0x0f, 0x01, 0x1a, 0x1f, 0xfa, 0x1a, 0x11, 0x3f, 0x07, 0x43, 0x10, 0x0d, 0x00, 0x04, 0xf8,
  0xf8, 0x08, 0xf8, 0xf8, 0xf8, 0xd8, 0x3f, 0x21, 0xef, 0x01, 0x0f, 0xf8, 0xf8, 0xf8, 0xf8, 0xf8, 0x08, 0x05, 0x14, 0x07, 0x05, 0x0a, 0x01, 0xfa,
  0x1a, 0x01, 0x0a, 0x01, 0x0f, 0x02, 0x03, 0x00, 0x19, 0x1c, 0x19, 0x00, 0x07, 0xf8, 0xf8, 0x08, 0xf8, 0xb8, 0x0f, 0xf1, 0xf1, 0x01, 0x4f, 0x0a,
  0x01, 0xff, 0x01, 0x0a, 0x61, 0x0f, 0xf8, 0xf8, 0xf8, 0xa8, 0x0f, 0x05, 0x22, 0x75, 0x07, 0x00, 0x0d, 0x00, 0x02, 0x21, 0xfa, 0x4a, 0x08, 0x02,
  0x09, 0x40, 0x09, 0x00, 0x07, 0xf8, 0xf8, 0x08, 0xf8, 0xf8, 0xf8, 0xd8, 0xff, 0x8f, 0xf8, 0xf8, 0xf8, 0x08, 0xc2, 0x57, 0x10, 0x59, 0x1d, 0x09,
  0x1c, 0x00, 0x09, 0x00, 0x02, 0x21, 0xfa, 0x4a, 0x0f, 0x07, 0x19, 0x00, 0x39, 0x00, 0x07, 0xf8, 0xf8, 0x08, 0xf8, 0x98, 0x01, 0x02, 0x05, 0xf2,
  0xd2, 0x07, 0x02, 0x0a, 0x0f, 0x9a, 0x11, 0x4f, 0x01, 0x4a, 0x0f, 0x02, 0x47, 0x22, 0x0a, 0xf8, 0xf8, 0x58, 0x0f, 0x03, 0x60, 0x39, 0x60, 0x0d,
  0x09, 0x1e, 0x6d, 0x19, 0x00, 0x09, 0x0d, 0x02, 0x21, 0xfa, 0x4a, 0x0f, 0x07, 0x09, 0x00, 0x49, 0x00, 0x07, 0xf8, 0xf8, 0x08, 0xf8, 0x98, 0x02,
  0x10, 0x59, 0x1d, 0x09, 0x0d, 0x79, 0x7d, 0x39, 0x00, 0x0d, 0x01, 0x0a, 0x01, 0xba, 0x21, 0x7a, 0x03, 0x40, 0x0d, 0x10, 0x02, 0xf8, 0xf8, 0x58,
  0x0f, 0x04, 0xf0, 0x00, 0x29, 0x10, 0x0e, 0x3d, 0x39, 0x00, 0x09, 0x0d, 0x02, 0x21, 0xfa, 0x4a, 0x0f, 0x07, 0x09, 0x00, 0x39, 0x0d, 0x00, 0x07,
  0xf8, 0xf8, 0x08, 0xf8, 0x98, 0x02, 0x00, 0x0d, 0x00, 0x49, 0xfd, 0x5d, 0x10, 0x0d, 0x00, 0x01, 0x0a, 0x01, 0xba, 0x31, 0x5a, 0x01, 0x03, 0x70,
  0x05, 0xf8, 0xf8, 0x58, 0x01, 0x04, 0x20, 0x0c, 0x39, 0x10, 0x09, 0x20, 0x89, 0x2d, 0x49, 0x00, 0x09, 0x0d, 0x02, 0x21, 0xfa, 0x2a, 0x01, 0x0a,
  0x0f, 0x07, 0x19, 0x00, 0x29, 0x0d, 0x00, 0x07, 0xf8, 0xf8, 0x08, 0xf8, 0x98, 0x02, 0x10, 0x0d, 0x09, 0x00, 0x59, 0x70, 0x9e, 0x20, 0x0d, 0x00,
  0x01, 0x0a, 0x01, 0xea, 0x21, 0x3a, 0x01, 0x03, 0x10, 0x29, 0x00, 0x0d, 0x00, 0x05, 0xf8, 0xf8, 0x58, 0x01, 0x03, 0x00, 0x09, 0x1c, 0xf9, 0xa9,
  0x00, 0x09, 0x0d, 0x02, 0x11, 0xfa, 0x3a, 0x01, 0x0a, 0x0f, 0x07, 0x49, 0x1d, 0x00, 0x07, 0xf8, 0xf8, 0x08, 0xf8, 0x98, 0x02, 0x00, 0x0d, 0xf9,
  0xc9, 0x00, 0x09, 0x00, 0x01, 0x0a, 0x01, 0xea, 0x31, 0x2a, 0x0f, 0x03, 0x00, 0x39, 0x00, 0x09, 0x00, 0x05, 0xf8, 0xf8, 0x58, 0x01, 0x03, 0x00,
  0xf9, 0xd9, 0x00, 0x09, 0x0d, 0x02, 0x0f, 0x01, 0xfa, 0x3a, 0x11, 0x0f, 0x07, 0x49, 0x1d, 0x00, 0x07, 0xf8, 0xf8, 0x08, 0xf8, 0x98, 0x02, 0x00,
  0x0e, 0xf9, 0xc9, 0x00, 0x09, 0x00, 0x01, 0x0a, 0x01, 0xea, 0x31, 0x2a, 0x0f, 0x03, 0x0d, 0x00, 0x29, 0x00, 0x09, 0x00, 0x02, 0xf8, 0xf8, 0x58,
  0x0a, 0x03, 0x00, 0x09, 0x0c, 0xf9, 0xb9, 0x00, 0x09, 0x0d, 0x02, 0x0f, 0xfa, 0x4a, 0x01, 0x0a, 0x0f, 0x07, 0x09, 0x10, 0x19, 0x0e, 0x0d, 0x00,
  0x07, 0xf8, 0xf8, 0x08, 0xf8, 0x98, 0x02, 0x00, 0x0e, 0xf9, 0xc9, 0x00, 0x09, 0x00, 0x01, 0x0a, 0x01, 0xea, 0x61, 0x0f, 0x03, 0x0d, 0x00, 0x29,
  0x00, 0x09, 0x00, 0x02, 0xf8, 0xf8, 0x58, 0x0a, 0x03, 0x00, 0x09, 0x0c, 0xf9, 0xb9, 0x00, 0x09, 0x0d, 0x02, 0x0f, 0xfa, 0x6a, 0x0f, 0x07, 0x0d,
  0x00, 0x29, 0x1d, 0x00, 0x07, 0xf8, 0xf8, 0x08, 0xf8, 0x98, 0x02, 0x00, 0x0e, 0xf9, 0xc9, 0x00, 0x09, 0x00, 0x0a, 0x0f, 0xfa, 0x1a, 0x21, 0x0f,
  0x0a, 0x01, 0x03, 0x0d, 0x00, 0x29, 0x00, 0x09, 0x00, 0x02, 0xf8, 0xf8, 0x58, 0x0a, 0x03, 0x00, 0xf9, 0xd9, 0x00, 0x09, 0x0d, 0x02, 0x08, 0xfa,
  0x6a, 0x0f, 0x07, 0x0d, 0x0e, 0x00, 0x19, 0x2d, 0x07, 0xf8, 0xf8, 0x08, 0xf8, 0x98, 0x02, 0x00, 0x0e, 0xf9, 0xe9, 0x00, 0x05, 0x0f, 0xfa, 0x1a,
  0x11, 0x0f, 0x01, 0x1f, 0x03, 0x0d, 0x0e, 0x29, 0x00, 0x09, 0x00, 0x02, 0xf8, 0xf8, 0x58, 0x0a, 0x03, 0x00, 0xf9, 0xd9, 0x00, 0x09, 0x0d, 0x02,
  0x0f, 0xfa, 0x5a, 0x0f, 0x08, 0x07, 0x09, 0x0e, 0x00, 0x39, 0x0d, 0x07, 0xf8, 0xf8, 0x08, 0xf8, 0x98, 0x02, 0x00, 0x0e, 0xf9, 0xf9, 0x03, 0x02,
  0x11, 0x0a, 0x11, 0xda, 0x11, 0x0f, 0x0a, 0x05, 0x03, 0x0d, 0x0e, 0x0d, 0x19, 0x00, 0x09, 0x00, 0x02, 0xf8, 0xf8, 0x58, 0x0a, 0x03, 0x10, 0xf9,
  0xc9, 0x0d, 0x09, 0x0e, 0x00, 0x04, 0x0a, 0x0f, 0xfa, 0x11, 0x0a, 0x0f, 0x01, 0x02, 0x03, 0x79, 0x07, 0xf8, 0xf8, 0x08, 0xf8, 0x98, 0x02, 0x00,
  0x0e, 0xf9, 0xd9, 0x20, 0x04, 0x1f, 0x0a, 0x21, 0xca, 0x01, 0x0a, 0x08, 0x02, 0x00, 0x1b, 0x2d, 0x09, 0x00, 0x0c, 0x00, 0x02, 0xf8, 0xf8, 0x58,
  0x01, 0x03, 0x10, 0xf9, 0xc9, 0x1d, 0x0e, 0x00, 0x03, 0x01, 0x0f, 0x01, 0xda, 0x21, 0x0a, 0x08, 0x02, 0x19, 0x0e, 0x39, 0x0d, 0x09, 0x0d, 0x07,
  0xf8, 0xf8, 0x08, 0xf8, 0x98, 0x02, 0x00, 0x0e, 0x0d, 0xf9, 0xc9, 0x10, 0x0d, 0x04, 0x0f, 0x1a, 0x11, 0xda, 0x01, 0x0a, 0x08, 0x02, 0x00, 0x1b,
  0x2d, 0x09, 0x00, 0x09, 0x00, 0x02, 0xf8, 0xf8, 0x58, 0x01, 0x03, 0x10, 0xf9, 0xc9, 0x0d, 0x09, 0x00, 0x0d, 0x04, 0x1f, 0x01, 0x0a, 0x01, 0x9a,
  0x01, 0x1a, 0x11, 0x0a, 0x08, 0x05, 0x00, 0x0d, 0x0e, 0x49, 0x1d, 0x07, 0xf8, 0xf8, 0x08, 0xf8, 0x98, 0x02, 0x00, 0x2d, 0xf9, 0xa9, 0x10, 0x0e,
  0x0d, 0x07, 0x08, 0x01, 0x0a, 0x01, 0xfa, 0x0a, 0x08, 0x01, 0x00, 0x1e, 0x3d, 0x09, 0x10, 0x02, 0xf8, 0xf8, 0x58, 0x01, 0x03, 0x00, 0x09, 0x0d,
  0xf9, 0xb9, 0x0d, 0x09, 0x10, 0x03, 0x1a, 0x21, 0x9a, 0x21, 0x2a, 0x08, 0x05, 0x03, 0x09, 0x0e, 0x59, 0x00, 0x07, 0xf8, 0xf8, 0x08, 0xf8, 0x98,
  0x02, 0x04, 0x03, 0x1d, 0xf9, 0xa9, 0x10, 0x1d, 0x03, 0x02, 0x0a, 0x01, 0xfa, 0x1a, 0x01, 0x07, 0x0b, 0x1e, 0x4d, 0x03, 0x04, 0x01, 0xf8, 0xf8,
  0x68, 0x02, 0x04, 0x00, 0x1d, 0xf9, 0xf9, 0x03, 0x02, 0x41, 0x8a, 0x11, 0x0a, 0x1f, 0x02, 0x03, 0x1e, 0x00, 0x49, 0x03, 0x07, 0x01, 0xf8, 0xf8,
  0x08, 0xf8, 0xb8, 0x07, 0x09, 0x0e, 0xf9, 0xb9, 0x1d, 0x0e, 0x0d, 0x0e, 0x01, 0x08, 0x3a, 0x21, 0x9a, 0x01, 0x04, 0x00, 0x0b, 0x1e, 0x2d, 0x0e,
  0x0d, 0x02, 0xf8, 0xf8, 0x98, 0x0f, 0x03, 0x10, 0xf9, 0xf9, 0x00, 0x07, 0x0f, 0x31, 0x8a, 0x11, 0x0a, 0x0f, 0x08, 0x07, 0x00, 0x0e, 0x0d, 0x39,
  0x00, 0x09, 0x04, 0xf8, 0xf8, 0x28, 0xf8, 0xb8, 0x02, 0x00, 0x1e, 0xf9, 0xa9, 0x3d, 0x00, 0x02, 0x01, 0x3a, 0x31, 0x4a, 0x21, 0x0a, 0x01, 0x03,
  0x00, 0x0b, 0x0e, 0x3d, 0x0e, 0x0d, 0x07, 0xf8, 0xf8, 0x98, 0x0a, 0x03, 0x10, 0xf9, 0xf9, 0x09, 0x03, 0x02, 0x21, 0x9a, 0x01, 0x0a, 0x0f, 0x0a,
  0x02, 0x03, 0x1e, 0x49, 0x00, 0x09, 0x04, 0x01, 0xf8, 0xf8, 0x18, 0xf8, 0xb8, 0x02, 0x0d, 0x00, 0x0d, 0xf9, 0xb9, 0x2d, 0x19, 0x04, 0x11, 0x1a,
  0x11, 0x0f, 0x11, 0x3a, 0x21, 0x05, 0x04, 0x0b, 0x0d, 0x0e, 0x2d, 0x2e, 0x00, 0x02, 0xf8, 0xf8, 0x98, 0x01, 0x03, 0x0d, 0x00, 0xf9, 0xf9, 0x09,
  0x00, 0x03, 0x0a, 0x11, 0xba, 0x0f, 0x01, 0x03, 0x00, 0x0e, 0x0d, 0x49, 0x00, 0x09, 0x04, 0x0f, 0xf8, 0xf8, 0x18, 0xf8, 0xb8, 0x02, 0x10, 0xf9,
  0xf9, 0x19, 0x00, 0x02, 0x0a, 0x0f, 0x0a, 0x11, 0x1f, 0x11, 0x2a, 0x01, 0x0a, 0x01, 0x07, 0x00, 0x0d, 0x0e, 0x3d, 0x2e, 0x00, 0x02, 0xf8, 0xf8,
  0x98, 0x01, 0x10, 0xf9, 0xf9, 0x29, 0x00, 0x04, 0x02, 0x0f, 0x01, 0x8a, 0x1f, 0x02, 0x03, 0x0e, 0x2d, 0x59, 0x00, 0x04, 0xf8, 0xf8, 0x28, 0xf8,
  0xb8, 0x02, 0x00, 0x0d, 0xf9, 0xf9, 0x29, 0x0e, 0x04, 0x3f, 0x01, 0x4a, 0x01, 0x0f, 0x05, 0x04, 0x00, 0x0d, 0x0e, 0x4d, 0x1e, 0x00, 0x03, 0x01,
  0xf8, 0xf8, 0x98, 0x0a, 0x04, 0x2d, 0xf9, 0xf9, 0x19, 0x00, 0x03, 0x05, 0x0a, 0x01, 0x6a, 0x11, 0x05, 0x03, 0x00, 0x3d, 0x59, 0x00, 0x02, 0xf8,
  0xf8, 0x28, 0xf8, 0xb8, 0x0a, 0x07, 0x03, 0x09, 0x00, 0xf9, 0xf9, 0x29, 0x07, 0x02, 0x0a, 0x08, 0x4f, 0x08, 0x05, 0x02, 0x04, 0x00, 0x0d, 0x00,
  0x19, 0x2d, 0x1e, 0x0d, 0x04, 0x0a, 0xf8, 0xf8, 0xc8, 0x02, 0x1d, 0xf9, 0xf9, 0x29, 0x00, 0x03, 0x07, 0x2f, 0x08, 0x2f, 0x08, 0x02, 0x00, 0x0d,
  0x0e, 0x4d, 0x29, 0x00, 0x09, 0x03, 0x05, 0xf8, 0xf8, 0x38, 0xf8, 0xc8, 0x0a, 0x03, 0x09, 0x00, 0xf9, 0xf9, 0x29, 0x0d, 0x09, 0x02, 0x0f, 0x01,
  0x1f, 0x01, 0x0a, 0x0f, 0x03, 0x00, 0x2d, 0x29, 0x3d, 0x0e, 0x00, 0x04, 0xf8, 0xf8, 0xd8, 0x02, 0x00, 0x1d, 0xf9, 0xf9, 0x29, 0x00, 0x03, 0x07,
  0x62, 0x03, 0x00, 0x0d, 0x09, 0x4d, 0x29, 0x20, 0x01, 0xf8, 0xf8, 0x38, 0xf8, 0xc8, 0x02, 0x00, 0x0e, 0x00, 0xf9, 0xf9, 0x29, 0x0e, 0x0d, 0x13,
  0x34, 0x13, 0x00, 0x1d, 0x09, 0x1d, 0x19, 0x2d, 0x00, 0x0d, 0x03, 0x07, 0x0f, 0xf8, 0xf8, 0xc8, 0x02, 0x00, 0x1d, 0xf9, 0xf9, 0x09, 0x0d, 0x0e,
  0x8d, 0x29, 0x00, 0x09, 0x5d, 0x29, 0x00, 0x04, 0x01, 0xf8, 0xf8, 0x38, 0xf8, 0xc8, 0x01, 0x02, 0x03, 0x09, 0x00, 0xf9, 0xf9, 0x19, 0x0d, 0x0e,
  0x8d, 0x0e, 0x3d, 0x39, 0x1d, 0x00, 0x02, 0xf8, 0xf8, 0xf8, 0x02, 0x09, 0x0d, 0x0e, 0x0d, 0xf9, 0xd9, 0x4d, 0x7e, 0x0d, 0x49, 0x5d, 0x00, 0x04,
  0x0f, 0xf8, 0xf8, 0x48, 0xf8, 0xd8, 0x0f, 0x03, 0x00, 0xf9, 0xf9, 0x29, 0x1d, 0x1e, 0x30, 0x2e, 0x3d, 0x59, 0x0d, 0x00, 0x05, 0xf8, 0xf8, 0xf8,
  0x0a, 0x03, 0x09, 0x0e, 0x1d, 0xf9, 0xc9, 0x5d, 0x5e, 0x2d, 0x39, 0x4d, 0x0e, 0x00, 0x07, 0xf8, 0xf8, 0x58, 0xf8, 0xe8, 0x01, 0x07, 0x00, 0xf9,
  0xf9, 0x19, 0x3d, 0x4e, 0x6d, 0x29, 0x00, 0x09, 0x03, 0x05, 0xf8, 0xf8, 0xf8, 0x18, 0x0a, 0x04, 0x09, 0x0e, 0x00, 0xf9, 0xe9, 0xcd, 0x59, 0x0d,
  0x0e, 0x0d, 0x03, 0x05, 0x01, 0xf8, 0xf8, 0x58, 0xf8, 0xf8, 0x02, 0xf9, 0xf9, 0x49, 0x0d, 0x5e, 0x0d, 0x0e, 0x4d, 0x29, 0x10, 0x03, 0x0a, 0xf8,
  0xf8, 0xf8, 0x28, 0x07, 0x09, 0x0e, 0x00, 0x1d, 0xf9, 0xf9, 0x19, 0x7d, 0x39, 0x4d, 0x00, 0x05, 0xf8, 0xf8, 0x68, 0xf8, 0xf8, 0x02, 0xf9, 0xf9,
  0x49, 0x8d, 0x0e, 0x3d, 0x39, 0x0d, 0x03, 0x01, 0xf8, 0xf8, 0xf8, 0x28, 0x07, 0x00, 0x0d, 0x0e, 0x1d, 0xf9, 0xf9, 0x29, 0x6d, 0x39, 0x3d, 0x00,
  0x03, 0x01, 0xf8, 0xf8, 0x68, 0xf8, 0xf8, 0x01, 0x02, 0x03, 0x00, 0x0e, 0xf9, 0xf9, 0x29, 0xbd, 0x09, 0x00, 0x09, 0x00, 0x07, 0x01, 0xf8, 0xf8,
  0xf8, 0x48, 0x02, 0x0e, 0x2d, 0xf9, 0xf9, 0x49, 0x6d, 0x19, 0x3d, 0x03, 0x01, 0xf8, 0xf8, 0x78, 0xf8, 0xf8, 0x18, 0x02, 0xf9, 0xc9, 0x00, 0x89,
  0xad, 0x09, 0x0d, 0x03, 0x01, 0xf8, 0xf8, 0xf8, 0x68, 0x07, 0x1d, 0xf9, 0xb9, 0x00, 0xc9, 0x2d, 0x19, 0x0d, 0x0e, 0x0d, 0x03, 0x01, 0xf8, 0xf8,
  0x88, 0xf8, 0xf8, 0x28, 0x02, 0x00, 0x09, 0x00, 0xf9, 0x79, 0x20, 0xa9, 0x3d, 0x2e, 0x0d, 0x00, 0x04, 0x01, 0xf8, 0xf8, 0xf8, 0x78, 0x0a, 0x07,
  0x0e, 0x00, 0xf9, 0xb9, 0x10, 0xa9, 0x2d, 0x19, 0x0d, 0x00, 0x03, 0x01, 0xf8, 0xf8, 0x98, 0xf8, 0xf8, 0x38, 0x07, 0x19, 0x00, 0xf9, 0x59, 0x40,
  0x99, 0x4d, 0x1e, 0x00, 0x04, 0x01, 0xf8, 0xf8, 0xf8, 0xa8, 0x07, 0x19, 0x00, 0x0c, 0xf9, 0xf9, 0x59, 0x1d, 0x09, 0x00, 0x0e, 0x0d, 0x00, 0x02,
  0xf8, 0xf8, 0xa8, 0xf8, 0xf8, 0x38, 0x0f, 0x07, 0x00, 0xf9, 0x69, 0x10, 0x0e, 0x10, 0x99, 0x0d, 0x1e, 0x3d, 0x03, 0x01, 0xf8, 0xf8, 0xf8, 0xb8,
  0x01, 0x02, 0x09, 0x00, 0xf9, 0x99, 0x00, 0xb9, 0x10, 0x19, 0x00, 0x03, 0x05, 0xf8, 0xf8, 0xb8, 0xf8, 0xf8, 0x58, 0x02, 0x00, 0xf9, 0x59, 0x10,
  0x2e, 0xa9, 0x2d, 0x00, 0x03, 0x00, 0x05, 0xf8, 0xf8, 0xf8, 0xe8, 0x04, 0x10, 0xf9, 0x99, 0x00, 0xc9, 0x0e, 0x13, 0x02, 0xf8, 0xf8, 0xc8, 0xf8,
  0xf8, 0x58, 0x0a, 0x02, 0x07, 0x03, 0x00, 0x09, 0x10, 0x09, 0x0d, 0xc9, 0x20, 0x2e, 0x00, 0x79, 0x10, 0x09, 0x10, 0x02, 0x21, 0xf8, 0xf8, 0xf8,
  0xe8, 0x01, 0x15, 0x03, 0x00, 0x49, 0x0d, 0xe9, 0x40, 0x99, 0x00, 0x0d, 0x04, 0x1f, 0xf8, 0xf8, 0xd8, 0xf8, 0xf8, 0x88, 0x05, 0x04, 0x03, 0x00,
  0x1e, 0x0d, 0xc9, 0x20, 0x2e, 0x0d, 0x99, 0x00, 0x04, 0x02, 0xf8, 0xf8, 0xf8, 0xf8, 0x58, 0x02, 0x04, 0x03, 0x00, 0x19, 0x3d, 0xd9, 0x10, 0x1e,
  0x79, 0x10, 0x04, 0x02, 0x01, 0xf8, 0xf8, 0xf8, 0xf8, 0xf8, 0xa8, 0x02, 0x29, 0x0d, 0x20, 0xa9, 0x00, 0x5e, 0x0d, 0x09, 0x00, 0x39, 0x00, 0x0d,
  0x04, 0x0f, 0xf8, 0xf8, 0xf8, 0xf8, 0x88, 0x02, 0x00, 0x03, 0x4e, 0x1d, 0xb9, 0x00, 0x0e, 0x3d, 0x0e, 0x00, 0x29, 0x00, 0x13, 0x01, 0xf8, 0xf8,
  0xf8, 0x18, 0xf8, 0xf8, 0xb8, 0x17, 0x03, 0x00, 0x0d, 0xd9, 0x4e, 0x1d, 0x09, 0x40, 0x02, 0x05, 0x01, 0xf8, 0xf8, 0xf8, 0xf8, 0x98, 0x01, 0x15,
  0x03, 0x00, 0x0d, 0x10, 0x1d, 0xb9, 0x5d, 0x10, 0x09, 0x10, 0x07, 0x0a, 0x11, 0xf8, 0xf8, 0xf8, 0x18, 0xf8, 0xf8, 0xd8, 0x02, 0x30, 0x99, 0x10,
  0x5e, 0x0d, 0x00, 0x33, 0x07, 0xf8, 0xf8, 0xf8, 0xf8, 0xf8, 0x02, 0x33, 0x00, 0x1d, 0xb9, 0x0d, 0x1e, 0x0d, 0x00, 0x33, 0x04, 0x01, 0xf8, 0xf8,
  0xf8, 0x48, 0xf8, 0xf8, 0xe8, 0x3a, 0x03, 0x00, 0x99, 0x5d, 0x00, 0x02, 0x31, 0x0f, 0xf8, 0xf8, 0xf8, 0xf8, 0xf8, 0x08, 0x0f, 0x11, 0x0f, 0x07,
  0x00, 0x59, 0x1c, 0x49, 0x2d, 0x00, 0x07, 0x3f, 0xf8, 0xf8, 0xf8, 0x68, 0xf8, 0xf8, 0xf8, 0x28, 0x07, 0x90, 0x63, 0x00, 0x02, 0xf8, 0xf8, 0xf8,
  0xf8, 0xf8, 0x98, 0x02, 0x80, 0x83, 0x02, 0xf8, 0xf8, 0xf8, 0xa8, 0xf8, 0xf8, 0xf8, 0x28, 0x01, 0x6a, 0x11, 0x5a, 0x01, 0x1a, 0xf8, 0xf8, 0xf8,
  0xf8, 0xf8, 0xb8, 0x11, 0x9a, 0x31, 0x1f, 0xf8, 0xf8, 0xf8, 0xb8, 0xf8, 0xf8, 0xf8, 0xf8, 0xf8, 0xf8, 0xf8, 0xf8, 0xf8, 0xf8, 0xf8, 0xf8, 0xf8,
  0xf8, 0xf8, 0xf8, 0xf8, 0xf8, 0xf8, 0xf8, 0xf8, 0xf8, 0xf8, 0xf8, 0xf8, 0xf8, 0xf8, 0xf8, 0xf8, 0xf8, 0xf8, 0xf8, 0xf8, 0xf8, 0xf8, 0xf8, 0xf8,
  0xf8, 0xf8, 0xf8, 0xf8, 0xf8, 0xf8, 0xf8, 0xf8, 0xf8, 0xf8, 0xf8, 0xf8, 0xf8, 0xf8, 0xf8, 0xf8, 0xf8, 0xf8, 0xf8, 0xf8, 0xf8, 0xf8, 0xf8, 0xf8,
  0xf8, 0xf8, 0xf8, 0xf8, 0xf8, 0xf8, 0xf8, 0xf8, 0xf8, 0xf8, 0xf8, 0xf8, 0xf8, 0xf8, 0xf8, 0xf8, 0xf8, 0xf8, 0xf8, 0xf8, 0xf8, 0xf8, 0xf8, 0xf8,
  0xf8, 0xf8, 0xf8, 0xf8, 0xf8, 0xf8, 0xf8, 0xf8, 0xf8, 0xf8, 0xf8, 0xf8, 0xf8, 0xf8, 0xf8, 0xf8, 0xf8, 0xf8, 0xf8, 0xf8, 0xf8, 0xf8, 0xf8, 0xf8,
  0xf8, 0xf8, 0xf8, 0xf8, 0xf8, 0xf8, 0xf8, 0xf8, 0xf8, 0xf8, 0xf8, 0xf8, 0xf8, 0xf8, 0xf8, 0xf8, 0xf8, 0xf8, 0xf8, 0xf8, 0xf8, 0xf8, 0xf8, 0xf8,
  0xf8, 0xf8, 0xf8, 0xf8, 0xf8, 0xf8, 0xf8, 0xf8, 0xf8, 0xf8, 0xf8, 0xf8, 0xf8, 0xf8, 0xf8, 0xf8, 0xf8, 0xf8, 0xf8, 0xf8, 0xf8, 0xf8, 0xf8, 0x38,
  0x05, 0x02, 0x25, 0x52, 0xf5, 0x25, 0x52, 0x25, 0x01, 0xf8, 0xf8, 0xf8, 0xf8, 0xf8, 0xf8, 0x38, 0xf8, 0xf8, 0xf8, 0xf8, 0xf8, 0xf8, 0x28, 0x02,
  0x00, 0x0b, 0xf0, 0xf0, 0x10, 0x0b, 0x10, 0x02, 0xf8, 0xf8, 0xf8, 0xf8, 0xf8, 0xf8, 0x38, 0xf8, 0xf8, 0xf8, 0xf8, 0xf8, 0xf8, 0x18, 0x01, 0x07,
  0x00, 0xfb, 0xfb, 0x4b, 0x00, 0x04, 0x05, 0xf8, 0xf8, 0xf8, 0xf8, 0xf8, 0xf8, 0x28, 0xf8, 0xf8, 0xf8, 0xf8, 0xf8, 0xf8, 0x08, 0x01, 0x03, 0x00,
  0xfb, 0xfb, 0x6b, 0x00, 0x0b, 0x05, 0xf8, 0xf8, 0xf8, 0xf8, 0xf8, 0xf8, 0x18, 0xf8, 0xf8, 0xf8, 0xf8, 0xf8, 0xf8, 0x08, 0x05, 0x03, 0xfb, 0xfb,
  0x8b, 0x03, 0x01, 0xf8, 0xf8, 0xf8, 0xf8, 0xf8, 0xf8, 0x18, 0xf8, 0xf8, 0xf8, 0xf8, 0xf8, 0xf8, 0x08, 0x05, 0x03, 0xfb, 0xfb, 0x9b, 0x01, 0xf8,
  0xf8, 0xf8, 0xf8, 0xf8, 0xf8, 0x18, 0xf8, 0xf8, 0xf8, 0xf8, 0xf8, 0xf8, 0x08, 0x05, 0x03, 0xfb, 0xfb, 0x9b, 0x01, 0xf8, 0xf8, 0xf8, 0xf8, 0xf8,
  0xf8, 0x18, 0xf8, 0xf8, 0xf8, 0xf8, 0xf8, 0xf8, 0x08, 0x05, 0x03, 0x00, 0xfb, 0xfb, 0x6b, 0x00, 0x0b, 0x01, 0xf8, 0xf8, 0xf8, 0xf8, 0xf8, 0xf8,
  0x18, 0xf8, 0xf8, 0xf8, 0xf8, 0xf8, 0xf8, 0x08, 0x01, 0x03, 0xfb, 0xfb, 0x8b, 0x03, 0x01, 0xf8, 0xf8, 0xf8, 0xf8, 0xf8, 0xf8, 0x18, 0xf8, 0xf8,
  0xf8, 0xf8, 0xf8, 0xf8, 0x18, 0x01, 0x04, 0xf0, 0xf0, 0x60, 0x04, 0x0f, 0xf8, 0xf8, 0xf8, 0xf8, 0xf8, 0xf8, 0x28, 0xf8, 0xf8, 0xf8, 0xf8, 0xf8,
  0xf8, 0x28, 0x05, 0xf4, 0xf4, 0x54, 0x03, 0x02, 0xf8, 0xf8, 0xf8, 0xf8, 0xf8, 0xf8, 0x38, 0xf8, 0xf8, 0xf8, 0xf8, 0xf8, 0xf8, 0xc8, 0xff, 0x5f,
  0x58, 0x1f, 0xf8, 0xf8, 0xf8, 0xf8, 0xf8, 0xf8, 0x48, 0xf8, 0xf8, 0xf8, 0xf8, 0xf8, 0xf8, 0xf8, 0xf8, 0xf8, 0xf8, 0xf8, 0xf8, 0xf8, 0xf8, 0xf8,
  0xf8, 0xf8, 0xf8, 0xf8, 0xf8, 0xf8, 0xf8, 0xf8, 0xf8, 0xf8, 0xf8, 0xf8, 0xf8, 0xf8, 0xf8, 0xf8, 0xf8, 0xf8, 0xf8, 0xf8, 0xf8, 0xf8, 0xf8, 0xf8,
  0xf8, 0xf8, 0xf8, 0xf8, 0xf8, 0xf8, 0xf8, 0xf8, 0xf8, 0xf8, 0xf8, 0xf8, 0xf8, 0xf8, 0xf8, 0xf8, 0xf8, 0xf8, 0xf8, 0xf8, 0xf8, 0xf8, 0xf8, 0xf8,
  0xf8, 0xf8, 0xf8, 0xf8, 0xf8, 0xf8, 0xf8, 0xf8, 0xf8, 0xf8, 0xf8, 0xf8, 0xf8, 0xf8, 0xf8, 0xf8, 0xf8, 0xf8, 0xf8, 0xf8, 0xf8, 0xf8, 0xf8, 0xf8,
  0xf8, 0xf8, 0xf8, 0xf8, 0xf8, 0xf8, 0xf8, 0xf8, 0xf8, 0xf8, 0xf8, 0xf8, 0xf8, 0xf8, 0xf8, 0xf8, 0xf8, 0xf8, 0xf8, 0xf8, 0xf8, 0xf8, 0xf8, 0xf8,
  0xf8, 0xf8, 0xf8, 0xf8, 0xf8, 0xf8, 0xf8, 0xf8, 0xf8, 0xf8, 0xf8, 0xf8, 0xf8, 0xf8, 0xf8, 0xf8, 0xf8, 0xf8, 0xf8, 0xf8, 0xf8, 0xf8, 0xf8, 0xf8,
  0xf8, 0xf8, 0xf8, 0xf8, 0xf8, 0xf8, 0xf8, 0xf8, 0xf8, 0xf8, 0xf8, 0xf8, 0xf8, 0xf8, 0xf8, 0xf8, 0xf8, 0xf8, 0xf8, 0xf8, 0xf8, 0xf8, 0xf8, 0xf8,
  0xf8, 0xf8, 0xf8, 0xf8, 0xf8, 0xf8, 0xf8, 0xf8, 0xf8, 0xf8, 0xf8, 0xf8, 0xf8, 0xf8, 0xf8, 0xf8, 0xf8, 0xf8, 0xf8, 0xf8, 0xf8, 0xf8, 0xf8, 0xf8,
  0xf8, 0xf8, 0xf8, 0xf8, 0xf8, 0xf8, 0xf8, 0xf8, 0xf8, 0xf8, 0xf8, 0xf8, 0xf8, 0xf8, 0xf8, 0xf8, 0xf8, 0xf8, 0xf8, 0xf8, 0xf8, 0xf8, 0xf8, 0xf8,
  0xf8, 0xf8, 0xf8, 0xf8, 0xf8, 0xf8, 0xf8, 0xf8, 0xf8, 0xf8, 0xf8, 0xf8, 0xf8, 0xf8, 0xf8, 0xf8, 0xf8, 0xf8, 0xf8, 0xf8, 0xf8, 0xf8, 0xf8, 0xf8,
  0xf8, 0xf8, 0xf8, 0xf8, 0xf8, 0xf8, 0xf8, 0xf8, 0xf8, 0xf8, 0xf8, 0xf8, 0xf8, 0xf8, 0xf8, 0xf8, 0xf8, 0xf8, 0xf8, 0xf8, 0xf8, 0xf8, 0xf8, 0xf8,
  0xf8, 0xf8, 0xf8, 0xf8, 0xf8, 0xf8, 0xf8, 0xf8, 0xf8, 0xf8, 0xf8, 0xf8, 0xf8, 0xf8, 0xf8, 0xf8, 0xf8, 0xf8, 0xf8, 0xf8, 0xf8, 0xf8, 0xf8, 0xf8,
  0xf8, 0xf8, 0xf8, 0xf8, 0xf8, 0xf8, 0xf8, 0xf8, 0xf8, 0xf8, 0xf8, 0xf8, 0xf8, 0xf8, 0xf8, 0xf8, 0xf8, 0xf8, 0xf8, 0xf8, 0xf8, 0xf8, 0xf8, 0xf8,
  0xf8, 0xf8, 0xf8, 0xf8, 0xf8, 0xf8, 0xf8, 0xf8, 0xf8, 0xf8, 0xf8, 0xf8, 0xf8, 0xf8, 0xf8, 0xf8, 0xf8, 0xf8, 0xf8, 0xf8, 0xf8, 0xf8, 0xf8, 0xf8,
  0xf8, 0xf8, 0xf8, 0xf8, 0xf8, 0xf8, 0xf8, 0xf8, 0xf8, 0xf8, 0xf8, 0xf8, 0xf8, 0xf8, 0xf8, 0xf8, 0xf8, 0xf8, 0xf8, 0xf8, 0xf8, 0xf8, 0xf8, 0xf8,
  0xf8, 0xf8, 0xf8, 0xf8, 0xf8, 0xf8, 0xf8, 0xf8, 0xf8, 0xf8, 0xf8, 0xf8, 0xf8, 0xf8, 0xf8, 0xf8, 0xf8, 0xf8, 0xf8, 0xf8, 0xf8, 0xf8, 0xf8, 0xf8,
  0xf8, 0xf8, 0xf8, 0xf8, 0xf8, 0xf8, 0xf8, 0xf8, 0xf8, 0xf8, 0xf8, 0xf8, 0xf8, 0xf8, 0xf8, 0xf8, 0xf8, 0xf8, 0xf8, 0xf8, 0xf8, 0xf8, 0xf8, 0xf8,
  0xf8, 0xf8, 0xf8, 0xf8, 0xf8, 0xf8, 0xf8, 0xf8, 0xf8, 0xf8, 0xf8, 0xf8, 0xf8, 0xf8, 0xf8, 0xf8, 0xf8, 0xf8, 0xf8, 0xf8, 0xf8, 0xf8, 0xf8, 0xf8,
  0xf8, 0xf8, 0xf8, 0xf8, 0xf8, 0xf8, 0xf8, 0xf8, 0xf8, 0xf8, 0xf8, 0xf8, 0xf8, 0xf8, 0xf8, 0xf8, 0xf8, 0xf8, 0xf8, 0xf8, 0xf8, 0xf8, 0xf8, 0xf8,
  0xf8, 0xf8, 0xf8, 0xf8, 0xf8, 0xf8, 0xf8, 0xf8, 0xf8, 0xf8, 0xf8, 0xf8, 0xf8, 0xf8, 0xf8, 0xf8, 0xf8, 0xf8, 0xf8, 0xf8, 0xf8, 0xf8, 0xf8, 0xf8,
  0xf8, 0xf8, 0xf8, 0xf8, 0xf8, 0xf8, 0xf8, 0xf8, 0xf8, 0xf8, 0xf8, 0xf8, 0xf8, 0xf8, 0xf8, 0xf8, 0xf8, 0xf8, 0xf8, 0xf8, 0xf8, 0xf8, 0xf8, 0xf8,
  0xf8, 0xf8, 0xf8, 0xf8, 0xf8, 0xf8, 0xf8, 0xf8, 0xf8, 0xf8, 0xf8, 0xf8, 0xf8, 0xf8, 0xf8, 0xf8, 0xf8, 0xf8, 0xf8, 0xf8, 0xf8, 0xf8, 0xf8, 0xf8,
  0xf8, 0xf8, 0xf8, 0xf8, 0xf8, 0xf8, 0xf8, 0xf8, 0xf8, 0xf8, 0xf8, 0xf8, 0xf8, 0xf8, 0xf8, 0xf8, 0xf8, 0xf8, 0xf8, 0xf8, 0xf8, 0xf8, 0xf8, 0xf8,
  0xf8, 0xf8, 0xf8, 0xf8, 0xf8, 0xf8, 0xf8, 0xf8, 0xf8, 0xf8, 0xf8, 0xf8,
};

static const uint16_t FACE_13_PALETTE[16] PROGMEM = {
  0x0000, 0x1e9f, 0xf2d4, 0xef9f, 0x0d9c, 0x0aad, 0x0372, 0x0189, 0x0c76, 0xfd1a, 0x42ad, 0xb2b4, 0x5d5c, 0xa53a, 0x998c, 0x6929
};
static const uint8_t FACE_13_RUNS[] PROGMEM = {
  0xf0, 0xf0, 0xf0, 0xf0, 0xf0, 0xf0, 0xf0, 0xf0, 0xf0, 0xf0, 0xf0, 0xf0, 0xf0, 0xf0, 0xf0, 0xf0, 0xf0, 0xf0, 0xf0, 0xf0, 0xf0, 0xf0, 0xf0, 0xf0,
  0xf0, 0xf0, 0xf0, 0xf0, 0xf0, 0xf0, 0xf0, 0xf0, 0xf0, 0xf0, 0xf0, 0xf0, 0xf0, 0xf0, 0xf0, 0xf0, 0xf0, 0xf0, 0xf0, 0xf0, 0xf0, 0xf0, 0xf0, 0xf0,
  0xf0, 0xf0, 0xf0, 0xf0, 0xf0, 0xf0, 0xf0, 0xf0, 0xf0, 0xf0, 0xf0, 0xf0, 0xf0, 0xf0, 0xf0, 0xf0, 0xf0, 0xf0, 0xf0, 0xf0, 0xf0, 0xf0, 0xf0, 0xf0,
  0xf0, 0xf0, 0xf0, 0xf0, 0xf0, 0xf0, 0xf0, 0xf0, 0xf0, 0xf0, 0xf0, 0xf0, 0xf0, 0xf0, 0xf0, 0xf0, 0xf0, 0xf0, 0xf0, 0xf0, 0xf0, 0xf0, 0xf0, 0xf0,
  0xf0, 0xf0, 0xf0, 0xf0, 0xf0, 0xf0, 0xf0, 0xf0, 0xf0, 0xf0, 0xf0, 0xf0, 0xf0, 0xf0, 0xf0, 0xf0, 0xf0, 0xf0, 0xf0, 0xf0, 0xf0, 0xf0, 0xf0, 0xf0,
  0xf0, 0xf0, 0xf0, 0xf0, 0xf0, 0xf0, 0xf0, 0xf0, 0xf0, 0xf0, 0xf0, 0xf0, 0xf0, 0xf0, 0xf0, 0xf0, 0xf0, 0xf0, 0xf0, 0xf0, 0xf0, 0xf0, 0xf0, 0xf0,
  0xf0, 0xf0, 0xf0, 0xf0, 0xf0, 0xf0, 0xf0, 0xf0, 0xf0, 0xf0, 0xf0, 0xf0, 0xf0, 0xf0, 0xf0, 0xf0, 0xf0, 0xf0, 0xf0, 0xf0, 0xf0, 0xf0, 0xf0, 0xf0,
  0xf0, 0xf0, 0xf0, 0xf0, 0xf0, 0xf0, 0xf0, 0xf0, 0xf0, 0xf0, 0xf0, 0xf0, 0xf0, 0xf0, 0xf0, 0xf0, 0xf0, 0xf0, 0xf0, 0xf0, 0xf0, 0xf0, 0xf0, 0xf0,
  0xf0, 0xf0, 0xf0, 0xf0, 0xf0, 0xf0, 0xf0, 0xf0, 0xf0, 0xf0, 0xf0, 0xf0, 0xf0, 0xf0, 0xf0, 0xf0, 0xf0, 0xf0, 0xf0, 0xf0, 0xf0, 0xf0, 0xf0, 0xf0,
  0xf0, 0xf0, 0xf0, 0xf0, 0xf0, 0xf0, 0xf0, 0xf0, 0xf0, 0xf0, 0xf0, 0xf0, 0xf0, 0xf0, 0xf0, 0xf0, 0xf0, 0xf0, 0xf0, 0xf0, 0xf0, 0xf0, 0xf0, 0xf0,
  0xf0, 0xf0, 0xf0, 0xf0, 0xf0, 0xf0, 0xf0, 0xf0, 0xf0, 0xf0, 0xf0, 0xf0, 0xf0, 0xf0, 0xf0, 0xf0, 0xf0, 0xf0, 0xf0, 0xf0, 0xf0, 0xf0, 0xf0, 0xf0,
  0xf0, 0xf0, 0xf0, 0xf0, 0xf0, 0xf0, 0xf0, 0xf0, 0xf0, 0xf0, 0xf0, 0xf0, 0xf0, 0xf0, 0xf0, 0xf0, 0xf0, 0xf0, 0xf0, 0xf0, 0xf0, 0xf0, 0xf0, 0xf0,
  0x70, 0x15, 0xa7, 0x05, 0x07, 0xf0, 0xf0, 0xf0, 0xf0, 0xf0, 0xf0, 0x00, 0xe5, 0xf0, 0xf0, 0xf0, 0x80, 0xf0, 0xf0, 0xf0, 0x60, 0x07, 0xe1, 0x06,
  0xf0, 0xf0, 0xf0, 0xf0, 0xf0, 0xc0, 0x07, 0x00, 0x07, 0xe1, 0x06, 0xf0, 0xf0, 0xf0, 0x70, 0xf0, 0xf0, 0xf0, 0x20, 0x07, 0x18, 0x06, 0x04, 0x51,
  0x74, 0x01, 0x04, 0x28, 0xf0, 0xf0, 0xf0, 0xf0, 0xf0, 0x80, 0x06, 0x01, 0x14, 0x11, 0x14, 0x11, 0x74, 0x01, 0x04, 0x36, 0x07, 0xf0, 0xf0, 0xf0,
  0x20, 0xf0, 0xf0, 0xf0, 0x00, 0x05, 0x07, 0x04, 0x71, 0x64, 0x71, 0x06, 0x05, 0xf0, 0xf0, 0xf0, 0xf0, 0xf0, 0x40, 0x05, 0x08, 0x04, 0x51, 0x64,
  0x01, 0x04, 0x71, 0x04, 0x07, 0xf0, 0xf0, 0xf0, 0x10, 0xf0, 0xf0, 0xf0, 0x06, 0x11, 0x34, 0x61, 0x34, 0x51, 0x24, 0x11, 0x08, 0xf0, 0xf0, 0xf0,
  0xf0, 0xf0, 0x20, 0x08, 0x04, 0x21, 0x14, 0x31, 0x74, 0x31, 0x64, 0xf0, 0xf0, 0xf0, 0x00, 0xf0, 0xf0, 0xc0, 0x07, 0x16, 0x04, 0x11, 0x04, 0x11,
  0x04, 0x61, 0x44, 0x91, 0x04, 0x06, 0xf0, 0xf0, 0xf0, 0xf0, 0xf0, 0x00, 0x06, 0x11, 0x04, 0x71, 0x64, 0xb1, 0x04, 0x06, 0xf0, 0xf0, 0xe0, 0xf0,
  0xf0, 0xb0, 0x07, 0x04, 0x21, 0x44, 0x81, 0x34, 0x81, 0x14, 0x01, 0x06, 0xf0, 0xf0, 0xf0, 0xf0, 0xd0, 0x07, 0x11, 0x04, 0x91, 0x64, 0x91, 0x24,
  0x01, 0x06, 0xf0, 0xf0, 0xd0, 0xf0, 0xf0, 0xa0, 0x06, 0x14, 0x01, 0x04, 0x11, 0x24, 0x81, 0x54, 0x81, 0x04, 0x01, 0x06, 0xf0, 0xf0, 0xf0, 0xf0,
  0xd0, 0x07, 0xc1, 0x64, 0xa1, 0x44, 0x06, 0xf0, 0xf0, 0xb0, 0xf0, 0xf0, 0x80, 0x07, 0x04, 0x51, 0x44, 0x51, 0x84, 0x71, 0x04, 0x01, 0x06, 0xf0,
  0xf0, 0xf0, 0xf0, 0xd0, 0x07, 0x04, 0xa1, 0x74, 0xf1, 0x14, 0xf0, 0xf0, 0xa0, 0xf0, 0xf0, 0x80, 0x06, 0x11, 0x04, 0x31, 0x54, 0x01, 0x04, 0xc1,
  0x24, 0x21, 0x14, 0x01, 0x06, 0xf0, 0xf0, 0xf0, 0xf0, 0xe0, 0x04, 0x51, 0x14, 0xf1, 0x91, 0x04, 0x11, 0x08, 0x07, 0xf0, 0xf0, 0x80, 0xf0, 0xf0,
  0x60, 0x07, 0x04, 0x01, 0x04, 0x61, 0x34, 0x01, 0x04, 0x01, 0x64, 0x38, 0x16, 0x04, 0x11, 0x34, 0x11, 0x06, 0xf0, 0xf0, 0xf0, 0xf0, 0xe0, 0x21,
  0x14, 0x31, 0x04, 0x16, 0x58, 0x14, 0x18, 0x04, 0xd1, 0x04, 0x01, 0x04, 0xf0, 0xf0, 0x80, 0xf0, 0xf0, 0x70, 0x91, 0x24, 0x31, 0x06, 0xb0, 0x06,
  0x14, 0x41, 0x04, 0x05, 0xf0, 0xf0, 0xf0, 0xf0, 0xe0, 0x05, 0x04, 0x41, 0x14, 0x06, 0xb0, 0x04, 0x31, 0x14, 0x81, 0x04, 0x01, 0x04, 0x05, 0xf0,
  0xf0, 0x60, 0xf0, 0xf0, 0x50, 0x04, 0x01, 0x04, 0xb1, 0x04, 0x07, 0x15, 0xe0, 0x05, 0x04, 0x01, 0x04, 0x11, 0x07, 0xf0, 0xf0, 0xf0, 0xf0, 0xf0,
  0x00, 0x06, 0x01, 0x04, 0x11, 0x04, 0xe0, 0x05, 0x26, 0x04, 0xd1, 0x04, 0xf0, 0xf0, 0x60, 0xf0, 0xf0, 0x40, 0x06, 0x91, 0x14, 0x01, 0x14, 0x05,
  0xf0, 0xf0, 0xf0, 0xf0, 0xf0, 0xf0, 0xd0, 0x07, 0xf0, 0x30, 0x06, 0x04, 0x21, 0x24, 0x51, 0x04, 0x01, 0x04, 0x07, 0xf0, 0xf0, 0x40, 0xf0, 0xf0,
  0x30, 0x06, 0x11, 0x04, 0x91, 0x06, 0xf0, 0xf0, 0xf0, 0xf0, 0xf0, 0xf0, 0xf0, 0xf0, 0x60, 0x07, 0x05, 0x06, 0x11, 0x34, 0x41, 0x04, 0x01, 0x04,
  0xf0, 0xf0, 0x40, 0xf0, 0xf0, 0x20, 0x07, 0x04, 0xa1, 0x04, 0x08, 0xf0, 0xf0, 0xf0, 0xf0, 0xf0, 0xf0, 0xf0, 0xf0, 0xa0, 0x08, 0x44, 0x61, 0x04,
  0x07, 0xf0, 0xf0, 0x30, 0xf0, 0xf0, 0x10, 0x05, 0xb1, 0x04, 0xf0, 0xf0, 0xf0, 0xf0, 0xf0, 0xf0, 0xf0, 0xf0, 0xd0, 0x07, 0x04, 0x11, 0x04, 0x61,
  0x04, 0x01, 0x06, 0xf0, 0xf0, 0x20, 0xf0, 0xf0, 0x10, 0x06, 0x71, 0x04, 0x01, 0x04, 0x06, 0x07, 0xf0, 0xf0, 0xf0, 0xf0, 0xf0, 0xf0, 0xf0, 0xf0,
  0xe0, 0x05, 0x34, 0x51, 0x04, 0x01, 0x04, 0x07, 0xf0, 0xf0, 0x10, 0xf0, 0xf0, 0x07, 0x08, 0x71, 0x04, 0x11, 0x05, 0xf0, 0xf0, 0xf0, 0xf0, 0xf0,
  0xf0, 0xf0, 0xf0, 0xf0, 0x20, 0x06, 0x11, 0x04, 0x61, 0x14, 0x07, 0xf0, 0xf0, 0x00, 0xf0, 0xf0, 0x05, 0x11, 0x04, 0x41, 0x04, 0x01, 0x04, 0x06,
  0xf0, 0xf0, 0xf0, 0xf0, 0xf0, 0xf0, 0xf0, 0xf0, 0xf0, 0x40, 0x06, 0x04, 0x41, 0x04, 0x11, 0x04, 0x01, 0x05, 0xf0, 0xf0, 0x00, 0xf0, 0xf0, 0x05,
  0x11, 0x04, 0x31, 0x24, 0x06, 0xf0, 0xf0, 0xf0, 0xf0, 0xf0, 0xf0, 0xf0, 0xf0, 0xf0, 0x60, 0x07, 0x11, 0x04, 0x21, 0x04, 0x01, 0x04, 0x01, 0x05,
  0xf0, 0xf0, 0x00, 0xf0, 0xf0, 0x05, 0x11, 0x04, 0x51, 0x06, 0xf0, 0xf0, 0xf0, 0xf0, 0xf0, 0xf0, 0xf0, 0xf0, 0xf0, 0x80, 0x06, 0x24, 0x11, 0x04,
  0x01, 0x04, 0x01, 0x05, 0xf0, 0xf0, 0x00, 0xf0, 0xf0, 0x05, 0x11, 0x04, 0x11, 0x34, 0xf0, 0xf0, 0xf0, 0xf0, 0xf0, 0xf0, 0xf0, 0xf0, 0xf0, 0xa0,
  0x06, 0x01, 0x44, 0x11, 0x05, 0xf0, 0xf0, 0x00, 0xf0, 0xf0, 0x00, 0x06, 0x04, 0x41, 0x06, 0xf0, 0xf0, 0xf0, 0xf0, 0xf0, 0xf0, 0xf0, 0xf0, 0xf0,
  0xc0, 0x06, 0x04, 0x41, 0x06, 0xf0, 0xf0, 0x10, 0xf0, 0xf0, 0x10, 0x06, 0x21, 0x14, 0x07, 0xf0, 0xf0, 0xf0, 0xf0, 0xf0, 0xf0, 0xf0, 0xf0, 0xf0,
  0xd0, 0x06, 0x31, 0x04, 0xf0, 0xf0, 0x20, 0xf0, 0xf0, 0x20, 0x37, 0xf0, 0xf0, 0xf0, 0xf0, 0xf0, 0xf0, 0xf0, 0xf0, 0xf0, 0xf0, 0x00, 0x47, 0xf0,
  0xf0, 0x20, 0xf0, 0xf0, 0xf0, 0xf0, 0xf0, 0xf0, 0xf0, 0xf0, 0xf0, 0xf0, 0xf0, 0xf0, 0xf0, 0xf0, 0xf0, 0xf0, 0xf0, 0xf0, 0xf0, 0xf0, 0xf0, 0xf0,
  0xf0, 0xf0, 0xf0, 0xf0, 0xf0, 0xf0, 0xf0, 0xf0, 0xf0, 0xf0, 0xf0, 0xf0, 0xf0, 0xf0, 0xf0, 0xf0, 0xf0, 0xf0, 0xf0, 0xf0, 0xf0, 0xf0, 0xf0, 0xf0,
  0xf0, 0xf0, 0xf0, 0xf0, 0xf0, 0xf0, 0xf0, 0xf0, 0xf0, 0xf0, 0xf0, 0xf0, 0xf0, 0xf0, 0xf0, 0xf0, 0xf0, 0xf0, 0xf0, 0xf0, 0xf0, 0xf0, 0xf0, 0xf0,
  0xf0, 0xf0, 0xf0, 0xf0, 0xf0, 0xf0, 0xf0, 0xf0, 0xf0, 0xf0, 0xf0, 0xf0, 0xf0, 0xf0, 0xf0, 0xf0, 0xf0, 0xf0, 0xf0, 0xf0, 0xf0, 0xf0, 0xf0, 0xf0,
  0xf0, 0xf0, 0xf0, 0xf0, 0xf0, 0xf0, 0xf0, 0xf0, 0xf0, 0xf0, 0xf0, 0xf0, 0xf0, 0xf0, 0xf0, 0xf0, 0xf0, 0xf0, 0xf0, 0xf0, 0xf0, 0xf0, 0xf0, 0xf0,
  0xf0, 0xf0, 0xf0, 0xf0, 0xf0, 0xf0, 0xf0, 0xf0, 0xf0, 0xf0, 0xf0, 0xf0, 0xf0, 0xf0, 0xf0, 0xf0, 0xf0, 0xf0, 0xf0, 0xf0, 0x00, 0xf5, 0x35, 0xf0,
  0xf0, 0xf0, 0xf0, 0xf0, 0xf0, 0x30, 0xf5, 0x35, 0xf0, 0xf0, 0xf0, 0x20, 0xf0, 0xf0, 0xf0, 0x00, 0xf1, 0x31, 0x05, 0xf0, 0xf0, 0xf0, 0xf0, 0xf0,
  0xf0, 0x20, 0x04, 0xf1, 0x21, 0x06, 0xf0, 0xf0, 0xf0, 0x10, 0xf0, 0xf0, 0xb0, 0x26, 0x05, 0x08, 0xf1, 0x31, 0x08, 0x45, 0xf0, 0xf0, 0xf0, 0xf0,
  0xf0, 0x80, 0x05, 0x16, 0x05, 0x06, 0xf1, 0x31, 0x04, 0x45, 0xf0, 0xf0, 0xc0, 0xf0, 0xf0, 0xa0, 0x06, 0xf1, 0xe1, 0x07, 0xf0, 0xf0, 0xf0, 0xf0,
  0xf0, 0x60, 0x07, 0xf1, 0xe1, 0x07, 0xf0, 0xf0, 0xb0, 0xf0, 0xf0, 0x80, 0x06, 0x08, 0x04, 0xf1, 0xe1, 0x08, 0x16, 0xf0, 0xf0, 0xf0, 0xf0, 0xf0,
  0x20, 0x24, 0xf1, 0xe1, 0x04, 0x18, 0xf0, 0xf0, 0x90, 0xf0, 0xf0, 0x70, 0x07, 0xf1, 0xf1, 0x41, 0x05, 0xf0, 0xf0, 0xf0, 0xf0, 0xf0, 0x00, 0x06,
  0xf1, 0xf1, 0x41, 0x05, 0xf0, 0xf0, 0x80, 0xf0, 0xf0, 0x50, 0x05, 0xf1, 0xf1, 0x71, 0x04, 0x05, 0xf0, 0xf0, 0xf0, 0xf0, 0xc0, 0x06, 0xf1, 0xf1,
  0x81, 0x05, 0xf0, 0xf0, 0x60, 0xf0, 0xf0, 0x50, 0x04, 0xf1, 0xf1, 0x81, 0x08, 0x17, 0xf0, 0xf0, 0xf0, 0xf0, 0x90, 0x05, 0x04, 0xf1, 0xf1, 0x81,
  0x08, 0x25, 0xf0, 0xf0, 0x30, 0xf0, 0xf0, 0x10, 0x07, 0x11, 0x04, 0xf1, 0xf1, 0xc1, 0x04, 0xf0, 0xf0, 0xf0, 0xf0, 0x50, 0x05, 0x01, 0x04, 0xf1,
  0xf1, 0xe1, 0xf0, 0xf0, 0x30, 0xf0, 0xf0, 0x00, 0x05, 0x04, 0xf1, 0xf1, 0xf1, 0x01, 0x06, 0xf0, 0xf0, 0xf0, 0xf0, 0x30, 0x05, 0x04, 0xf1, 0xf1,
  0xf1, 0x01, 0x06, 0xf0, 0xf0, 0x20, 0xf0, 0xf0, 0x07, 0xf1, 0x91, 0x24, 0xf1, 0x61, 0x08, 0xf0, 0xf0, 0xf0, 0xf0, 0x10, 0x05, 0xf1, 0x01, 0x64,
  0x01, 0x04, 0xf1, 0x91, 0x04, 0xf0, 0xf0, 0x10, 0xf0, 0xe0, 0x05, 0x04, 0xf1, 0x81, 0x04, 0x07, 0x30, 0x37, 0x00, 0x08, 0xf1, 0x06, 0xf0, 0xf0,
  0xf0, 0xf0, 0x05, 0x04, 0xe1, 0x04, 0x07, 0x00, 0x07, 0x40, 0x07, 0x00, 0x06, 0xf1, 0x91, 0x04, 0xf0, 0xf0, 0x00, 0xf0, 0xd0, 0x07, 0x04, 0xf1,
  0x61, 0x24, 0x06, 0x90, 0x05, 0x34, 0xc1, 0x08, 0xf0, 0xf0, 0xf0, 0xd0, 0x05, 0xd1, 0x24, 0x06, 0x90, 0x07, 0x24, 0xf1, 0x71, 0x08, 0xf0, 0xf0,
  0xf0, 0xc0, 0x07, 0xf1, 0x81, 0x05, 0x00, 0x07, 0xe0, 0x06, 0xd1, 0x08, 0xf0, 0xf0, 0xf0, 0xb0, 0x07, 0x04, 0xd1, 0x07, 0xf0, 0x07, 0x04, 0xf1,
  0x71, 0x08, 0xf0, 0xe0, 0xf0, 0xb0, 0x05, 0x04, 0xf1, 0x61, 0x04, 0x06, 0x07, 0x30, 0x27, 0x15, 0x27, 0x40, 0x05, 0x14, 0xc1, 0x08, 0xf0, 0xf0,
  0xf0, 0x90, 0x05, 0xc1, 0x04, 0x06, 0x05, 0x30, 0x65, 0x07, 0x50, 0x05, 0x08, 0x04, 0xf1, 0x61, 0x08, 0xf0, 0xd0, 0xf0, 0xb0, 0x08, 0xf1, 0x61,
  0x04, 0x07, 0x40, 0x07, 0x0d, 0x53, 0x0a, 0x60, 0x07, 0xd1, 0x08, 0xf0, 0xf0, 0xf0, 0x80, 0x05, 0xc1, 0x06, 0x40, 0x07, 0x63, 0x80, 0x07, 0xf1,
  0x71, 0x05, 0xf0, 0xc0, 0xf0, 0xb0, 0x05, 0xf1, 0x41, 0x04, 0x06, 0x05, 0x30, 0x05, 0x10, 0x63, 0x0d, 0x00, 0x0a, 0x40, 0x07, 0x05, 0x06, 0xb1,
  0x06, 0xf0, 0xf0, 0xf0, 0x80, 0x05, 0xa1, 0x04, 0x06, 0x07, 0x20, 0x07, 0x10, 0x63, 0x00, 0x0a, 0x05, 0x60, 0x06, 0x04, 0xf1, 0x51, 0x07, 0xf0,
  0xc0, 0xf0, 0xa0, 0x05, 0x04, 0xf1, 0x41, 0x06, 0x30, 0x17, 0x0d, 0xa3, 0x80, 0x08, 0xa1, 0x06, 0xf0, 0xf0, 0xf0, 0x70, 0x05, 0x04, 0x91, 0x04,
  0x07, 0x50, 0xa3, 0x80, 0x07, 0x04, 0xf1, 0x41, 0x06, 0xf0, 0xc0, 0xf0, 0x90, 0x07, 0xf1, 0x51, 0x08, 0x07, 0x30, 0x0a, 0xc3, 0x10, 0x07, 0x60,
  0x06, 0xa1, 0x08, 0xf0, 0xf0, 0xf0, 0x60, 0xa1, 0x04, 0x06, 0x40, 0x0d, 0xb3, 0x00, 0x07, 0x70, 0x07, 0x04, 0xf1, 0x41, 0x08, 0xf0, 0xb0, 0xf0,
  0x80, 0x05, 0x08, 0xf1, 0x41, 0x08, 0x40, 0x0a, 0x0d, 0xe3, 0x0a, 0x60, 0x07, 0x04, 0x91, 0x04, 0x06, 0xf0, 0xf0, 0xf0, 0x40, 0x05, 0x04, 0x81,
  0x04, 0x07, 0x30, 0x07, 0x0d, 0xe3, 0x80, 0x07, 0x08, 0xf1, 0x41, 0x06, 0xf0, 0xa0, 0xf0, 0x80, 0x04, 0xf1, 0x51, 0x05, 0x50, 0xf3, 0x0a, 0x70,
  0x07, 0x04, 0xa1, 0x05, 0xf0, 0xf0, 0xf0, 0x20, 0x06, 0xa1, 0x04, 0x50, 0xf3, 0x90, 0x05, 0xf1, 0x51, 0xf0, 0xa0, 0xf0, 0x80, 0x08, 0xf1, 0x41,
  0x06, 0x07, 0x20, 0x07, 0x05, 0x0d, 0xf3, 0x0a, 0x80, 0x06, 0xa1, 0x05, 0xf0, 0xf0, 0xf0, 0x20, 0x05, 0x91, 0x04, 0x06, 0x20, 0x07, 0x00, 0x0d,
  0xf3, 0x90, 0x07, 0x08, 0xf1, 0x31, 0x04, 0x07, 0xf0, 0x90, 0xf0, 0x70, 0x05, 0x04, 0xf1, 0x31, 0x04, 0x40, 0x0a, 0xf3, 0x13, 0x0a, 0x90, 0x05,
  0x04, 0x81, 0x08, 0x07, 0xf0, 0xf0, 0xf0, 0x00, 0x06, 0x04, 0x81, 0x04, 0x07, 0x30, 0x07, 0xf3, 0x13, 0xb0, 0x04, 0xf1, 0x31, 0x04, 0x05, 0xf0,
  0x80, 0xf0, 0x60, 0x05, 0xf1, 0x51, 0x04, 0x40, 0x05, 0xf3, 0x13, 0x0a, 0xa0, 0x04, 0x91, 0x04, 0xf0, 0xf0, 0xf0, 0x07, 0xa1, 0x04, 0x40, 0x07,
  0xf3, 0x13, 0xb0, 0x08, 0xf1, 0x41, 0x08, 0xf0, 0x80, 0xf0, 0x60, 0x05, 0xf1, 0x41, 0x08, 0x07, 0x40, 0x0a, 0xf3, 0x13, 0x0a, 0xa0, 0x04, 0x91,
  0x08, 0xf0, 0xf0, 0xf0, 0x07, 0xa1, 0x08, 0x40, 0x07, 0xf3, 0x13, 0xc0, 0x06, 0xf1, 0x31, 0x08, 0xf0, 0x80, 0xf0, 0x60, 0x05, 0xf1, 0x41, 0x07,
  0x50, 0x0a, 0xf3, 0x13, 0x05, 0xa0, 0x07, 0x06, 0x81, 0x08, 0xf0, 0xf0, 0xf0, 0x05, 0x91, 0x06, 0x50, 0x07, 0xf3, 0x13, 0xc0, 0x07, 0xf1, 0x31,
  0x08, 0xf0, 0x80, 0xf0, 0x60, 0x05, 0xf1, 0x41, 0x05, 0x50, 0x0a, 0xf3, 0x0d, 0x07, 0xc0, 0x05, 0x81, 0x08, 0xf0, 0xf0, 0xf0, 0x07, 0x91, 0x07,
  0x50, 0x07, 0xf3, 0x00, 0x07, 0xc0, 0x07, 0xf1, 0x31, 0x06, 0xf0, 0x80, 0xf0, 0x60, 0x05, 0xf1, 0x41, 0x05, 0x50, 0x05, 0xf3, 0xe0, 0x05, 0x81,
  0x04, 0xf0, 0xf0, 0xf0, 0x06, 0x91, 0x60, 0x07, 0xf3, 0xe0, 0x07, 0xf1, 0x31, 0x08, 0xf0, 0x80, 0xf0, 0x40, 0x05, 0x04, 0xf1, 0x41, 0x04, 0x05,
  0x50, 0x05, 0xe3, 0xf0, 0x06, 0x91, 0x04, 0x06, 0xf0, 0xf0, 0xc0, 0x04, 0xa1, 0x07, 0x60, 0xe3, 0x0a, 0xe0, 0x07, 0x04, 0xf1, 0x41, 0x06, 0xf0,
  0x60, 0xf0, 0x40, 0x05, 0xf1, 0x41, 0x08, 0x80, 0x0a, 0x00, 0xb3, 0x00, 0x07, 0xe0, 0x05, 0xa1, 0x08, 0xf0, 0xf0, 0xc0, 0xa1, 0x08, 0x70, 0x0a,
  0x00, 0xb3, 0xf0, 0x20, 0x06, 0xf1, 0x31, 0x08, 0xf0, 0x60, 0xf0, 0x40, 0x05, 0xf1, 0x41, 0x06, 0x90, 0x0a, 0xa3, 0xf0, 0x20, 0x07, 0x08, 0x81,
  0x08, 0xf0, 0xf0, 0xc0, 0x91, 0x06, 0xa0, 0xa3, 0xf0, 0x30, 0x06, 0xf1, 0x31, 0x08, 0xf0, 0x60, 0xf0, 0x40, 0x05, 0xf1, 0x41, 0x06, 0xa0, 0x0a,
  0x00, 0x63, 0x0d, 0x00, 0x07, 0xf0, 0x20, 0x06, 0x81, 0x08, 0xf0, 0xf0, 0xc0, 0x91, 0x06, 0x90, 0x05, 0x10, 0x63, 0xf0, 0x50, 0x06, 0xf1, 0x31,
  0x08, 0xf0, 0x60, 0xf0, 0x40, 0x05, 0xf1, 0x41, 0x06, 0xb0, 0x0a, 0x63, 0x07, 0xf0, 0x40, 0x06, 0x81, 0x08, 0xf0, 0xf0, 0xc0, 0x04, 0x81, 0x06,
  0xb0, 0x07, 0x63, 0xf0, 0x50, 0x06, 0xf1, 0x31, 0x08, 0xf0, 0x60, 0xf0, 0x40, 0x05, 0xf1, 0x41, 0x06, 0xb0, 0x07, 0x5a, 0x05, 0xf0, 0x50, 0x06,
  0x81, 0x04, 0xf0, 0xf0, 0xc0, 0x04, 0x81, 0x06, 0xc0, 0x57, 0xf0, 0x60, 0x06, 0xf1, 0x31, 0x08, 0xf0, 0x60, 0xf0, 0x40, 0x05, 0xf1, 0x41, 0x05,
  0xf0, 0xf0, 0x90, 0x06, 0x81, 0x04, 0xf0, 0xf0, 0xc0, 0x91, 0x06, 0xf0, 0xf0, 0x90, 0x05, 0xf1, 0x31, 0x08, 0xf0, 0x60, 0xf0, 0x40, 0x05, 0xf1,
  0x41, 0x05, 0xf0, 0xf0, 0x90, 0x06, 0x81, 0x04, 0xf0, 0xf0, 0xc0, 0x91, 0x06, 0xf0, 0xf0, 0x90, 0x05, 0xf1, 0x31, 0x08, 0xf0, 0x60, 0xf0, 0x40,
  0x05, 0xf1, 0x41, 0x05, 0xf0, 0xf0, 0x90, 0x06, 0x81, 0x04, 0xf0, 0xf0, 0xc0, 0x91, 0x06, 0xf0, 0xf0, 0x90, 0x05, 0xf1, 0x31, 0x08, 0xf0, 0x60,
  0xf0, 0x40, 0x05, 0xf1, 0x41, 0x05, 0xf0, 0xf0, 0x90, 0x06, 0x81, 0x04, 0xf0, 0xf0, 0xc0, 0x91, 0x05, 0xf0, 0xf0, 0x90, 0x05, 0xf1, 0x31, 0x08,
  0xf0, 0x60, 0xf0, 0x40, 0x05, 0xf1, 0x41, 0x05, 0xf0, 0xf0, 0x90, 0x06, 0x81, 0x04, 0xf0, 0xf0, 0xc0, 0x91, 0x05, 0xf0, 0xf0, 0x90, 0x05, 0xf1,
  0x31, 0x08, 0xf0, 0x60, 0xf0, 0x40, 0x05, 0xf1, 0x41, 0x05, 0xf0, 0xf0, 0x90, 0x06, 0x81, 0x04, 0xf0, 0xf0, 0xc0, 0x91, 0x05, 0xf0, 0xf0, 0x90,
  0x05, 0xf1, 0x31, 0x08, 0xf0, 0x60, 0xf0, 0x40, 0x05, 0xf1, 0x41, 0x05, 0xf0, 0xf0, 0x90, 0x06, 0x81, 0x04, 0xf0, 0xf0, 0xc0, 0x91, 0x05, 0xf0,
  0xf0, 0x90, 0x05, 0xf1, 0x31, 0x08, 0xf0, 0x60, 0xf0, 0x40, 0x05, 0xf1, 0x41, 0x05, 0xf0, 0xf0, 0x90, 0x06, 0x81, 0x04, 0xf0, 0xf0, 0xc0, 0x91,
  0x05, 0xf0, 0xf0, 0x90, 0x05, 0xf1, 0x31, 0x08, 0xf0, 0x60, 0xf0, 0x40, 0x05, 0xf1, 0x41, 0x05, 0xf0, 0xf0, 0x90, 0x06, 0x81, 0x04, 0xf0, 0xf0,
  0xc0, 0x91, 0x05, 0xf0, 0xf0, 0x90, 0x06, 0xf1, 0x31, 0x08, 0xf0, 0x60, 0xf0, 0x40, 0x05, 0xf1, 0x41, 0x05, 0xf0, 0xf0, 0x90, 0x06, 0x81, 0x04,
  0xf0, 0xf0, 0xc0, 0x04, 0x81, 0x05, 0xf0, 0xf0, 0x90, 0x05, 0xf1, 0x31, 0x08, 0xf0, 0x60, 0xf0, 0x40, 0x05, 0xf1, 0x41, 0x06, 0xf0, 0xf0, 0x90,
  0x06, 0x81, 0x04, 0xf0, 0xf0, 0xc0, 0x04, 0x81, 0x05, 0xf0, 0xf0, 0x90, 0x06, 0xf1, 0x31, 0x08, 0xf0, 0x60, 0xf0, 0x40, 0x05, 0xf1, 0x51, 0x04,
  0x07, 0xf0, 0xf0, 0x60, 0x05, 0x04, 0x81, 0x08, 0xf0, 0xf0, 0xc0, 0x04, 0x81, 0x04, 0x06, 0x07, 0xf0, 0xf0, 0x50, 0x07, 0x08, 0xf1, 0x41, 0x08,
  0xf0, 0x60, 0xf0, 0x40, 0x05, 0xf1, 0x61, 0x07, 0xf0, 0xf0, 0x50, 0x05, 0xa1, 0x08, 0xf0, 0xf0, 0xc0, 0xb1, 0x07, 0xf0, 0xf0, 0x50, 0x07, 0xf1,
  0x51, 0x08, 0xf0, 0x60, 0xf0, 0x40, 0x05, 0xf1, 0x61, 0x07, 0xf0, 0xf0, 0x50, 0x05, 0xa1, 0x08, 0xf0, 0xf0, 0xc0, 0x08, 0x04, 0x91, 0x07, 0xf0,
  0xf0, 0x50, 0x07, 0x04, 0xf1, 0x31, 0x08, 0x05, 0xf0, 0x60, 0xf0, 0x60, 0x08, 0xf1, 0x41, 0x07, 0xf0, 0xf0, 0x50, 0x07, 0x81, 0x04, 0x07, 0xf0,
  0xf0, 0xe0, 0x07, 0x91, 0x07, 0xf0, 0xf0, 0x60, 0xf1, 0x31, 0x08, 0xf0, 0x80, 0xf0, 0x60, 0x05, 0xf1, 0x41, 0x05, 0xf0, 0xf0, 0x50, 0x07, 0x81,
  0x08, 0xf0, 0xf0, 0xf0, 0x00, 0x04, 0x81, 0x05, 0x00, 0x07, 0xf0, 0xf0, 0x30, 0x06, 0xf1, 0x31, 0x08, 0xf0, 0x80, 0xf0, 0x60, 0x05, 0xf1, 0x51,
  0x06, 0xf0, 0xf0, 0x30, 0x06, 0x04, 0x81, 0x08, 0xf0, 0xf0, 0xf0, 0x00, 0x04, 0x91, 0x08, 0xf0, 0xf0, 0x30, 0x06, 0xf1, 0x41, 0x08, 0xf0, 0x80,
  0xf0, 0x60, 0x05, 0xf1, 0x51, 0x08, 0xf0, 0xf0, 0x30, 0x04, 0x91, 0x08, 0xf0, 0xf0, 0xf0, 0x00, 0x04, 0x91, 0x04, 0xf0, 0xf0, 0x30, 0x06, 0xf1,
  0x41, 0x08, 0xf0, 0x80, 0xf0, 0x60, 0x05, 0xf1, 0x51, 0x08, 0xf0, 0xf0, 0x30, 0x08, 0x91, 0x08, 0xf0, 0xf0, 0xf0, 0x00, 0x04, 0x91, 0x04, 0xf0,
  0xf0, 0x10, 0x07, 0x05, 0x04, 0xf1, 0x41, 0x06, 0xf0, 0x80, 0xf0, 0x60, 0x07, 0x04, 0xf1, 0x51, 0x04, 0x07, 0xf0, 0xf0, 0x07, 0x08, 0x04, 0x71,
  0x04, 0x06, 0xf0, 0xf0, 0xf0, 0x20, 0x08, 0x91, 0x06, 0x07, 0xf0, 0xf0, 0x07, 0xf1, 0x41, 0x04, 0x07, 0xf0, 0x90, 0xf0, 0x80, 0x08, 0xf1, 0x51,
  0xf0, 0xf0, 0x00, 0x07, 0x91, 0x04, 0xf0, 0xf0, 0xf0, 0x30, 0x05, 0xa1, 0x06, 0xf0, 0xf0, 0x07, 0xf1, 0x41, 0x04, 0xf0, 0xa0, 0xf0, 0x80, 0x08,
  0xf1, 0x51, 0x06, 0x07, 0xf0, 0xd0, 0x05, 0x04, 0x91, 0x04, 0xf0, 0xf0, 0xf0, 0x30, 0x05, 0xa1, 0x04, 0xf0, 0xe0, 0x05, 0x04, 0xf1, 0x41, 0x04,
  0xf0, 0xa0, 0xf0, 0x80, 0x08, 0xf1, 0x61, 0x06, 0xf0, 0xd0, 0x06, 0x91, 0x04, 0x05, 0xf0, 0xf0, 0xf0, 0x40, 0x06, 0xa1, 0x08, 0xf0, 0xd0, 0x04,
  0xf1, 0x41, 0x08, 0x07, 0xf0, 0xa0, 0xf0, 0x90, 0x06, 0xf1, 0x51, 0x04, 0x06, 0xf0, 0xb0, 0x06, 0xa1, 0x05, 0xf0, 0xf0, 0xf0, 0x60, 0xb1, 0x06,
  0xf0, 0xa0, 0x07, 0x08, 0x04, 0xf1, 0x41, 0x05, 0xf0, 0xb0, 0xf0, 0x90, 0x05, 0xf1, 0x71, 0x05, 0xf0, 0x80, 0x07, 0x06, 0x04, 0xa1, 0x07, 0xf0,
  0xf0, 0xf0, 0x60, 0x05, 0x08, 0xa1, 0x06, 0xf0, 0x80, 0x07, 0x06, 0xf1, 0x41, 0x04, 0x06, 0xf0, 0xc0, 0xf0, 0xb0, 0x08, 0xf1, 0x51, 0x04, 0x08,
  0x07, 0xf0, 0x60, 0x08, 0xa1, 0x08, 0x07, 0xf0, 0xf0, 0xf0, 0x80, 0x05, 0xa1, 0x04, 0x08, 0x05, 0xf0, 0x50, 0x05, 0x14, 0xf1, 0x41, 0x06, 0xf0,
  0xd0, 0xf0, 0xb0, 0x06, 0xf1, 0x71, 0x06, 0x17, 0xf0, 0x10, 0x07, 0x00, 0x06, 0xb1, 0x08, 0xf0, 0xf0, 0xf0, 0x90, 0x05, 0xc1, 0x04, 0x17, 0xf0,
  0x10, 0x16, 0x04, 0xf1, 0x61, 0x06, 0xf0, 0xd0, 0xf0, 0xb0, 0x06, 0xf1, 0x91, 0x06, 0xf0, 0x00, 0x07, 0x14, 0xc1, 0x08, 0xf0, 0xf0, 0xf0, 0x90,
  0x07, 0x04, 0xd1, 0x06, 0xe0, 0x07, 0x00, 0x07, 0x04, 0xf1, 0x61, 0x14, 0x05, 0xf0, 0xd0, 0xf0, 0xc0, 0x05, 0xf1, 0x81, 0x04, 0x26, 0xa0, 0x05,
  0x08, 0x16, 0xd1, 0x05, 0xf0, 0xf0, 0xf0, 0xc0, 0x04, 0xd1, 0x14, 0x06, 0xa0, 0x06, 0x24, 0xf1, 0x51, 0x04, 0x01, 0x04, 0xf0, 0xf0, 0xf0, 0xd0,
  0x06, 0xf1, 0xa1, 0x04, 0x07, 0x90, 0x06, 0xf1, 0x06, 0xf0, 0xf0, 0xf0, 0xd0, 0x07, 0x08, 0xf1, 0x05, 0x87, 0x00, 0x04, 0xf1, 0x91, 0x04, 0x07,
  0xf0, 0xf0, 0xf0, 0xe0, 0x06, 0xf1, 0xa1, 0x24, 0x08, 0x64, 0xe1, 0x04, 0x05, 0xf0, 0xf0, 0xf0, 0xf0, 0x00, 0x04, 0xf1, 0x94, 0xf1, 0x81, 0x14,
  0xf0, 0xf0, 0x10, 0xf0, 0xf0, 0x05, 0xf1, 0xf1, 0xf1, 0x31, 0x07, 0xf0, 0xf0, 0xf0, 0xf0, 0x20, 0x04, 0xf1, 0xf1, 0xf1, 0x04, 0x01, 0x04, 0xf0,
  0xf0, 0x20, 0xf0, 0xf0, 0x00, 0x05, 0xf1, 0xf1, 0xf1, 0x01, 0x04, 0x05, 0xf0, 0xf0, 0xf0, 0xf0, 0x40, 0x06, 0xf1, 0xf1, 0xf1, 0x04, 0x07, 0xf0,
  0xf0, 0x20, 0xf0, 0xf0, 0x10, 0x05, 0xf1, 0xf1, 0xf1, 0x06, 0xf0, 0xf0, 0xf0, 0xf0, 0x60, 0x04, 0x01, 0x04, 0xf1, 0xf1, 0x91, 0x04, 0x06, 0x08,
  0x07, 0xf0, 0xf0, 0x30, 0xf0, 0xf0, 0x20, 0x15, 0x06, 0xf1, 0xf1, 0x91, 0x05, 0xf0, 0xf0, 0xf0, 0xf0, 0xc0, 0x08, 0xf1, 0xf1, 0x81, 0x05, 0xf0,
  0xf0, 0x60, 0xf0, 0xf0, 0x50, 0x08, 0x04, 0xf1, 0xf1, 0x51, 0x04, 0x06, 0xf0, 0xf0, 0xf0, 0xf0, 0xe0, 0x05, 0x04, 0xf1, 0xf1, 0x41, 0x06, 0x05,
  0xf0, 0xf0, 0x70, 0xf0, 0xf0, 0x70, 0x08, 0xf1, 0xf1, 0x31, 0x04, 0x07, 0xf0, 0xf0, 0xf0, 0xf0, 0xf0, 0x00, 0x06, 0x24, 0x01, 0x14, 0xf1, 0x71,
  0x14, 0x11, 0x04, 0x18, 0xf0, 0xf0, 0x90, 0xf0, 0xf0, 0x80, 0x15, 0x04, 0xf1, 0xe1, 0x06, 0x17, 0xf0, 0xf0, 0xf0, 0xf0, 0xf0, 0x40, 0x06, 0xf1,
  0xe1, 0x06, 0xf0, 0xf0, 0xb0, 0xf0, 0xf0, 0xa0, 0x08, 0xf1, 0xd1, 0x04, 0xf0, 0xf0, 0xf0, 0xf0, 0xf0, 0x70, 0x07, 0x36, 0x08, 0x11, 0xa4, 0x01,
  0x34, 0x11, 0x04, 0x46, 0xf0, 0xf0, 0xc0, 0xf0, 0xf0, 0xb0, 0x37, 0x06, 0xf1, 0x31, 0x06, 0x17, 0x00, 0x07, 0xf0, 0xf0, 0xf0, 0xf0, 0xf0, 0xe0,
  0x04, 0xf1, 0x21, 0x06, 0xf0, 0xf0, 0xf0, 0x10, 0xf0, 0xf0, 0xf0, 0x00, 0xf1, 0x31, 0x07, 0xf0, 0xf0, 0xf0, 0xf0, 0xf0, 0xf0, 0x20, 0x06, 0x08,
  0xf6, 0x16, 0x07, 0xf0, 0xf0, 0xf0, 0x10, 0xf0, 0xf0, 0xf0, 0x00, 0xf5, 0x35, 0xf0, 0xf0, 0xf0, 0xf0, 0xf0, 0xf0, 0xf0, 0xf0, 0xf0, 0xf0, 0xa0,
  0xf0, 0xf0, 0xf0, 0xf0, 0xf0, 0xf0, 0xf0, 0xf0, 0xf0, 0xf0, 0xf0, 0xf0, 0xf0, 0xf0, 0xf0, 0xf0, 0xf0, 0xf0, 0xf0, 0xf0, 0xf0, 0xf0, 0xf0, 0xb0,
  0x28, 0x05, 0xf0, 0xf0, 0xf0, 0xf0, 0xf0, 0xf0, 0xf0, 0xf0, 0xf0, 0xf0, 0xf0, 0xf0, 0xf0, 0xf0, 0x80, 0x26, 0x21, 0x04, 0x07, 0xf0, 0xf0, 0xf0,
  0xf0, 0xf0, 0xe0, 0xf0, 0xf0, 0xf0, 0xf0, 0xf0, 0xc0, 0x35, 0xf0, 0xf0, 0x40, 0x07, 0x05, 0x06, 0x71, 0xf0, 0xf0, 0xf0, 0xf0, 0xf0, 0xe0, 0xf0,
  0xf0, 0xf0, 0xf0, 0xf0, 0xb0, 0x07, 0x31, 0x08, 0xf0, 0xf0, 0x07, 0x05, 0x06, 0x04, 0xa1, 0xf0, 0xf0, 0xf0, 0xf0, 0xf0, 0xe0, 0xf0, 0xf0, 0xf0,
  0xf0, 0xf0, 0xa0, 0x05, 0x04, 0x41, 0x54, 0x18, 0x06, 0xf0, 0x00, 0x06, 0x18, 0x06, 0x18, 0x04, 0xd1, 0x07, 0xf0, 0xf0, 0xf0, 0xf0, 0xf0, 0xd0,
  0xf0, 0xf0, 0xf0, 0xf0, 0xf0, 0xa0, 0x04, 0xe1, 0xf5, 0x06, 0xf1, 0x41, 0x07, 0xf0, 0xf0, 0xf0, 0xf0, 0xf0, 0xd0, 0xf0, 0xf0, 0xf0, 0xf0, 0xf0,
  0xa0, 0x04, 0xf1, 0xf1, 0xa1, 0x1c, 0x71, 0x05, 0xf0, 0xf0, 0xf0, 0xf0, 0xf0, 0xd0, 0xf0, 0xf0, 0xf0, 0xf0, 0xf0, 0xa0, 0x04, 0xb1, 0x04, 0xf1,
  0x91, 0x00, 0x0c, 0x0d, 0x00, 0x12, 0x0b, 0x0c, 0x04, 0x21, 0x04, 0x06, 0xf0, 0xf0, 0xf0, 0xf0, 0xf0, 0xe0, 0xf0, 0xf0, 0xf0, 0xf0, 0xf0, 0xa0,
  0x04, 0xf1, 0xf1, 0x31, 0x00, 0x0c, 0x0d, 0x09, 0x62, 0x0c, 0x21, 0x08, 0xf0, 0xf0, 0xf0, 0xf0, 0xf0, 0xf0, 0xf0, 0xf0, 0xf0, 0xf0, 0xf0, 0xa0,
  0x04, 0xa1, 0x04, 0x3c, 0x04, 0xa1, 0x34, 0x1c, 0x1d, 0xb2, 0x0c, 0x11, 0x08, 0xf0, 0xf0, 0xf0, 0xf0, 0xf0, 0xf0, 0xf0, 0xf0, 0xf0, 0xf0, 0xf0,
  0xb0, 0x06, 0x91, 0x0c, 0x0b, 0x52, 0x20, 0x09, 0x10, 0x32, 0x3b, 0xe2, 0x0b, 0x04, 0x01, 0x05, 0xf0, 0xf0, 0xf0, 0xf0, 0xf0, 0xf0, 0xf0, 0xf0,
  0xf0, 0xf0, 0xf0, 0xb0, 0x05, 0xa1, 0x0b, 0xf2, 0x12, 0x00, 0xf2, 0x02, 0x00, 0x05, 0xf0, 0xf0, 0xf0, 0xf0, 0xf0, 0xf0, 0x00, 0xf0, 0xf0, 0xf0,
  0xf0, 0xf0, 0xc0, 0x08, 0x91, 0x0c, 0xf2, 0x22, 0x0b, 0xf2, 0x0b, 0xf0, 0xf0, 0xf0, 0xf0, 0xf0, 0xf0, 0x10, 0xf0, 0xf0, 0xf0, 0xf0, 0xf0, 0xc0,
  0x07, 0x91, 0x04, 0xf2, 0xf2, 0x32, 0x00, 0x0f, 0xf0, 0xf0, 0xf0, 0xf0, 0xf0, 0xf0, 0x00, 0xf0, 0xf0, 0xf0, 0xf0, 0xf0, 0xd0, 0x08, 0x91, 0x0d,
  0xf2, 0x32, 0x0b, 0xf2, 0xf0, 0xf0, 0xf0, 0xf0, 0xf0, 0xf0, 0x00, 0xf0, 0xf0, 0xf0, 0xf0, 0xf0, 0xe0, 0x08, 0x81, 0x0c, 0xf2, 0x32, 0x0b, 0xf2,
  0xf0, 0xf0, 0xf0, 0xf0, 0xf0, 0xf0, 0x00, 0xf0, 0xf0, 0xf0, 0xf0, 0xf0, 0xf0, 0x08, 0x71, 0x10, 0xf2, 0x22, 0x1b, 0xe2, 0x0f, 0xf0, 0xf0, 0xf0,
  0xf0, 0xf0, 0xf0, 0xf0, 0xf0, 0xf0, 0xf0, 0xf0, 0xf0, 0x00, 0x04, 0x71, 0x0d, 0xf2, 0x32, 0x0b, 0x72, 0x29, 0x42, 0xf0, 0xf0, 0xf0, 0xf0, 0xf0,
  0xf0, 0xf0, 0xf0, 0xf0, 0xf0, 0xf0, 0xf0, 0x10, 0x05, 0x04, 0x51, 0x0c, 0xf2, 0x32, 0x0b, 0x62, 0x00, 0x23, 0x00, 0x32, 0xf0, 0xf0, 0xf0, 0xf0,
  0xf0, 0xf0, 0xf0, 0xf0, 0xf0, 0xf0, 0xf0, 0xf0, 0x20, 0x06, 0x51, 0x0c, 0x00, 0xf2, 0x22, 0x00, 0x62, 0x09, 0x33, 0x09, 0x22, 0xf0, 0xf0, 0xf0,
  0xf0, 0xf0, 0xf0, 0xf0, 0xf0, 0xf0, 0xf0, 0xf0, 0xf0, 0x40, 0x05, 0x31, 0x04, 0x00, 0xf2, 0x22, 0x1b, 0x52, 0x09, 0x43, 0x22, 0x0e, 0xf0, 0xf0,
  0xf0, 0xf0, 0xf0, 0xe0, 0xf0, 0xf0, 0xf0, 0xf0, 0xf0, 0xf0, 0x50, 0x28, 0x04, 0x01, 0x0d, 0xf2, 0x32, 0x00, 0x52, 0x09, 0x43, 0x32, 0xf0, 0xf0,
  0xf0, 0xf0, 0xf0, 0xe0, 0xf0, 0xf0, 0xf0, 0xf0, 0xf0, 0xf0, 0x80, 0x05, 0x01, 0x0d, 0xf2, 0x32, 0x00, 0x52, 0x09, 0x43, 0x42, 0xf0, 0xf0, 0xf0,
  0xf0, 0xf0, 0xd0, 0xf0, 0xf0, 0xf0, 0xf0, 0xf0, 0xf0, 0x90, 0x15, 0xf2, 0x32, 0x00, 0x52, 0x09, 0x43, 0x32, 0xf0, 0xf0, 0xf0, 0xf0, 0xf0, 0xe0,
  0xf0, 0xf0, 0xf0, 0xf0, 0xf0, 0xf0, 0xb0, 0x0e, 0xf2, 0x22, 0x00, 0x52, 0x09, 0x43, 0x32, 0xf0, 0xf0, 0xf0, 0xf0, 0xf0, 0xe0, 0xf0, 0xf0, 0xf0,
  0xf0, 0xf0, 0xf0, 0xb0, 0x0e, 0xf2, 0x22, 0x0b, 0x52, 0x09, 0x43, 0x32, 0xf0, 0xf0, 0xf0, 0xf0, 0xf0, 0xe0, 0xf0, 0xf0, 0xf0, 0xf0, 0xf0, 0xf0,
  0xb0, 0x0e, 0xf2, 0x22, 0x0b, 0x52, 0x09, 0x43, 0x32, 0xf0, 0xf0, 0xf0, 0xf0, 0xf0, 0xe0, 0xf0, 0xf0, 0xf0, 0xf0, 0xf0, 0xf0, 0xb0, 0x0e, 0xf2,
  0x92, 0x09, 0x43, 0x32, 0xf0, 0xf0, 0xf0, 0xf0, 0xf0, 0xe0, 0xf0, 0xf0, 0xf0, 0xf0, 0xf0, 0xf0, 0xb0, 0x0e, 0xf2, 0x92, 0x09, 0x43, 0x32, 0xf0,
  0xf0, 0xf0, 0xf0, 0xf0, 0xe0, 0xf0, 0xf0, 0xf0, 0xf0, 0xf0, 0xf0, 0xb0, 0x0e, 0xf2, 0x92, 0x09, 0x43, 0x32, 0xf0, 0xf0, 0xf0, 0xf0, 0xf0, 0xe0,
  0xf0, 0xf0, 0xf0, 0xf0, 0xf0, 0xf0, 0xb0, 0x0e, 0xf2, 0x92, 0x09, 0x43, 0x32, 0xf0, 0xf0, 0xf0, 0xf0, 0xf0, 0xe0, 0xf0, 0xf0, 0xf0, 0xf0, 0xf0,
  0xf0, 0xb0, 0x0e, 0xf2, 0x82, 0x09, 0x53, 0x32, 0xf0, 0xf0, 0xf0, 0xf0, 0xf0, 0xe0, 0xf0, 0xf0, 0xf0, 0xf0, 0xf0, 0xf0, 0xd0, 0xf2, 0x72, 0x63,
  0x42, 0xf0, 0xf0, 0xf0, 0xf0, 0xf0, 0xd0, 0xf0, 0xf0, 0xf0, 0xf0, 0xf0, 0xf0, 0xb0, 0x0f, 0xf2, 0x82, 0x53, 0x09, 0x32, 0x0f, 0xf0, 0xf0, 0xf0,
  0xf0, 0xf0, 0xd0, 0xf0, 0xf0, 0xf0, 0xf0, 0xf0, 0xf0, 0xe0, 0xf2, 0x52, 0x09, 0x53, 0x00, 0x22, 0xf0, 0xf0, 0xf0, 0xf0, 0xf0, 0xf0, 0xf0, 0xf0,
  0xf0, 0xf0, 0xf0, 0xf0, 0xd0, 0xf2, 0x52, 0x09, 0x53, 0x09, 0x32, 0xf0, 0xf0, 0xf0, 0xf0, 0xf0, 0xf0, 0xf0, 0xf0, 0xf0, 0xf0, 0xf0, 0xf0, 0xc0,
  0x0f, 0xf2, 0x42, 0x09, 0x63, 0x42, 0x0f, 0xf0, 0xf0, 0xf0, 0xf0, 0xf0, 0xe0, 0xf0, 0xf0, 0xf0, 0xf0, 0xf0, 0xf0, 0xd0, 0x0f, 0xf2, 0x22, 0x09,
  0x63, 0x09, 0x32, 0xf0, 0xf0, 0xf0, 0xf0, 0xf0, 0xf0, 0x00, 0xf0, 0xf0, 0xf0, 0xf0, 0xf0, 0xf0, 0xe0, 0xf2, 0x12, 0x09, 0x63, 0x09, 0x32, 0xf0,
  0xf0, 0xf0, 0xf0, 0xf0, 0xf0, 0x10, 0xf0, 0xf0, 0xf0, 0xf0, 0xf0, 0xf0, 0xf0, 0x00, 0xa2, 0x49, 0x63, 0x09, 0x12, 0x00, 0x02, 0x0e, 0xf0, 0xf0,
  0xf0, 0xf0, 0xf0, 0xf0, 0x10, 0xf0, 0xf0, 0xf0, 0xf0, 0xf0, 0xf0, 0xf0, 0x0f, 0x92, 0x09, 0xa3, 0x09, 0x42, 0x0f, 0xf0, 0xf0, 0xf0, 0xf0, 0xf0,
  0xf0, 0x10, 0xf0, 0xf0, 0xf0, 0xf0, 0xf0, 0xf0, 0xf0, 0x00, 0x0e, 0x92, 0x93, 0x09, 0x42, 0xf0, 0xf0, 0xf0, 0xf0, 0xf0, 0xf0, 0x30, 0xf0, 0xf0,
  0xf0, 0xf0, 0xf0, 0xf0, 0xf0, 0x10, 0x0f, 0x82, 0x09, 0x23, 0x09, 0x12, 0x09, 0x62, 0x0f, 0xf0, 0xf0, 0xf0, 0xf0, 0xf0, 0xf0, 0x30, 0xf0, 0xf0,
  0xf0, 0xf0, 0xf0, 0xf0, 0xf0, 0x20, 0x0e, 0x92, 0x00, 0xa2, 0x0e, 0xf0, 0xf0, 0xf0, 0xf0, 0xf0, 0xf0, 0x40, 0xf0, 0xf0, 0xf0, 0xf0, 0xf0, 0xf0,
  0xf0, 0x40, 0x0e, 0xf2, 0x12, 0xf0, 0xf0, 0xf0, 0xf0, 0xf0, 0xf0, 0x70, 0xf0, 0xf0, 0xf0, 0xf0, 0xf0, 0xf0, 0xf0, 0x50, 0x1f, 0x0e, 0xb2, 0x0e,
  0x1f, 0xf0, 0xf0, 0xf0, 0xf0, 0xf0, 0xf0, 0x70, 0xf0, 0xf0, 0xf0, 0xf0, 0xf0, 0xf0, 0xf0, 0x80, 0x0b, 0xa2, 0xf0, 0xf0, 0xf0, 0xf0, 0xf0, 0xf0,
  0xa0, 0xf0, 0xf0, 0xf0, 0xf0, 0xf0, 0xf0, 0xf0, 0xf0, 0xf0, 0xf0, 0xf0, 0xf0, 0xf0, 0xf0, 0xf0, 0xf0, 0xf0, 0xf0, 0xf0, 0xf0, 0xf0, 0xf0, 0xf0,
  0xf0, 0xf0, 0xf0, 0xf0, 0xf0, 0xf0, 0xf0, 0xf0, 0xf0, 0xf0, 0xf0, 0xf0, 0xf0, 0xf0, 0xf0, 0xf0, 0xf0, 0xf0, 0xf0, 0xf0, 0xf0, 0xf0, 0xf0, 0xf0,
  0xf0, 0xf0, 0xf0, 0xf0, 0xf0, 0xf0, 0xf0, 0xf0, 0xf0, 0xf0, 0xf0, 0xf0, 0xf0, 0xf0, 0xf0, 0xf0, 0xf0, 0xf0, 0xf0, 0xf0, 0xf0, 0xf0, 0xf0, 0xf0,
  0xf0, 0xf0, 0xf0, 0xf0, 0xf0, 0xf0, 0xf0, 0xf0, 0xf0, 0xf0, 0xf0, 0xf0, 0xf0, 0xf0, 0xf0, 0xf0, 0xf0, 0xf0, 0xf0, 0xf0, 0xf0, 0xf0, 0xf0, 0xf0,
  0xf0, 0xf0, 0xf0, 0xf0, 0xf0, 0xf0, 0xf0, 0xf0, 0xf0, 0xf0, 0xf0, 0xf0, 0xf0, 0xf0, 0xf0, 0xf0, 0xf0, 0xf0, 0xf0, 0xf0, 0xf0, 0xf0, 0xf0, 0xf0,
  0xf0, 0xf0, 0xf0, 0xf0, 0xf0, 0xf0, 0xf0, 0xf0, 0xf0, 0xf0, 0xf0, 0xf0, 0xf0, 0xf0, 0xf0, 0xf0, 0xf0, 0xf0, 0xf0, 0xf0, 0xf0, 0xf0, 0xf0, 0xf0,
  0xf0, 0xf0, 0xf0, 0xf0, 0xf0, 0xf0, 0xf0, 0xf0, 0xf0, 0xf0, 0xf0, 0xf0, 0xf0, 0xf0, 0xf0, 0xf0, 0xf0, 0xf0, 0xf0, 0xf0, 0xf0, 0xf0, 0xf0, 0xf0,
  0xf0, 0xf0, 0xf0, 0xf0, 0xf0, 0xf0, 0xf0, 0xf0, 0xf0, 0xf0, 0xf0, 0xf0, 0xf0, 0xf0, 0xf0, 0xf0, 0xf0, 0xf0, 0xf0, 0xf0, 0xf0, 0xf0, 0xf0, 0xf0,
  0xf0, 0xf0, 0xf0, 0xf0, 0xf0, 0xf0, 0xf0, 0xf0, 0xf0, 0xf0, 0xf0, 0xf0, 0xf0, 0xf0, 0xf0, 0xf0, 0xf0, 0xf0, 0xf0, 0xf0, 0xf0, 0xf0, 0xf0, 0xf0,
  0xf0, 0xf0, 0xf0, 0xf0, 0xf0, 0xf0, 0xf0, 0xf0, 0xf0, 0xf0, 0xf0, 0xf0, 0xf0, 0xf0, 0xf0, 0xf0, 0xf0, 0xf0, 0xf0, 0xf0, 0xf0, 0xf0, 0xf0, 0xf0,
  0xf0, 0xf0, 0xf0, 0xf0, 0xf0, 0xf0, 0xf0, 0xf0, 0xf0, 0xf0, 0xf0, 0xf0, 0xf0, 0xf0, 0xf0, 0xf0, 0xf0, 0xf0, 0xf0, 0xf0, 0xf0, 0xf0, 0xf0, 0xf0,
  0xf0, 0xf0, 0xf0, 0xf0, 0xf0, 0xf0, 0xf0, 0xf0, 0xf0, 0xf0, 0xf0, 0xf0, 0xf0, 0xf0, 0xf0, 0xf0, 0xf0, 0xf0, 0xf0, 0xf0, 0xf0, 0xf0, 0xf0, 0xf0,
  0xf0, 0xf0, 0xf0, 0xf0, 0xf0, 0xf0, 0xf0, 0xf0, 0xf0, 0xf0, 0xf0, 0xf0, 0xf0, 0xf0, 0xf0, 0xf0, 0xf0, 0xf0, 0xf0, 0xf0, 0xf0, 0xf0, 0xf0, 0xf0,
  0xf0, 0xf0, 0xf0, 0xf0, 0xf0, 0xf0, 0xf0, 0xf0, 0xf0, 0xf0, 0xf0, 0xf0, 0xf0, 0xf0, 0xf0, 0xf0, 0xf0, 0xf0, 0xf0, 0xf0, 0xf0, 0xf0, 0xf0, 0xf0,
  0xf0, 0xf0, 0xf0, 0xf0, 0xf0, 0xf0, 0xf0, 0xf0, 0xf0, 0xf0, 0xf0, 0xf0, 0xf0, 0xf0, 0xf0, 0xf0, 0xf0, 0xf0, 0xf0, 0xf0, 0xf0, 0xf0, 0xf0, 0xf0,
  0xf0,
};

static const uint16_t FACE_14_PALETTE[16] PROGMEM = {
  0x0000, 0x01d6, 0x0e7f, 0x0239, 0xf7bf, 0x00eb, 0x01f8, 0x059c, 0x0295, 0x0a6d, 0x0c95, 0x94d5, 0x52ee, 0xae5d, 0xa5b9, 0x6d1c
};
static const uint8_t FACE_14_RUNS[] PROGMEM = {
  0xf0, 0xf0, 0xf0, 0xf0, 0xf0, 0xf0, 0xf0, 0xf0, 0xf0, 0xf0, 0xf0, 0xf0, 0xf0, 0xf0, 0xf0, 0xf0, 0xf0, 0xf0, 0xf0, 0xf0, 0xf0, 0xf0, 0xf0, 0xf0,
  0xf0, 0xf0, 0xf0, 0xf0, 0xf0, 0xf0, 0xf0, 0xf0, 0xf0, 0xf0, 0xf0, 0xf0, 0xf0, 0xf0, 0xf0, 0xf0, 0xf0, 0xf0, 0xf0, 0xf0, 0xf0, 0xf0, 0xf0, 0xf0,
  0xf0, 0xf0, 0xf0, 0xf0, 0xf0, 0xf0, 0xf0, 0xf0, 0xf0, 0xf0, 0xf0, 0xf0, 0xf0, 0xf0, 0xf0, 0xf0, 0xf0, 0xf0, 0xf0, 0xf0, 0xf0, 0xf0, 0xf0, 0xf0,
  0xf0, 0xf0, 0xf0, 0xf0, 0xf0, 0xf0, 0xf0, 0xf0, 0xf0, 0xf0, 0xf0, 0xf0, 0xf0, 0xf0, 0xf0, 0xf0, 0xf0, 0xf0, 0xf0, 0xf0, 0xf0, 0xf0, 0xf0, 0xf0,
  0xf0, 0xf0, 0xf0, 0xf0, 0xf0, 0xf0, 0xf0, 0xf0, 0xf0, 0xf0, 0xf0, 0xf0, 0xf0, 0xf0, 0xf0, 0xf0, 0xf0, 0xf0, 0xf0, 0xf0, 0xf0, 0xf0, 0xf0, 0xf0,
  0xf0, 0xf0, 0xf0, 0xf0, 0xf0, 0xf0, 0xf0, 0xf0, 0xf0, 0xf0, 0xf0, 0xf0, 0xf0, 0xf0, 0xf0, 0xf0, 0xf0, 0xf0, 0xf0, 0xf0, 0xf0, 0xf0, 0xf0, 0xf0,
  0xf0, 0xf0, 0xf0, 0xf0, 0xf0, 0xf0, 0xf0, 0xf0, 0xf0, 0xf0, 0xf0, 0xf0, 0xf0, 0xf0, 0xf0, 0xf0, 0xf0, 0xf0, 0xf0, 0xf0, 0xf0, 0xf0, 0xf0, 0xf0,
  0xf0, 0xf0, 0xf0, 0xf0, 0xf0, 0xf0, 0xf0, 0xf0, 0xf0, 0xf0, 0xf0, 0xf0, 0xf0, 0xf0, 0xf0, 0xf0, 0xf0, 0xf0, 0xf0, 0xf0, 0xf0, 0xf0, 0xf0, 0xf0,
  0xf0, 0xf0, 0xf0, 0xf0, 0xf0, 0xf0, 0xf0, 0xf0, 0xf0, 0xf0, 0xf0, 0xf0, 0xf0, 0xf0, 0xf0, 0xf0, 0xf0, 0xf0, 0xf0, 0xf0, 0xf0, 0xf0, 0xf0, 0xf0,
  0xf0, 0xf0, 0xf0, 0xf0, 0xf0, 0xf0, 0xf0, 0xf0, 0xf0, 0xf0, 0xf0, 0xf0, 0xf0, 0xf0, 0xf0, 0xf0, 0xf0, 0xf0, 0xf0, 0xf0, 0xf0, 0xf0, 0xf0, 0xf0,
  0xf0, 0xf0, 0xf0, 0xf0, 0xf0, 0xf0, 0xf0, 0xf0, 0xf0, 0xf0, 0xf0, 0xf0, 0xf0, 0xf0, 0xf0, 0xf0, 0xf0, 0xf0, 0xf0, 0xf0, 0xf0, 0xf0, 0xf0, 0xf0,
  0xf0, 0xf0, 0xf0, 0xf0, 0xf0, 0xf0, 0xf0, 0xf0, 0xf0, 0xf0, 0xf0, 0xf0, 0xf0, 0xf0, 0xf0, 0xf0, 0xf0, 0xf0, 0xf0, 0xf0, 0xf0, 0xf0, 0xf0, 0xf0,
  0xf0, 0xf0, 0xf0, 0xf0, 0xf0, 0xf0, 0xf0, 0xf0, 0xf0, 0xf0, 0xf0, 0xf0, 0xf0, 0xf0, 0xf0, 0xf0, 0xf0, 0xf0, 0xf0, 0xf0, 0xf0, 0xf0, 0xf0, 0xf0,
  0xf0, 0xf0, 0xf0, 0xf0, 0xf0, 0xf0, 0xf0, 0xf0, 0xf0, 0xf0, 0xf0, 0xf0, 0xf0, 0xf0, 0xf0, 0xf0, 0xf0, 0xf0, 0xf0, 0xf0, 0xf0, 0xf0, 0xf0, 0xf0,
  0xf0, 0xf0, 0xf0, 0xf0, 0xf0, 0xf0, 0xf0, 0xf0, 0xf0, 0xf0, 0xf0, 0xf0, 0xf0, 0xf0, 0xf0, 0xf0, 0xf0, 0xf0, 0xf0, 0xf0, 0xf0, 0xf0, 0xf0, 0xf0,
  0xf0, 0xf0, 0xf0, 0xf0, 0xf0, 0xf0, 0xf0, 0xf0, 0xf0, 0xf0, 0xf0, 0xf0, 0xf0, 0xf0, 0xf0, 0xf0, 0xf0, 0xf0, 0xf0, 0xf0, 0xf0, 0xf0, 0xf0, 0xf0,
  0xf0, 0xf0, 0xf0, 0xf0, 0xf0, 0xf0, 0xf0, 0xf0, 0xf0, 0xf0, 0xf0, 0xf0, 0xf0, 0xf0, 0xf0, 0xf0, 0xf0, 0xf0, 0xf0, 0xf0, 0xf0, 0xf0, 0xf0, 0xf0,
  0xf0, 0xf0, 0xf0, 0xf0, 0xf0, 0xf0, 0xf0, 0xf0, 0xf0, 0xf0, 0xf0, 0xf0, 0xf0, 0xf0, 0xf0, 0xf0, 0xf0, 0xf0, 0xf0, 0xf0, 0xf0, 0xf0, 0xf0, 0xf0,
  0xf0, 0xf0, 0xf0, 0xf0, 0xf0, 0xf0, 0xf0, 0xf0, 0xf0, 0xf0, 0xf0, 0xf0, 0xf0, 0xf0, 0xf0, 0xf0, 0xf0, 0xf0, 0xf0, 0xf0, 0xf0, 0xf0, 0xf0, 0xf0,
  0xf0, 0xf0, 0xf0, 0xf0, 0xf0, 0xf0, 0xf0, 0xf0, 0xf0, 0xf0, 0xf0, 0xf0, 0xf0, 0xf0, 0xf0, 0xf0, 0xf0, 0xf0, 0xf0, 0xf0, 0xf0, 0xf0, 0xf0, 0xf0,
  0xf0, 0xf0, 0xf0, 0xf0, 0xf0, 0xf0, 0xf0, 0xf0, 0xf0, 0xf0, 0xf0, 0xf0, 0xf0, 0xf0, 0xf0, 0xf0, 0xf0, 0xf0, 0xf0, 0xf0, 0xf0, 0xf0, 0xf0, 0xf0,
  0xf0, 0xf0, 0xf0, 0xf0, 0xf0, 0xf0, 0xf0, 0xf0, 0xf0, 0xf0, 0xf0, 0xf0, 0xf0, 0xf0, 0xf0, 0xf0, 0xf0, 0xf0, 0xf0, 0xf0, 0xf0, 0xf0, 0xf0, 0xf0,
  0x80, 0x09, 0x18, 0xe9, 0xf0, 0xf0, 0xf0, 0xf0, 0xf0, 0x60, 0x7a, 0x68, 0x0a, 0x09, 0xf0, 0xf0, 0xf0, 0xc0, 0xf0, 0xf0, 0xf0, 0x80, 0x07, 0xf2,
  0x07, 0xf0, 0xf0, 0xf0, 0xf0, 0xf0, 0x20, 0x15, 0x00, 0x08, 0xf2, 0x07, 0xf0, 0xf0, 0xf0, 0xc0, 0xf0, 0xf0, 0xf0, 0x20, 0x4a, 0x07, 0x12, 0xf7,
  0x07, 0x1a, 0x07, 0x05, 0xf0, 0xf0, 0xf0, 0xf0, 0xc0, 0x05, 0x27, 0x02, 0xf7, 0x27, 0x3a, 0xf0, 0xf0, 0xf0, 0x60, 0xf0, 0xf0, 0xf0, 0x10, 0x08,
  0xf2, 0xb2, 0x07, 0x08, 0xf0, 0xf0, 0xf0, 0xf0, 0x80, 0x09, 0x27, 0x92, 0x47, 0xb2, 0x08, 0x25, 0xf0, 0xf0, 0xf0, 0x20, 0xf0, 0xf0, 0xe0, 0x07,
  0x32, 0x27, 0xf2, 0x32, 0x27, 0x12, 0x17, 0x08, 0xf0, 0xf0, 0xf0, 0xf0, 0x40, 0x05, 0x17, 0x32, 0x17, 0x62, 0x47, 0x42, 0x57, 0x32, 0x07, 0x05,
  0xf0, 0xf0, 0xf0, 0x10, 0xf0, 0xf0, 0xb0, 0x09, 0x18, 0x07, 0x02, 0x07, 0xf2, 0xd2, 0x07, 0x12, 0x09, 0xf0, 0xf0, 0xf0, 0xf0, 0x30, 0x08, 0x12,
  0x07, 0xc2, 0x27, 0xd2, 0x17, 0x02, 0x08, 0x19, 0xf0, 0xf0, 0xf0, 0xf0, 0xf0, 0xb0, 0x07, 0x22, 0x07, 0xf2, 0xe2, 0x37, 0x08, 0xf0, 0xf0, 0xf0,
  0xf0, 0x00, 0x05, 0x07, 0x02, 0x17, 0xf2, 0xe2, 0x17, 0x32, 0x08, 0xf0, 0xf0, 0xe0, 0xf0, 0xf0, 0x90, 0x08, 0x37, 0xf2, 0xf2, 0x22, 0x07, 0x02,
  0x07, 0xf0, 0xf0, 0xf0, 0xf0, 0x00, 0x09, 0xf2, 0x32, 0x27, 0xf2, 0x37, 0x05, 0xf0, 0xf0, 0xc0, 0xf0, 0xf0, 0x80, 0x09, 0xf2, 0x62, 0x47, 0xb2,
  0x07, 0x02, 0x07, 0xf0, 0xf0, 0xf0, 0xf0, 0x00, 0x09, 0x02, 0x17, 0xf2, 0x02, 0x47, 0xf2, 0x12, 0x07, 0x05, 0xf0, 0xf0, 0xb0, 0xf0, 0xf0, 0x70,
  0x08, 0x07, 0x02, 0x07, 0xf2, 0xf2, 0x02, 0x27, 0x12, 0x07, 0x02, 0x07, 0xf0, 0xf0, 0xf0, 0xf0, 0x00, 0x09, 0x12, 0x07, 0x42, 0x17, 0xe2, 0x57,
  0xa2, 0x07, 0x02, 0x07, 0x05, 0xf0, 0xf0, 0xa0, 0xf0, 0xf0, 0x60, 0x08, 0xf2, 0xf2, 0x32, 0x17, 0x02, 0x17, 0x02, 0x07, 0x02, 0x07, 0xf0, 0xf0,
  0xf0, 0xf0, 0x00, 0x09, 0x62, 0x27, 0x02, 0xd7, 0x02, 0x17, 0x72, 0x27, 0x52, 0x03, 0xf0, 0xf0, 0xa0, 0xf0, 0xf0, 0x50, 0x08, 0x07, 0xf2, 0x32,
  0x09, 0x00, 0x85, 0x19, 0x07, 0x32, 0x27, 0x02, 0x07, 0x02, 0x07, 0xf0, 0xf0, 0xf0, 0xf0, 0x00, 0x09, 0x12, 0x37, 0x42, 0x08, 0xb0, 0x05, 0x07,
  0x02, 0x07, 0x22, 0x67, 0x72, 0x07, 0x05, 0xf0, 0xf0, 0x80, 0xf0, 0xf0, 0x40, 0x08, 0xf2, 0x02, 0x18, 0x17, 0x08, 0xc0, 0x08, 0x07, 0x1a, 0x07,
  0x42, 0x07, 0x08, 0xf0, 0xf0, 0xf0, 0xf0, 0x10, 0x09, 0x07, 0x32, 0x07, 0x38, 0x05, 0xc0, 0x09, 0x38, 0x07, 0x32, 0x27, 0x82, 0x08, 0xf0, 0xf0,
  0x80, 0xf0, 0xf0, 0x30, 0x09, 0x07, 0xd2, 0x07, 0x02, 0x07, 0xf0, 0x50, 0x05, 0x07, 0x32, 0x08, 0xf0, 0xf0, 0xf0, 0xf0, 0x30, 0x08, 0x02, 0x17,
  0x02, 0x07, 0xf0, 0x60, 0x05, 0x67, 0x82, 0x07, 0x08, 0xf0, 0xf0, 0x70, 0xf0, 0xf0, 0x20, 0x05, 0xd2, 0x07, 0x0a, 0x25, 0xf0, 0x60, 0x05, 0x39,
  0xf0, 0xf0, 0xf0, 0xf0, 0x50, 0x25, 0x09, 0x05, 0xf0, 0xa0, 0x08, 0x12, 0x17, 0x82, 0x07, 0xf0, 0xf0, 0x70, 0xf0, 0xf0, 0x30, 0x07, 0xb2, 0x07,
  0x05, 0xf0, 0xf0, 0xf0, 0xf0, 0xf0, 0xf0, 0xf0, 0xf0, 0x60, 0x09, 0x08, 0x07, 0x02, 0x07, 0x72, 0x07, 0xf0, 0xf0, 0x70, 0xf0, 0xf0, 0x30, 0x07,
  0x02, 0x07, 0x72, 0x07, 0x09, 0xf0, 0xf0, 0xf0, 0xf0, 0xf0, 0xf0, 0xf0, 0xf0, 0xa0, 0x08, 0x02, 0x07, 0x72, 0x07, 0xf0, 0xf0, 0x70, 0xf0, 0xf0,
  0x30, 0x07, 0x82, 0x07, 0x09, 0xf0, 0xf0, 0xf0, 0xf0, 0xf0, 0xf0, 0xf0, 0xf0, 0xd0, 0x07, 0x72, 0x07, 0xf0, 0xf0, 0x70, 0xf0, 0xf0, 0x30, 0x07,
  0x02, 0x07, 0x52, 0x07, 0xf0, 0xf0, 0xf0, 0xf0, 0xf0, 0xf0, 0xf0, 0xf0, 0xf0, 0x09, 0x17, 0x42, 0x07, 0x08, 0xf0, 0xf0, 0x70, 0xf0, 0xf0, 0x30,
  0x08, 0x07, 0x42, 0x07, 0x08, 0x09, 0xf0, 0xf0, 0xf0, 0xf0, 0xf0, 0xf0, 0xf0, 0xf0, 0xf0, 0x10, 0x08, 0x42, 0x08, 0xf0, 0xf0, 0x80, 0xf0, 0xf0,
  0x40, 0x09, 0x42, 0x08, 0xf0, 0xf0, 0xf0, 0xf0, 0xf0, 0xf0, 0xf0, 0xf0, 0xf0, 0x30, 0x05, 0x48, 0xf0, 0xf0, 0x90, 0xf0, 0xf0, 0x50, 0x39, 0x05,
  0xf0, 0xf0, 0xf0, 0xf0, 0xf0, 0xf0, 0xf0, 0xf0, 0xf0, 0xf0, 0xf0, 0xf0, 0x40, 0xf0, 0xf0, 0xf0, 0xf0, 0xf0, 0xf0, 0xf0, 0xf0, 0xf0, 0xf0, 0xf0,
  0xf0, 0xf0, 0xf0, 0xf0, 0xf0, 0xf0, 0xf0, 0xf0, 0xf0, 0xf0, 0xf0, 0xf0, 0xf0, 0xf0, 0xf0, 0xf0, 0xf0, 0xf0, 0xf0, 0xf0, 0xf0, 0xf0, 0xf0, 0xf0,
  0xf0, 0xf0, 0xf0, 0xf0, 0xf0, 0xf0, 0xf0, 0xf0, 0xf0, 0xf0, 0xf0, 0xf0, 0xf0, 0xf0, 0xf0, 0xf0, 0xf0, 0xf0, 0xf0, 0xf0, 0xf0, 0xf0, 0xf0, 0xf0,
  0xf0, 0xf0, 0xf0, 0xf0, 0xf0, 0xf0, 0xf0, 0xf0, 0xf0, 0xf0, 0xf0, 0xf0, 0xf0, 0xf0, 0xf0, 0xf0, 0xf0, 0xf0, 0xf0, 0xf0, 0xf0, 0xf0, 0xf0, 0xf0,
  0xf0, 0xf0, 0xf0, 0xf0, 0xf0, 0xf0, 0xf0, 0xf0, 0xf0, 0xf0, 0xf0, 0xf0, 0xf0, 0xf0, 0xf0, 0xf0, 0xf0, 0xf0, 0xf0, 0xf0, 0xf0, 0xf0, 0xf0, 0xf0,
  0xf0, 0xf0, 0xf0, 0xf0, 0xf0, 0xf0, 0xf0, 0xf0, 0xf0, 0xf0, 0xf0, 0xf0, 0xf0, 0xf0, 0xf0, 0xf0, 0xf0, 0xf0, 0xf0, 0xf0, 0xf0, 0xf0, 0xf0, 0xf0,
  0xf0, 0xf0, 0xf0, 0xf0, 0xf0, 0xf0, 0xf0, 0xf0, 0xf0, 0xf0, 0xf0, 0xf0, 0xf0, 0xf0, 0xf0, 0xf0, 0xf0, 0xf0, 0xf0, 0xf0, 0xf0, 0xf0, 0xf0, 0xf0,
  0xf0, 0xf0, 0xf0, 0xf0, 0xf0, 0xf0, 0xf0, 0xf0, 0xf0, 0xf0, 0xf0, 0xf0, 0xf0, 0xf0, 0xf0, 0xf0, 0xf0, 0xf0, 0xf0, 0xf0, 0xf0, 0xf0, 0xf0, 0xf0,
  0xf0, 0xf0, 0xf0, 0xf0, 0xf0, 0xf0, 0xf0, 0xf0, 0xf0, 0xf0, 0xf0, 0xf0, 0xf0, 0xf0, 0xf0, 0xf0, 0xf0, 0xf0, 0xf0, 0xf0, 0xf0, 0xf0, 0xf0, 0xf0,
  0xf0, 0xe0, 0xf5, 0xf5, 0x45, 0xf0, 0xf0, 0xb0, 0xf0, 0xf0, 0xc0, 0x15, 0xe0, 0xf5, 0xf0, 0xf0, 0xf0, 0xf0, 0xf0, 0x05, 0xf3, 0xb3, 0x76, 0x03,
  0x01, 0xe5, 0xf0, 0xb0, 0xf0, 0xf0, 0xb0, 0x05, 0x03, 0xf1, 0xd1, 0x06, 0x03, 0x01, 0xf5, 0x45, 0x61, 0x25, 0x01, 0x05, 0xf1, 0xf1, 0xf1, 0xf1,
  0xf1, 0x41, 0x18, 0x21, 0x06, 0x23, 0x06, 0x13, 0x06, 0x03, 0x08, 0x01, 0x55, 0xf0, 0x40, 0xf0, 0xb0, 0x05, 0xf1, 0x46, 0xf1, 0x81, 0x26, 0x03,
  0x36, 0x81, 0x66, 0xe1, 0xf6, 0x66, 0x13, 0x76, 0x93, 0x18, 0xa1, 0x16, 0xf1, 0x81, 0x73, 0x76, 0x51, 0x05, 0xf0, 0x30, 0xf0, 0x20, 0x75, 0x01,
  0x08, 0x61, 0x73, 0x36, 0xf1, 0xe1, 0x06, 0xf1, 0xf1, 0xf1, 0xf1, 0x41, 0x36, 0xf1, 0x56, 0xf1, 0x41, 0x26, 0x23, 0x16, 0xf1, 0x21, 0xf0, 0x00,
  0xe0, 0x35, 0x01, 0x33, 0x11, 0x08, 0xb1, 0x86, 0xf1, 0xf1, 0xf1, 0xf1, 0xf1, 0xf1, 0x51, 0x26, 0xf1, 0xf1, 0xb1, 0x06, 0x03, 0x06, 0x03, 0x16,
  0xf1, 0x31, 0x05, 0xf0, 0xd0, 0x01, 0x03, 0x06, 0x53, 0xf1, 0x38, 0x46, 0xf1, 0xf1, 0xf1, 0xf1, 0xf1, 0xa1, 0x26, 0xd1, 0x18, 0x73, 0x26, 0xb3,
  0xb1, 0x43, 0x26, 0xf1, 0x51, 0x03, 0x05, 0xe0, 0xb0, 0x05, 0x11, 0x03, 0x06, 0x63, 0x08, 0xf1, 0x18, 0x13, 0x26, 0xf1, 0xc1, 0x38, 0xf1, 0xf1,
  0xf1, 0xf1, 0xf1, 0xf1, 0xf1, 0x41, 0x33, 0x06, 0xf1, 0x51, 0x05, 0xd0, 0xb0, 0x01, 0x03, 0x01, 0x26, 0x73, 0xd1, 0x08, 0x01, 0x28, 0x01, 0x18,
  0xf1, 0xf1, 0xf1, 0xf1, 0xf1, 0xc1, 0x06, 0x83, 0x38, 0x05, 0x10, 0x45, 0xa0, 0x55, 0xf0, 0x00, 0x05, 0xf1, 0xb1, 0xd0, 0xa0, 0x05, 0x51, 0x53,
  0x08, 0x53, 0x08, 0x31, 0x08, 0x33, 0x18, 0xf5, 0x75, 0x80, 0x95, 0x61, 0x16, 0xf1, 0xf1, 0xf1, 0x81, 0x25, 0xf0, 0xf0, 0xf0, 0x70, 0x05, 0x13,
  0x16, 0x11, 0x06, 0x61, 0xd0, 0x90, 0x05, 0x08, 0x71, 0x08, 0x43, 0x01, 0x15, 0x61, 0x55, 0xf0, 0xf0, 0xb0, 0x95, 0xf1, 0xf1, 0x21, 0x16, 0x61,
  0x08, 0x05, 0xf0, 0xf0, 0xf0, 0xf0, 0x50, 0x05, 0x01, 0x08, 0x03, 0x06, 0x01, 0x06, 0x61, 0xd0, 0x90, 0x05, 0x81, 0x03, 0x1f, 0x13, 0x0f, 0x05,
  0xf0, 0xf0, 0xf0, 0xf0, 0x40, 0x05, 0xf1, 0xf1, 0x11, 0x26, 0x21, 0x08, 0x01, 0xf0, 0xf0, 0xf0, 0xf0, 0xa0, 0x05, 0x01, 0x06, 0x81, 0xd0, 0x90,
  0x05, 0x71, 0x03, 0x0f, 0x0e, 0x0f, 0x25, 0xf0, 0xf0, 0xf0, 0xf0, 0x70, 0x01, 0x08, 0x41, 0x16, 0xf1, 0x61, 0x36, 0x31, 0x05, 0xf0, 0xf0, 0xf0,
  0xf0, 0xb0, 0x05, 0x03, 0x61, 0x06, 0x01, 0xd0, 0x90, 0x05, 0x61, 0x03, 0x0f, 0x1e, 0xf0, 0xf0, 0xf0, 0xf0, 0xb0, 0x05, 0x11, 0x66, 0x41, 0xa5,
  0x51, 0x16, 0x13, 0x01, 0x08, 0x01, 0xf0, 0xf0, 0xf0, 0xf0, 0xe0, 0x51, 0x16, 0x03, 0x01, 0xd0, 0x90, 0x05, 0x51, 0x03, 0x0f, 0x0e, 0x00, 0x09,
  0x05, 0xf0, 0xf0, 0xf0, 0xf0, 0xb0, 0x05, 0x08, 0x03, 0x66, 0x03, 0x11, 0x05, 0xa0, 0x05, 0x08, 0x21, 0x16, 0x13, 0x11, 0x08, 0x05, 0xf0, 0xf0,
  0xe0, 0x05, 0x4c, 0xf0, 0xa0, 0x01, 0x03, 0x21, 0x16, 0x03, 0x01, 0xd0, 0x90, 0x05, 0x41, 0x08, 0x1f, 0x0e, 0xf0, 0xf0, 0xe0, 0x09, 0x1c, 0x00,
  0x1c, 0x09, 0xf0, 0x90, 0x01, 0x08, 0x13, 0x36, 0x03, 0x01, 0x05, 0xd0, 0x15, 0x01, 0x46, 0x03, 0x11, 0xf0, 0xf0, 0xf0, 0x0b, 0x44, 0x09, 0xf0,
  0x90, 0x05, 0x06, 0x11, 0x33, 0x01, 0xd0, 0x90, 0x05, 0x06, 0x31, 0x03, 0x0d, 0x0f, 0x08, 0xf0, 0xf0, 0xe0, 0x0b, 0x44, 0x0b, 0xf0, 0xa0, 0x01,
  0x03, 0x06, 0x03, 0x16, 0x03, 0x01, 0xf0, 0x10, 0x01, 0x03, 0x46, 0x01, 0xf0, 0xf0, 0xe0, 0x0c, 0x0e, 0x54, 0x0e, 0x0c, 0xf0, 0x80, 0x05, 0x21,
  0x06, 0x23, 0x01, 0xd0, 0x90, 0x05, 0x31, 0x03, 0x0f, 0x0d, 0x0f, 0x05, 0xf0, 0xf0, 0xc0, 0x09, 0x0b, 0x64, 0x0b, 0xf0, 0x90, 0x01, 0x03, 0x06,
  0x13, 0x06, 0x08, 0x01, 0xf0, 0x10, 0x05, 0x13, 0x26, 0x03, 0x01, 0xf0, 0xf0, 0xe0, 0x0b, 0x74, 0x0d, 0xf0, 0x80, 0x05, 0x08, 0x11, 0x06, 0x23,
  0x01, 0xd0, 0x90, 0x05, 0x31, 0x03, 0x0f, 0x0d, 0x0f, 0x05, 0xf0, 0xf0, 0xc0, 0x0b, 0x84, 0xf0, 0x90, 0x01, 0x03, 0x06, 0x23, 0x05, 0xf0, 0x30,
  0x05, 0x01, 0x03, 0x16, 0x03, 0x01, 0xf0, 0xf0, 0xc0, 0x09, 0x0d, 0x84, 0x0e, 0xf0, 0x80, 0x05, 0x08, 0x11, 0x06, 0x23, 0x01, 0xd0, 0x90, 0x05,
  0x31, 0x03, 0x1d, 0x0f, 0xf0, 0xf0, 0xc0, 0x0b, 0x94, 0xf0, 0x90, 0x01, 0x03, 0x26, 0x03, 0x05, 0xf0, 0x40, 0x01, 0x03, 0x16, 0x03, 0x01, 0xf0,
  0xf0, 0xc0, 0x0b, 0xa4, 0xf0, 0x80, 0x05, 0x03, 0x11, 0x36, 0x01, 0xd0, 0x90, 0x05, 0x31, 0x03, 0x1d, 0x0f, 0xf0, 0xf0, 0xc0, 0xa4, 0xf0, 0x90,
  0x01, 0x03, 0x26, 0x03, 0x05, 0xf0, 0x40, 0x01, 0x03, 0x16, 0x03, 0x01, 0xf0, 0xf0, 0xa0, 0x05, 0x0e, 0xa4, 0x0b, 0xf0, 0x80, 0x05, 0x03, 0x01,
  0x26, 0x03, 0x08, 0x05, 0xd0, 0x90, 0x05, 0x31, 0x03, 0x1d, 0x0f, 0xf0, 0xf0, 0xa0, 0x0c, 0xa4, 0x0e, 0xf0, 0x90, 0x01, 0x03, 0x06, 0x11, 0x03,
  0x05, 0xf0, 0x40, 0x01, 0x03, 0x16, 0x03, 0x01, 0xf0, 0xf0, 0xa0, 0x0b, 0xa4, 0xf0, 0xa0, 0x05, 0x03, 0x01, 0x06, 0x13, 0x01, 0x05, 0xe0, 0xa0,
  0x31, 0x03, 0x1d, 0x0f, 0xf0, 0xf0, 0xa0, 0xa4, 0xf0, 0xb0, 0x01, 0x03, 0x21, 0x03, 0x05, 0xf0, 0x40, 0x01, 0x03, 0x16, 0x03, 0x01, 0xf0, 0xf0,
  0x90, 0x0e, 0xb4, 0x05, 0xf0, 0x90, 0x05, 0x03, 0x01, 0x06, 0x13, 0x05, 0xf0, 0xb0, 0x05, 0x11, 0x03, 0x1d, 0x0f, 0xf0, 0xf0, 0x80, 0x0c, 0xb4,
  0x09, 0xf0, 0xa0, 0x01, 0x06, 0x21, 0x08, 0x05, 0xf0, 0x40, 0x01, 0x03, 0x11, 0x03, 0x01, 0xf0, 0xf0, 0x90, 0xa4, 0xf0, 0xc0, 0x01, 0x03, 0x26,
  0x03, 0x05, 0xf0, 0xc0, 0x11, 0x03, 0x1d, 0x0f, 0xf0, 0xf0, 0x70, 0x0c, 0xa4, 0x0b, 0x05, 0xf0, 0xb0, 0x41, 0x08, 0x05, 0xf0, 0x40, 0x01, 0x06,
  0x31, 0xf0, 0xf0, 0x70, 0x0b, 0xa4, 0x0e, 0x05, 0xf0, 0xb0, 0x01, 0x13, 0x16, 0x03, 0x05, 0xf0, 0xc0, 0x05, 0x13, 0x1d, 0x0f, 0xf0, 0xf0, 0x70,
  0xb4, 0x0c, 0xf0, 0xc0, 0x05, 0x41, 0x05, 0xf0, 0x40, 0x51, 0xf0, 0xf0, 0x70, 0xa4, 0x0b, 0xf0, 0xd0, 0x01, 0x13, 0x06, 0x01, 0x08, 0x05, 0xf0,
  0xc0, 0x05, 0x13, 0x1d, 0xf0, 0xf0, 0x60, 0x05, 0xb4, 0x09, 0xf0, 0xd0, 0x05, 0x41, 0x05, 0xf0, 0x40, 0x51, 0x05, 0xf0, 0xf0, 0x50, 0xa4, 0x0e,
  0xf0, 0xe0, 0x01, 0x13, 0x06, 0x01, 0x08, 0x05, 0xf0, 0xc0, 0x05, 0x13, 0x07, 0x03, 0x08, 0x05, 0xf0, 0xf0, 0x30, 0x0c, 0xa4, 0x0d, 0x0c, 0xf0,
  0xd0, 0x05, 0x51, 0x05, 0xf0, 0x40, 0x51, 0x08, 0x05, 0xf0, 0xf0, 0x30, 0xa4, 0x0b, 0x09, 0xf0, 0xe0, 0x01, 0x13, 0x21, 0x05, 0xf0, 0xc0, 0x01,
  0x23, 0x06, 0x03, 0x01, 0xf0, 0xf0, 0x20, 0x05, 0x0e, 0xa4, 0xf0, 0xe0, 0x01, 0x08, 0x51, 0xf0, 0x50, 0x51, 0x08, 0x05, 0xf0, 0xf0, 0x10, 0x0c,
  0xb4, 0xf0, 0xe0, 0x15, 0x01, 0x03, 0x06, 0x21, 0x05, 0xf0, 0xc0, 0x05, 0x03, 0x01, 0x06, 0x23, 0x05, 0xf0, 0xf0, 0x00, 0x05, 0xb4, 0x0c, 0xf0,
  0xe0, 0x01, 0x06, 0x51, 0xf0, 0x50, 0x51, 0x08, 0x05, 0xf0, 0xf0, 0x10, 0xa4, 0x0e, 0x09, 0xf0, 0xe0, 0x05, 0x08, 0x06, 0x41, 0xf0, 0x00, 0xc0,
  0x05, 0x03, 0x11, 0x08, 0x13, 0x05, 0xf0, 0xf0, 0x05, 0x0b, 0xa4, 0xf0, 0xf0, 0x00, 0x71, 0xf0, 0x50, 0x51, 0x03, 0x01, 0xf0, 0xf0, 0x09, 0xb4,
  0x05, 0xf0, 0xf0, 0x05, 0x08, 0x41, 0x05, 0xf0, 0x00, 0xc0, 0x05, 0x03, 0x21, 0x18, 0x05, 0xf0, 0xf0, 0x0d, 0xa4, 0xf0, 0xf0, 0x10, 0x01, 0x06,
  0x51, 0xf0, 0x50, 0x05, 0x41, 0x03, 0x01, 0xf0, 0xe0, 0x05, 0xa4, 0x0b, 0x05, 0xf0, 0xf0, 0x00, 0x05, 0x41, 0x08, 0x05, 0xf0, 0x00, 0xc0, 0x05,
  0x03, 0x21, 0x08, 0x01, 0x05, 0xf0, 0xd0, 0x05, 0x0b, 0xa4, 0xf0, 0xf0, 0x20, 0x01, 0x06, 0x31, 0x06, 0x01, 0xf0, 0x50, 0x05, 0x08, 0x31, 0x03,
  0x01, 0xf0, 0xd0, 0x09, 0x0b, 0xa4, 0x0c, 0xf0, 0xf0, 0x10, 0x05, 0x41, 0x03, 0x05, 0xf0, 0x00, 0xc0, 0x05, 0x03, 0x31, 0x13, 0xf0, 0xd0, 0x0b,
  0xa4, 0x0b, 0xf0, 0xf0, 0x20, 0x01, 0x06, 0x01, 0x06, 0x01, 0x06, 0x01, 0x05, 0xf0, 0x50, 0x05, 0x21, 0x06, 0x01, 0x03, 0x01, 0xf0, 0xd0, 0x0e,
  0x94, 0x0e, 0x09, 0xf0, 0xf0, 0x20, 0x05, 0x31, 0x13, 0x05, 0xf0, 0x00, 0xc0, 0x05, 0x03, 0x21, 0x08, 0x13, 0x05, 0xf0, 0xc0, 0xa4, 0x0e, 0xf0,
  0xf0, 0x30, 0x01, 0x26, 0x01, 0x03, 0x05, 0xf0, 0x80, 0x05, 0x03, 0x06, 0x01, 0x03, 0x01, 0xf0, 0xb0, 0x05, 0x0b, 0xa4, 0xf0, 0xf0, 0x40, 0x05,
  0x21, 0x13, 0x01, 0xf0, 0x10, 0xd0, 0x08, 0x11, 0x18, 0x13, 0x05, 0xf0, 0xa0, 0x09, 0xa4, 0x0b, 0x05, 0xf0, 0xf0, 0x30, 0x01, 0x36, 0x03, 0x05,
  0xf0, 0x80, 0x05, 0x03, 0x16, 0x03, 0x01, 0x05, 0xf0, 0xb0, 0xa4, 0x0c, 0xf0, 0xf0, 0x40, 0x05, 0x21, 0x03, 0x08, 0xf0, 0x20, 0xd0, 0x05, 0x01,
  0x03, 0x01, 0x23, 0x05, 0xf0, 0x90, 0x0c, 0xb4, 0x0c, 0xf0, 0xf0, 0x30, 0x11, 0x36, 0x03, 0x05, 0xf0, 0x80, 0x05, 0x23, 0x16, 0x03, 0x05, 0xf0,
  0x80, 0x0b, 0xa4, 0xf0, 0xf0, 0x50, 0x41, 0x03, 0x01, 0xf0, 0x20, 0xe0, 0x01, 0x03, 0x01, 0x23, 0x05, 0xf0, 0x80, 0x05, 0x0e, 0x94, 0x0b, 0xf0,
  0xf0, 0x40, 0x05, 0x08, 0x03, 0x36, 0x03, 0x05, 0xf0, 0x80, 0x05, 0x23, 0x16, 0x03, 0x05, 0xf0, 0x70, 0x0c, 0xa4, 0x0c, 0xf0, 0xf0, 0x50, 0x01,
  0x03, 0x21, 0x03, 0x08, 0xf0, 0x20, 0xe0, 0x01, 0x03, 0x01, 0x23, 0x05, 0xf0, 0x70, 0x05, 0xb4, 0x0c, 0xf0, 0xf0, 0x40, 0x05, 0x01, 0x46, 0x03,
  0x05, 0xf0, 0x80, 0x01, 0x33, 0x06, 0x03, 0x05, 0xf0, 0x60, 0x0e, 0xa4, 0x0b, 0xf0, 0xf0, 0x60, 0x01, 0x03, 0x21, 0x03, 0x01, 0xf0, 0x20, 0xe0,
  0x01, 0x03, 0x01, 0x33, 0x05, 0xf0, 0x50, 0x0c, 0x0b, 0x94, 0x0e, 0x05, 0xf0, 0xf0, 0x60, 0x01, 0x03, 0x36, 0x03, 0xf0, 0x90, 0x01, 0x23, 0x06,
  0x13, 0x05, 0xf0, 0x50, 0x0c, 0xa4, 0x0b, 0xf0, 0xf0, 0x70, 0x01, 0x03, 0x21, 0x03, 0x08, 0xf0, 0x20, 0xe0, 0x01, 0x03, 0x01, 0x33, 0x01, 0xf0,
  0x50, 0xa4, 0x0d, 0x0c, 0xf0, 0xf0, 0x60, 0x05, 0x01, 0x03, 0x16, 0x03, 0x01, 0x05, 0xf0, 0xa0, 0x01, 0x06, 0x03, 0x16, 0x03, 0x01, 0xf0, 0x50,
  0xa4, 0x0b, 0xf0, 0xf0, 0x70, 0x05, 0x01, 0x03, 0x31, 0x05, 0xf0, 0x20, 0xe0, 0x05, 0x01, 0x43, 0x05, 0xf0, 0x30, 0x09, 0x0b, 0xa4, 0x05, 0xf0,
  0xf0, 0x70, 0x11, 0x26, 0x03, 0x01, 0xf0, 0xc0, 0x01, 0x03, 0x26, 0x11, 0xf0, 0x20, 0x0c, 0xa4, 0x0b, 0x05, 0xf0, 0xf0, 0x60, 0x05, 0x03, 0x26,
  0x01, 0x06, 0x05, 0xf0, 0x30, 0xf0, 0x05, 0x43, 0x01, 0xf0, 0x30, 0x0b, 0xa4, 0xf0, 0xf0, 0x80, 0x05, 0x01, 0x46, 0x01, 0xf0, 0xc0, 0x01, 0x03,
  0x26, 0x03, 0x08, 0x05, 0xf0, 0x10, 0xa4, 0x0d, 0xf0, 0xf0, 0x80, 0x01, 0x03, 0x36, 0x01, 0x05, 0xf0, 0x30, 0xf0, 0x05, 0x43, 0x18, 0xf0, 0x00,
  0x09, 0x0b, 0xa4, 0x09, 0xf0, 0xf0, 0x80, 0x05, 0x01, 0x06, 0x01, 0x16, 0x03, 0x01, 0xf0, 0xc0, 0x13, 0x06, 0x03, 0x16, 0x01, 0x05, 0xf0, 0x00,
  0x0e, 0x94, 0x0b, 0x05, 0xf0, 0xf0, 0x80, 0x05, 0x03, 0x36, 0x03, 0x05, 0xf0, 0x30, 0xf0, 0x05, 0x03, 0x08, 0x13, 0x08, 0x03, 0x08, 0xf0, 0x00,
  0x0b, 0xa4, 0x0c, 0xf0, 0xf0, 0x80, 0x05, 0x31, 0x16, 0x01, 0x05, 0xf0, 0xc0, 0x01, 0x16, 0x03, 0x06, 0x03, 0x01, 0x05, 0xe0, 0x0c, 0x0b, 0xa4,
  0x05, 0xf0, 0xf0, 0x90, 0x01, 0x03, 0x36, 0x01, 0x05, 0xf0, 0x30, 0xf0, 0x00, 0x05, 0x11, 0x28, 0x01, 0xf0, 0x00, 0xa4, 0x09, 0xf0, 0xf0, 0x90,
  0x05, 0x03, 0x21, 0x16, 0x05, 0xf0, 0xe0, 0x01, 0x03, 0x26, 0x11, 0x05, 0xd0, 0x0d, 0x94, 0x0b, 0xf0, 0xf0, 0xa0, 0x05, 0x01, 0x36, 0x01, 0xf0,
  0x50, 0xf0, 0x00, 0x05, 0x01, 0x08, 0x11, 0x08, 0x01, 0x05, 0xd0, 0x0c, 0xa4, 0xf0, 0xf0, 0xb0, 0x05, 0x03, 0x21, 0x16, 0xf0, 0xf0, 0x01, 0x03,
  0x36, 0x03, 0x01, 0xd0, 0xa4, 0x0c, 0xf0, 0xf0, 0xa0, 0x08, 0x46, 0x01, 0xf0, 0x50, 0xf0, 0x10, 0x51, 0x03, 0x05, 0xc0, 0x0c, 0x94, 0xf0, 0xf0,
  0xc0, 0x01, 0x03, 0x01, 0x06, 0x01, 0x06, 0x03, 0x05, 0xf0, 0xe0, 0x01, 0x03, 0x31, 0x03, 0x01, 0xd0, 0x84, 0x0e, 0xf0, 0xf0, 0xc0, 0x01, 0x36,
  0x03, 0x01, 0xf0, 0x50, 0xf0, 0x10, 0x05, 0x41, 0x03, 0x05, 0xd0, 0x84, 0xf0, 0xf0, 0xc0, 0x01, 0x03, 0x26, 0x21, 0xf0, 0xf0, 0x00, 0x41, 0x03,
  0x01, 0x05, 0xc0, 0x0b, 0x64, 0x0e, 0x0c, 0xf0, 0xf0, 0xb0, 0x05, 0x46, 0x01, 0x05, 0xf0, 0x50, 0xf0, 0x20, 0x21, 0x08, 0x01, 0x08, 0x01, 0xc0,
  0x0c, 0x0d, 0x64, 0x0b, 0xf0, 0xf0, 0xc0, 0x01, 0x03, 0x36, 0x01, 0xf0, 0xf0, 0x10, 0x05, 0x21, 0x16, 0x03, 0x08, 0x05, 0xc0, 0x0b, 0x54, 0xf0,
  0xf0, 0xc0, 0x05, 0x01, 0x46, 0x05, 0xf0, 0x60, 0xf0, 0x20, 0x01, 0x03, 0x51, 0x05, 0xc0, 0x0e, 0x44, 0x0c, 0xf0, 0xf0, 0xc0, 0x05, 0x01, 0x03,
  0x36, 0x01, 0xf0, 0xf0, 0x10, 0x05, 0x08, 0x11, 0x36, 0x05, 0xc0, 0x09, 0x0b, 0x1e, 0x0d, 0x0b, 0xf0, 0xf0, 0xd0, 0x01, 0x03, 0x01, 0x26, 0x03,
  0x05, 0xf0, 0x60, 0xf0, 0x30, 0x01, 0x03, 0x01, 0x08, 0x01, 0x13, 0x05, 0xc0, 0x0c, 0x2b, 0xf0, 0xf0, 0xf0, 0x01, 0x03, 0x36, 0x03, 0x01, 0xf0,
  0xf0, 0x20, 0x31, 0x26, 0x01, 0x05, 0xf0, 0xf0, 0xf0, 0xe0, 0x05, 0x01, 0x06, 0x11, 0x16, 0x01, 0xf0, 0x70, 0xf0, 0x30, 0x05, 0x03, 0x01, 0x33,
  0x05, 0xf0, 0xf0, 0xf0, 0xf0, 0x01, 0x16, 0x03, 0x26, 0x01, 0x05, 0xf0, 0xf0, 0x30, 0x01, 0x06, 0x01, 0x26, 0x03, 0x01, 0xf0, 0xf0, 0xf0, 0xe0,
  0x08, 0x06, 0x01, 0x06, 0x01, 0x06, 0x01, 0xf0, 0x80, 0xf0, 0x30, 0x05, 0x53, 0x01, 0x05, 0xf0, 0xf0, 0xf0, 0xd0, 0x05, 0x08, 0x03, 0x06, 0x03,
  0x26, 0x05, 0xf0, 0xf0, 0x40, 0x05, 0x03, 0x11, 0x06, 0x21, 0x05, 0xf0, 0xf0, 0xf0, 0xc0, 0x05, 0x31, 0x16, 0x01, 0xf0, 0x80, 0xf0, 0x40, 0x01,
  0x06, 0x23, 0x06, 0x03, 0x08, 0x05, 0xf0, 0xf0, 0xf0, 0xb0, 0x05, 0x11, 0x06, 0x13, 0x06, 0x13, 0xf0, 0xf0, 0x60, 0x11, 0x06, 0x41, 0xf0, 0xf0,
  0xf0, 0xb0, 0x05, 0x08, 0x31, 0x16, 0x05, 0xf0, 0x80, 0xf0, 0x50, 0x01, 0x33, 0x16, 0x01, 0x05, 0xf0, 0xf0, 0xf0, 0xa0, 0x01, 0x08, 0x01, 0x16,
  0x13, 0x01, 0x05, 0xf0, 0xf0, 0x70, 0x01, 0x06, 0x41, 0x05, 0xf0, 0xf0, 0xf0, 0x90, 0x05, 0x51, 0x06, 0x01, 0xf0, 0x90, 0xf0, 0x50, 0x05, 0x33,
  0x16, 0x03, 0x01, 0xf0, 0xf0, 0xf0, 0x90, 0x05, 0x31, 0x03, 0x01, 0x03, 0x01, 0xf0, 0xf0, 0x80, 0x81, 0xf0, 0xf0, 0xf0, 0x70, 0x05, 0x08, 0x61,
  0xf0, 0xa0, 0xf0, 0x60, 0x01, 0x33, 0x16, 0x11, 0x05, 0xf0, 0xf0, 0xf0, 0x50, 0x05, 0x71, 0x03, 0x05, 0xf0, 0xf0, 0x80, 0x05, 0x81, 0xf0, 0xf0,
  0xf0, 0x40, 0x91, 0x05, 0xf0, 0xa0, 0xf0, 0x70, 0x01, 0x03, 0x46, 0x03, 0x08, 0x05, 0xf0, 0xf0, 0xf0, 0x30, 0x05, 0x81, 0x05, 0xf0, 0xf0, 0xa0,
  0x05, 0x81, 0x25, 0xf0, 0xf0, 0xf0, 0x05, 0x08, 0x81, 0xf0, 0xb0, 0xf0, 0x70, 0x05, 0x06, 0x03, 0x01, 0x06, 0x21, 0x06, 0x11, 0x05, 0xf0, 0xf0,
  0xf0, 0x05, 0x81, 0x08, 0x01, 0xf0, 0xf0, 0xc0, 0x05, 0x61, 0x03, 0x21, 0x05, 0xf0, 0xf0, 0xa0, 0x05, 0x08, 0xa1, 0x05, 0xf0, 0xc0, 0xf0, 0x80,
  0x81, 0x18, 0x01, 0x15, 0xf0, 0xf0, 0x70, 0x45, 0x01, 0x03, 0x61, 0x08, 0x01, 0xf0, 0xf0, 0xe0, 0x01, 0x03, 0x41, 0x26, 0x11, 0x15, 0x21, 0x05,
  0xf0, 0xd0, 0x05, 0x61, 0x13, 0x16, 0x61, 0x05, 0xf0, 0xd0, 0xf0, 0x90, 0x05, 0x81, 0x23, 0x01, 0x55, 0xf0, 0xd0, 0x25, 0x01, 0x33, 0x06, 0x81,
  0xf0, 0xf0, 0xf0, 0x00, 0x41, 0x26, 0x11, 0x13, 0x06, 0x03, 0x06, 0x03, 0x01, 0x05, 0x00, 0x45, 0xf0, 0x65, 0x01, 0x63, 0x46, 0x41, 0x05, 0xf0,
  0xe0, 0xf0, 0xa0, 0x01, 0x03, 0x61, 0x83, 0x01, 0x05, 0xf0, 0x70, 0x45, 0x01, 0x53, 0x26, 0x61, 0xf0, 0xf0, 0xf0, 0x20, 0x05, 0x08, 0x21, 0x06,
  0xf1, 0xf1, 0x71, 0x08, 0x63, 0x66, 0x03, 0x01, 0x05, 0xf0, 0xf0, 0xf0, 0xb0, 0x05, 0x01, 0x03, 0x21, 0x08, 0xa3, 0xf1, 0xd1, 0x63, 0x06, 0x03,
  0x06, 0x21, 0x13, 0x05, 0xf0, 0xf0, 0xf0, 0x40, 0x05, 0xc1, 0xa3, 0x88, 0x21, 0x18, 0xe3, 0x36, 0x21, 0x05, 0xf0, 0xf0, 0x00, 0xf0, 0xd0, 0x01,
  0x08, 0x03, 0x11, 0xf3, 0x73, 0x46, 0xf3, 0x33, 0x08, 0x51, 0xf0, 0xf0, 0xf0, 0x70, 0x05, 0x01, 0x13, 0x08, 0x61, 0x16, 0x23, 0x26, 0xf1, 0x61,
  0x06, 0x03, 0x48, 0x03, 0x06, 0x08, 0x23, 0x05, 0xf0, 0xf0, 0x30, 0xf0, 0xf0, 0x01, 0x53, 0x16, 0x13, 0x06, 0x33, 0x16, 0xf1, 0x31, 0x08, 0x06,
  0x83, 0x08, 0x11, 0x08, 0x23, 0x05, 0xf0, 0xf0, 0xf0, 0xa0, 0x35, 0x51, 0x03, 0x26, 0x13, 0x36, 0xf1, 0x61, 0x08, 0x21, 0x08, 0x01, 0x08, 0x03,
  0x35, 0xf0, 0xf0, 0x40, 0xf0, 0xf0, 0x00, 0x01, 0x15, 0x01, 0xb3, 0x06, 0x38, 0x23, 0x08, 0x81, 0x38, 0xa3, 0x06, 0x03, 0x01, 0x25, 0xf0, 0xf0,
  0xf0, 0xf0, 0x01, 0x08, 0x51, 0x06, 0xf1, 0xe1, 0x13, 0x18, 0x11, 0x08, 0xf0, 0xf0, 0x80, 0xf0, 0xf0, 0x30, 0x05, 0x73, 0x06, 0xf1, 0xd1, 0x06,
  0x53, 0x08, 0xf0, 0xf0, 0xf0, 0xf0, 0x40, 0x35, 0x10, 0x01, 0x03, 0x06, 0xf3, 0x33, 0x48, 0x03, 0x06, 0x03, 0x01, 0x35, 0xf0, 0xf0, 0xc0, 0xf0,
  0xf0, 0x40, 0x55, 0x00, 0x01, 0xf3, 0xe3, 0x01, 0x35, 0x00, 0x05, 0xf0, 0xf0, 0xf0, 0xf0, 0xb0, 0x05, 0xf1, 0xd1, 0x05, 0xf0, 0xf0, 0xf0, 0x00,
  0xf0, 0xf0, 0xc0, 0xf1, 0xe1, 0x05, 0xf0, 0xf0, 0xf0, 0xf0, 0xf0, 0xf0, 0xf0, 0xf0, 0xf0, 0xf0, 0x20, 0xf0, 0xf0, 0xf0, 0xf0, 0xf0, 0xf0, 0xf0,
  0xf0, 0xf0, 0xf0, 0xf0, 0xf0, 0xf0, 0xf0, 0xf0, 0xf0, 0xf0, 0xf0, 0xf0, 0xf0, 0xf0, 0xf0, 0xf0, 0xf0, 0xf0, 0xf0, 0xf0, 0xf0, 0xf0, 0xf0, 0xf0,
  0xf0, 0xf0, 0xf0, 0xf0, 0xf0, 0xf0, 0xf0, 0xf0, 0xf0, 0xf0, 0xf0, 0xf0, 0xf0, 0xf0, 0xf0, 0xf0, 0xf0, 0xf0, 0xf0, 0xf0, 0xf0, 0xf0, 0xf0, 0xf0,
  0xf0, 0xf0, 0xf0, 0xf0, 0xf0, 0xf0, 0xf0, 0xf0, 0xf0, 0xf0, 0xf0, 0xf0, 0xf0, 0xf0, 0xf0, 0xf0, 0xf0, 0xf0, 0xf0, 0xf0, 0xf0, 0xf0, 0xf0, 0xf0,
  0xf0, 0xf0, 0xf0, 0xf0, 0xf0, 0xf0, 0xf0, 0xf0, 0xf0, 0xf0, 0xf0, 0xf0, 0xf0, 0xf0, 0xf0, 0xf0, 0xf0, 0xf0, 0xf0, 0xf0, 0xf0, 0xf0, 0xf0, 0xf0,
  0xf0, 0xf0, 0xf0, 0xf0, 0xf0, 0xf0, 0xf0, 0xf0, 0xf0, 0xf0, 0xf0, 0xf0, 0xf0, 0xf0, 0xf0, 0xf0, 0xf0, 0xf0, 0xf0, 0xf0, 0xf0, 0xf0, 0xf0, 0xf0,
  0xf0, 0xf0, 0xf0, 0xf0, 0xf0, 0xf0, 0xf0, 0xf0, 0xf0, 0xf0, 0xf0, 0xf0, 0xf0, 0xf0, 0xf0, 0xf0, 0xf0, 0xf0, 0xf0, 0xf0, 0xf0, 0xf0, 0xf0, 0xf0,
  0xf0, 0xf0, 0xf0, 0xf0, 0xf0, 0xf0, 0xf0, 0xf0, 0xf0, 0xf0, 0xf0, 0xf0, 0xf0, 0xf0, 0xf0, 0xf0, 0xf0, 0xf0, 0xf0, 0xf0, 0xf0, 0xf0, 0xa0, 0x39,
  0x08, 0x09, 0xf0, 0xf0, 0xf0, 0xf0, 0xf0, 0xe0, 0xf0, 0xf0, 0xf0, 0xf0, 0xf0, 0xc0, 0x08, 0x1a, 0x08, 0x0a, 0x05, 0xf0, 0xf0, 0x60, 0x05, 0x42,
  0x0a, 0xf0, 0xf0, 0xf0, 0xf0, 0xf0, 0xe0, 0xf0, 0xf0, 0xf0, 0xf0, 0xf0, 0xb0, 0x09, 0x42, 0x08, 0xf0, 0xf0, 0x50, 0x08, 0x07, 0x52, 0x07, 0x09,
  0xf0, 0xf0, 0xf0, 0xf0, 0xf0, 0xc0, 0xf0, 0xf0, 0xf0, 0xf0, 0xf0, 0xa0, 0x08, 0x07, 0x42, 0x07, 0x0a, 0x09, 0xf0, 0xf0, 0x20, 0x05, 0x82, 0x09,
  0xf0, 0xf0, 0xf0, 0xf0, 0xf0, 0xc0, 0xf0, 0xf0, 0xf0, 0xf0, 0xf0, 0xa0, 0x82, 0x07, 0xf0, 0xf0, 0x10, 0x0a, 0x07, 0x82, 0x09, 0xf0, 0xf0, 0xf0,
  0xf0, 0xf0, 0xc0, 0xf0, 0xf0, 0xf0, 0xf0, 0xf0, 0xa0, 0x07, 0x82, 0x07, 0x09, 0xf0, 0xe0, 0x09, 0xa2, 0x09, 0xf0, 0xf0, 0xf0, 0xf0, 0xf0, 0xc0,
  0xf0, 0xf0, 0xf0, 0xf0, 0xf0, 0xa0, 0x07, 0x92, 0x07, 0x09, 0xf0, 0xb0, 0x09, 0x0a, 0xb2, 0x09, 0xf0, 0xf0, 0xf0, 0xf0, 0xf0, 0xc0, 0xf0, 0xf0,
  0xf0, 0xf0, 0xf0, 0xa0, 0x0a, 0xb2, 0x07, 0x05, 0xf0, 0x80, 0x05, 0xd2, 0x09, 0xf0, 0xf0, 0xf0, 0xf0, 0xf0, 0xc0, 0xf0, 0xf0, 0xf0, 0xf0, 0xf0,
  0xa0, 0x07, 0xc2, 0x17, 0x09, 0xf0, 0x40, 0x0a, 0x08, 0x07, 0xb2, 0x07, 0x08, 0xf0, 0xf0, 0xf0, 0xf0, 0xf0, 0xd0, 0xf0, 0xf0, 0xf0, 0xf0, 0xf0,
  0xa0, 0x09, 0x07, 0xd2, 0x07, 0x09, 0x05, 0x09, 0x05, 0xc0, 0x09, 0x05, 0x00, 0x08, 0xe2, 0x0a, 0xf0, 0xf0, 0xf0, 0xf0, 0xf0, 0xe0, 0xf0, 0xf0,
  0xf0, 0xf0, 0xf0, 0xc0, 0xf2, 0x12, 0x07, 0xb0, 0x0a, 0x12, 0x07, 0xe2, 0x08, 0x05, 0xf0, 0xf0, 0xf0, 0xf0, 0xf0, 0xe0, 0xf0, 0xf0, 0xf0, 0xf0,
  0xf0, 0xc0, 0x08, 0x07, 0xf2, 0x02, 0x0a, 0x78, 0x2a, 0xf2, 0x12, 0x0a, 0xf0, 0xf0, 0xf0, 0xf0, 0xf0, 0xf0, 0x00, 0xf0, 0xf0, 0xf0, 0xf0, 0xf0,
  0xd0, 0x05, 0xf2, 0xf2, 0xd2, 0x07, 0x05, 0xf0, 0xf0, 0xf0, 0xf0, 0xf0, 0xf0, 0x00, 0xf0, 0xf0, 0xf0, 0xf0, 0xf0, 0xe0, 0x08, 0x07, 0xf2, 0xf2,
  0xa2, 0x07, 0xf0, 0xf0, 0xf0, 0xf0, 0xf0, 0xf0, 0x20, 0xf0, 0xf0, 0xf0, 0xf0, 0xf0, 0xf0, 0x09, 0xf2, 0xf2, 0x92, 0x0a, 0xf0, 0xf0, 0xf0, 0xf0,
  0xf0, 0xf0, 0x30, 0xf0, 0xf0, 0xf0, 0xf0, 0xf0, 0xf0, 0x00, 0x09, 0x07, 0xf2, 0xf2, 0x62, 0x0a, 0xf0, 0xf0, 0xf0, 0xf0, 0xf0, 0xf0, 0x40, 0xf0,
  0xf0, 0xf0, 0xf0, 0xf0, 0xf0, 0x20, 0x07, 0xf2, 0xf2, 0x32, 0x07, 0x05, 0xf0, 0xf0, 0xf0, 0xf0, 0xf0, 0xf0, 0x50, 0xf0, 0xf0, 0xf0, 0xf0, 0xf0,
  0xf0, 0x20, 0x05, 0x19, 0xf2, 0xf2, 0x02, 0x09, 0x05, 0xf0, 0xf0, 0xf0, 0xf0, 0xf0, 0xf0, 0x60, 0xf0, 0xf0, 0xf0, 0xf0, 0xf0, 0xf0, 0x50, 0x08,
  0x09, 0x0a, 0xf2, 0x92, 0x07, 0x09, 0x08, 0x09, 0xf0, 0xf0, 0xf0, 0xf0, 0xf0, 0xf0, 0x80, 0xf0, 0xf0, 0xf0, 0xf0, 0xf0, 0xf0, 0x80, 0x07, 0xf2,
  0x62, 0x07, 0x02, 0x08, 0xf0, 0xf0, 0xf0, 0xf0, 0xf0, 0xf0, 0xb0, 0xf0, 0xf0, 0xf0, 0xf0, 0xf0, 0xf0, 0x90, 0x05, 0x09, 0x05, 0x08, 0xf2, 0x07,
  0x09, 0x05, 0x00, 0x05, 0xf0, 0xf0, 0xf0, 0xf0, 0xf0, 0xf0, 0xc0, 0xf0, 0xf0, 0xf0, 0xf0, 0xf0, 0xf0, 0xd0, 0x57, 0x8a, 0x07, 0x09, 0xf0, 0xf0,
  0xf0, 0xf0, 0xf0, 0xf0, 0xf0, 0x00, 0xf0, 0xf0, 0xf0, 0xf0, 0xf0, 0xf0, 0xf0, 0xf0, 0xf0, 0xf0, 0xf0, 0xf0, 0xf0, 0xf0, 0xf0, 0xf0, 0xf0, 0xf0,
  0xf0, 0xf0, 0xf0, 0xf0, 0xf0, 0xf0, 0xf0, 0xf0, 0xf0, 0xf0, 0xf0, 0xf0, 0xf0, 0xf0, 0xf0, 0xf0, 0xf0, 0xf0, 0xf0, 0xf0, 0xf0, 0xf0, 0xf0, 0xf0,
  0xf0, 0xf0, 0xf0, 0xf0, 0xf0, 0xf0, 0xf0, 0xf0, 0xf0, 0xf0, 0xf0, 0xf0, 0xf0, 0xf0, 0xf0, 0xf0, 0xf0, 0xf0, 0xf0, 0xf0, 0xf0, 0xf0, 0xf0, 0xf0,
  0xf0, 0xf0, 0xf0, 0xf0, 0xf0, 0xf0, 0xf0, 0xf0, 0xf0, 0xf0, 0xf0, 0xf0, 0xf0, 0xf0, 0xf0, 0xf0, 0xf0, 0xf0, 0xf0, 0xf0, 0xf0, 0xf0, 0xf0, 0xf0,
  0xf0, 0xf0, 0xf0, 0xf0, 0xf0, 0xf0, 0xf0, 0xf0, 0xf0, 0xf0, 0xf0, 0xf0, 0xf0, 0xf0, 0xf0, 0xf0, 0xf0, 0xf0, 0xf0, 0xf0, 0xf0, 0xf0, 0xf0, 0xf0,
  0xf0, 0xf0, 0xf0, 0xf0, 0xf0, 0xf0, 0xf0, 0xf0, 0xf0, 0xf0, 0xf0, 0xf0, 0xf0, 0xf0, 0xf0, 0xf0, 0xf0, 0xf0, 0xf0, 0xf0, 0xf0, 0xf0, 0xf0, 0xf0,
  0xf0, 0xf0, 0xf0, 0xf0, 0xf0, 0xf0, 0xf0, 0xf0, 0xf0, 0xf0, 0xf0, 0xf0, 0xf0, 0xf0, 0xf0, 0xf0, 0xf0, 0xf0, 0xf0, 0xf0, 0xf0, 0xf0, 0xf0, 0xf0,
  0xf0, 0xf0, 0xf0, 0xf0, 0xf0, 0xf0, 0xf0, 0xf0, 0xf0, 0xf0, 0xf0, 0xf0, 0xf0, 0xf0, 0xf0, 0xf0, 0xf0, 0xf0, 0xf0, 0xf0, 0xf0, 0xf0, 0xf0, 0xf0,
  0xf0, 0xf0, 0xf0, 0xf0, 0xf0, 0xf0, 0xf0, 0xf0, 0xf0, 0xf0, 0xf0, 0xf0, 0xf0, 0xf0, 0xf0, 0xf0, 0xf0, 0xf0, 0xf0, 0xf0, 0xf0, 0xf0, 0xf0, 0xf0,
  0xf0, 0xf0, 0xf0, 0xf0, 0xf0, 0xf0, 0xf0, 0xf0, 0xf0, 0xf0, 0xf0, 0xf0, 0xf0, 0xf0, 0xf0, 0xf0, 0xf0, 0xf0, 0xf0, 0xf0, 0xf0, 0xf0, 0xf0, 0xf0,
  0xf0, 0xf0, 0xf0, 0xf0, 0xf0, 0xf0, 0xf0, 0xf0, 0xf0, 0xf0, 0xf0, 0xf0, 0xf0, 0xf0, 0xf0, 0xf0, 0xf0, 0xf0, 0xf0, 0xf0, 0xf0, 0xf0, 0xf0, 0xf0,
  0xf0, 0xf0, 0xf0, 0xf0, 0xf0, 0xf0, 0xf0, 0xf0, 0xf0, 0xf0, 0xf0, 0xf0, 0xf0, 0xf0, 0xf0, 0xf0, 0xf0, 0xf0, 0xf0, 0xf0, 0xf0, 0xf0, 0xf0, 0xf0,
  0xf0, 0xf0, 0xf0, 0xf0, 0xf0, 0xf0, 0xf0, 0xf0, 0xf0, 0xf0, 0xf0, 0xf0, 0xf0, 0xf0, 0xf0, 0xf0, 0xf0, 0xf0, 0xf0, 0xf0, 0xf0, 0xf0, 0xf0, 0xf0,
  0xf0, 0xf0, 0xf0, 0xf0, 0xf0, 0xf0, 0xf0, 0xf0, 0xf0, 0xf0, 0xf0, 0xf0, 0xf0, 0xf0, 0xf0, 0xf0, 0xf0, 0xf0, 0xf0, 0xf0, 0xf0, 0xf0, 0xf0, 0xf0,
  0xf0, 0xf0, 0xf0, 0xf0, 0xf0, 0xf0, 0xf0, 0xf0, 0xf0, 0xf0, 0xf0, 0xf0, 0xf0, 0xf0, 0xf0, 0xf0, 0xf0, 0xf0, 0xf0, 0xf0, 0xf0, 0xf0, 0xf0, 0xf0,
  0xf0, 0xf0, 0xf0, 0xf0, 0xf0, 0xf0, 0xf0, 0xf0, 0xf0, 0xf0, 0xf0, 0xf0, 0xf0, 0xf0, 0xf0, 0xf0, 0xf0, 0xf0, 0xf0, 0xf0, 0xf0, 0xf0, 0xf0, 0xf0,
  0xf0, 0xf0, 0xf0, 0xf0, 0xf0, 0xf0, 0xf0, 0xf0, 0xf0, 0xf0, 0xf0, 0xf0, 0xf0, 0xf0, 0xf0, 0xf0, 0xf0, 0xf0, 0xf0, 0xf0, 0xf0, 0xf0, 0xf0, 0xf0,
  0xf0, 0xf0, 0xf0, 0xf0, 0xf0, 0xf0, 0xf0, 0xf0, 0xf0, 0xf0, 0xf0, 0xf0, 0xf0, 0xf0, 0xf0, 0xf0, 0xf0, 0xf0, 0xf0, 0xf0, 0xf0, 0xf0, 0xf0, 0xf0,
  0xf0, 0xf0, 0xf0, 0xf0, 0xf0, 0xf0, 0xf0, 0xf0, 0xf0,
};

static const uint16_t FACE_15_PALETTE[16] PROGMEM = {
  0x169f, 0xe79f, 0x0085, 0x059c, 0x0969, 0x0a6c, 0x0372, 0x0476, 0x6371, 0x4ace, 0x9d99, 0x8cd6, 0x7454, 0xb63b, 0x0000, 0x065f
};
static const uint8_t FACE_15_RUNS[] PROGMEM = {
  0xfe, 0xfe, 0xfe, 0xfe, 0xfe, 0xfe, 0xfe, 0xfe, 0xfe, 0xfe, 0xfe, 0xfe, 0xfe, 0xfe, 0xfe, 0xfe, 0xfe, 0xfe, 0xfe, 0xfe, 0xfe, 0xfe, 0xfe, 0xfe,
  0xfe, 0xfe, 0xfe, 0xfe, 0xfe, 0xfe, 0xfe, 0xfe, 0xfe, 0xfe, 0xfe, 0xfe, 0xfe, 0xfe, 0xfe, 0xfe, 0xfe, 0xfe, 0xfe, 0xfe, 0xfe, 0xfe, 0xfe, 0xfe,
  0xfe, 0xfe, 0xfe, 0xfe, 0xfe, 0xfe, 0xfe, 0xfe, 0xfe, 0xfe, 0xfe, 0xfe, 0xfe, 0xfe, 0xfe, 0xfe, 0xfe, 0xfe, 0xfe, 0xfe, 0xfe, 0xfe, 0xfe, 0xfe,
  0xfe, 0xfe, 0xfe, 0xfe, 0xfe, 0xfe, 0xfe, 0xfe, 0xfe, 0xfe, 0xfe, 0xfe, 0xfe, 0xfe, 0xfe, 0xfe, 0xfe, 0xfe, 0xfe, 0xfe, 0xfe, 0xfe, 0xfe, 0xfe,
  0xfe, 0xfe, 0xfe, 0xfe, 0xfe, 0xfe, 0xfe, 0xfe, 0xfe, 0xfe, 0xfe, 0xfe, 0xfe, 0xfe, 0xfe, 0xfe, 0xfe, 0xfe, 0xfe, 0xfe, 0xfe, 0xfe, 0xfe, 0xfe,
  0xfe, 0xfe, 0xfe, 0xfe, 0xfe, 0xfe, 0xfe, 0xfe, 0xfe, 0xfe, 0xfe, 0xfe, 0xfe, 0xfe, 0xfe, 0xfe, 0xfe, 0xfe, 0xfe, 0xfe, 0xfe, 0xfe, 0xfe, 0xfe,
  0xfe, 0xfe, 0xfe, 0xfe, 0xfe, 0xfe, 0xfe, 0xfe, 0xfe, 0xce, 0x42, 0x0e, 0x02, 0x0e, 0x22, 0x1e, 0x12, 0xfe, 0xfe, 0xfe, 0xfe, 0xfe, 0x2e, 0xa2,
  0x2e, 0x02, 0xfe, 0xfe, 0xfe, 0xfe, 0x1e, 0xfe, 0xfe, 0xfe, 0xbe, 0x05, 0xe3, 0x05, 0xfe, 0xfe, 0xfe, 0xfe, 0xfe, 0x0e, 0x06, 0xb3, 0x07, 0x13,
  0x02, 0xfe, 0xfe, 0xfe, 0xfe, 0x0e, 0xfe, 0xfe, 0xfe, 0x7e, 0x32, 0x07, 0x10, 0xbf, 0x00, 0x03, 0x14, 0x02, 0xfe, 0xfe, 0xfe, 0xfe, 0x9e, 0x22,
  0x04, 0x03, 0x00, 0x0f, 0x00, 0xaf, 0x00, 0x06, 0x32, 0xfe, 0xfe, 0xfe, 0xce, 0xfe, 0xfe, 0xfe, 0x6e, 0x02, 0x43, 0x0f, 0xc3, 0x3f, 0x07, 0x15,
  0xfe, 0xfe, 0xfe, 0xfe, 0x6e, 0x04, 0xf3, 0x83, 0x05, 0xfe, 0xfe, 0xfe, 0xbe, 0xfe, 0xfe, 0xfe, 0x4e, 0x04, 0x05, 0x06, 0x10, 0x6f, 0x73, 0x5f,
  0x10, 0x03, 0x04, 0xfe, 0xfe, 0xfe, 0xfe, 0x4e, 0x05, 0x07, 0x00, 0x8f, 0xa3, 0x2f, 0x00, 0x03, 0x14, 0x02, 0xfe, 0xfe, 0xfe, 0x8e, 0xfe, 0xfe,
  0xfe, 0x2e, 0x02, 0x04, 0x03, 0x00, 0x0f, 0x33, 0x5f, 0x63, 0x5f, 0x33, 0x05, 0xfe, 0xfe, 0xfe, 0xfe, 0x2e, 0x02, 0x0f, 0x00, 0x33, 0x5f, 0xd3,
  0x2f, 0x00, 0x05, 0xfe, 0xfe, 0xfe, 0x8e, 0xfe, 0xfe, 0xfe, 0x1e, 0x02, 0x07, 0x33, 0x9f, 0x63, 0x8f, 0x00, 0x06, 0xfe, 0xfe, 0xfe, 0xfe, 0x1e,
  0x05, 0x13, 0xaf, 0x93, 0x7f, 0x03, 0x06, 0x05, 0x02, 0xfe, 0xfe, 0xfe, 0x5e, 0xfe, 0xfe, 0xfe, 0x02, 0x05, 0x06, 0x03, 0x00, 0x0f, 0x13, 0x9f,
  0x63, 0x7f, 0x03, 0x0f, 0x06, 0xfe, 0xfe, 0xfe, 0xfe, 0x1e, 0x06, 0x00, 0x0f, 0x03, 0x8f, 0xc3, 0x3f, 0x13, 0x0f, 0x00, 0x0f, 0x04, 0xfe, 0xfe,
  0xfe, 0x5e, 0xfe, 0xfe, 0xee, 0x02, 0x06, 0x0f, 0x00, 0x43, 0x7f, 0x93, 0x5f, 0x13, 0x00, 0x06, 0x02, 0xfe, 0xfe, 0xfe, 0xfe, 0x0e, 0x06, 0x0f,
  0x13, 0x5f, 0xc3, 0xbf, 0x03, 0x07, 0x04, 0xfe, 0xfe, 0xfe, 0x3e, 0xfe, 0xfe, 0xde, 0x02, 0x06, 0x1f, 0x03, 0x2f, 0x13, 0x8f, 0x83, 0x4f, 0x23,
  0x00, 0x06, 0x02, 0xfe, 0xfe, 0xfe, 0xfe, 0x0e, 0x06, 0x0f, 0x13, 0x4f, 0xd3, 0xaf, 0x03, 0x0f, 0x00, 0x03, 0x02, 0xfe, 0xfe, 0xfe, 0x2e, 0xfe,
  0xfe, 0xce, 0x02, 0x07, 0x03, 0x0f, 0x13, 0x2f, 0x13, 0x6f, 0x20, 0xaf, 0x43, 0x00, 0x06, 0x02, 0xfe, 0xfe, 0xfe, 0xfe, 0x0e, 0x05, 0x00, 0x0f,
  0x13, 0x0f, 0x13, 0x0f, 0x20, 0x6f, 0x00, 0x1f, 0x33, 0x8f, 0x23, 0x06, 0x02, 0xfe, 0xfe, 0xfe, 0x1e, 0xfe, 0xfe, 0xce, 0x06, 0x00, 0x0f, 0x03,
  0x5f, 0x03, 0x0f, 0x03, 0x2f, 0x00, 0x03, 0xc6, 0x03, 0x0f, 0x13, 0x1f, 0x03, 0x05, 0xfe, 0xfe, 0xfe, 0xfe, 0x1e, 0x04, 0x07, 0x03, 0x5f, 0xb6,
  0x03, 0xff, 0x00, 0x06, 0xfe, 0xfe, 0xfe, 0x1e, 0xfe, 0xfe, 0xae, 0x02, 0x06, 0x23, 0x7f, 0x13, 0x1f, 0x03, 0x0f, 0x03, 0x02, 0xbe, 0x05, 0x03,
  0x1f, 0x00, 0x0f, 0x04, 0xfe, 0xfe, 0xfe, 0xfe, 0x3e, 0x02, 0x03, 0x00, 0x2f, 0x13, 0xbe, 0x06, 0xdf, 0x13, 0x0f, 0x03, 0x05, 0xfe, 0xfe, 0xfe,
  0x0e, 0xfe, 0xfe, 0x9e, 0x02, 0x06, 0x03, 0x8f, 0x13, 0x0f, 0x00, 0x03, 0x24, 0x82, 0x0e, 0x22, 0x1e, 0x04, 0x35, 0x02, 0xfe, 0xfe, 0xfe, 0xfe,
  0x4e, 0x04, 0x35, 0x04, 0x12, 0x0e, 0x22, 0x2e, 0x22, 0x0e, 0x02, 0x04, 0x05, 0x04, 0x03, 0x10, 0x5f, 0x23, 0x0f, 0x03, 0x0f, 0x03, 0x05, 0xfe,
  0xfe, 0xfe, 0xfe, 0xfe, 0x9e, 0x05, 0x0f, 0x13, 0x9f, 0x13, 0x05, 0xfe, 0xfe, 0xfe, 0xfe, 0xfe, 0xfe, 0xfe, 0x3e, 0x05, 0x23, 0x1f, 0x03, 0x0f,
  0x33, 0x3f, 0x03, 0x02, 0xfe, 0xfe, 0xee, 0xfe, 0xfe, 0x8e, 0x05, 0x03, 0xaf, 0x10, 0x04, 0x12, 0xfe, 0xfe, 0xfe, 0xfe, 0xfe, 0xfe, 0xfe, 0x0e,
  0x52, 0x04, 0x0f, 0x00, 0x0f, 0x53, 0x0f, 0x13, 0x0f, 0x06, 0x04, 0xfe, 0xfe, 0xde, 0xfe, 0xfe, 0x7e, 0x02, 0x03, 0x00, 0x03, 0x7f, 0x00, 0x03,
  0x05, 0x04, 0xfe, 0xfe, 0xfe, 0xfe, 0xfe, 0xfe, 0xfe, 0xae, 0x17, 0x03, 0x0f, 0x53, 0x1f, 0x03, 0x00, 0x03, 0xfe, 0xfe, 0xde, 0xfe, 0xfe, 0x6e,
  0x02, 0x04, 0x03, 0x0f, 0x03, 0x8f, 0x05, 0xfe, 0xfe, 0xfe, 0xfe, 0xfe, 0xfe, 0xfe, 0xee, 0x05, 0x00, 0x53, 0x0f, 0x13, 0x0f, 0x03, 0x04, 0x02,
  0xfe, 0xfe, 0xbe, 0xfe, 0xfe, 0x6e, 0x06, 0x03, 0x8f, 0x00, 0x03, 0x04, 0x02, 0xfe, 0xfe, 0xfe, 0xfe, 0xfe, 0xfe, 0xfe, 0xee, 0x02, 0x06, 0x53,
  0x0f, 0x23, 0x0f, 0x03, 0x04, 0xfe, 0xfe, 0xbe, 0xfe, 0xfe, 0x5e, 0x02, 0x06, 0x00, 0x0f, 0x03, 0x6f, 0x03, 0x04, 0xfe, 0xfe, 0xfe, 0xfe, 0xfe,
  0xfe, 0xfe, 0xfe, 0x2e, 0x04, 0x1f, 0x13, 0x1f, 0x43, 0x06, 0x02, 0xfe, 0xfe, 0xae, 0xfe, 0xfe, 0x4e, 0x04, 0x63, 0x2f, 0x00, 0x03, 0x04, 0x02,
  0xfe, 0xfe, 0xfe, 0xfe, 0xfe, 0xfe, 0xfe, 0xfe, 0x2e, 0x02, 0x04, 0x03, 0x0f, 0x03, 0x0f, 0x63, 0x07, 0x02, 0xfe, 0xfe, 0x9e, 0xfe, 0xfe, 0x4e,
  0x05, 0x1f, 0x83, 0x05, 0xfe, 0xfe, 0xfe, 0xfe, 0xfe, 0xfe, 0xfe, 0xfe, 0x6e, 0x05, 0x0f, 0x73, 0x0f, 0x03, 0x02, 0xfe, 0xfe, 0x9e, 0xfe, 0xfe,
  0x4e, 0x05, 0x0f, 0x63, 0x00, 0x03, 0x02, 0xfe, 0xfe, 0xfe, 0xfe, 0xfe, 0xfe, 0xfe, 0xfe, 0x8e, 0x04, 0x03, 0x0f, 0x73, 0x04, 0xfe, 0xfe, 0x9e,
  0xfe, 0xfe, 0x4e, 0x05, 0x0f, 0x73, 0x05, 0x02, 0xfe, 0xfe, 0xfe, 0xfe, 0xfe, 0xfe, 0xfe, 0xfe, 0x9e, 0x07, 0x63, 0x0f, 0x03, 0x04, 0xfe, 0xfe,
  0x9e, 0xfe, 0xfe, 0x4e, 0x05, 0x0f, 0x53, 0x0f, 0x04, 0xfe, 0xfe, 0xfe, 0xfe, 0xfe, 0xfe, 0xfe, 0xfe, 0xce, 0x06, 0x00, 0x43, 0x0f, 0x03, 0x04,
  0xfe, 0xfe, 0x9e, 0xfe, 0xfe, 0x4e, 0x05, 0x63, 0x06, 0x02, 0xfe, 0xfe, 0xfe, 0xfe, 0xfe, 0xfe, 0xfe, 0xfe, 0xce, 0x04, 0x53, 0x0f, 0x03, 0x02,
  0xfe, 0xfe, 0x9e, 0xfe, 0xfe, 0x4e, 0x02, 0x04, 0x03, 0x00, 0x1f, 0x00, 0x03, 0x02, 0xfe, 0xfe, 0xfe, 0xfe, 0xfe, 0xfe, 0xfe, 0xfe, 0xee, 0x02,
  0x03, 0x30, 0x03, 0x02, 0xfe, 0xfe, 0xae, 0xfe, 0xfe, 0x6e, 0x06, 0x03, 0x07, 0x16, 0x05, 0xfe, 0xfe, 0xfe, 0xfe, 0xfe, 0xfe, 0xfe, 0xfe, 0xfe,
  0x0e, 0x04, 0x06, 0x07, 0x13, 0x05, 0xfe, 0xfe, 0xbe, 0xfe, 0xfe, 0x7e, 0x32, 0xfe, 0xfe, 0xfe, 0xfe, 0xfe, 0xfe, 0xfe, 0xfe, 0xfe, 0x2e, 0x32,
  0xfe, 0xfe, 0xce, 0xfe, 0xfe, 0xfe, 0xfe, 0xfe, 0xfe, 0xfe, 0xfe, 0xfe, 0xfe, 0xfe, 0xfe, 0xfe, 0xfe, 0xfe, 0xfe, 0xfe, 0xfe, 0xfe, 0xfe, 0xfe,
  0xfe, 0xfe, 0xfe, 0xfe, 0xfe, 0xfe, 0xfe, 0xfe, 0xfe, 0xfe, 0xfe, 0xfe, 0xfe, 0xfe, 0xfe, 0xfe, 0xfe, 0xfe, 0xfe, 0xfe, 0xfe, 0xfe, 0xfe, 0xfe,
  0xfe, 0xfe, 0xfe, 0xfe, 0xfe, 0xfe, 0xfe, 0xfe, 0xfe, 0xfe, 0xfe, 0xfe, 0xfe, 0xfe, 0xfe, 0xfe, 0xfe, 0xfe, 0xfe, 0xfe, 0xfe, 0xfe, 0xfe, 0xfe,
  0xfe, 0xfe, 0xfe, 0xfe, 0xfe, 0xfe, 0xfe, 0xfe, 0xfe, 0xfe, 0xfe, 0xfe, 0xfe, 0xfe, 0xfe, 0xfe, 0xfe, 0xfe, 0xfe, 0xfe, 0xfe, 0xfe, 0xfe, 0xfe,
  0xfe, 0xfe, 0xfe, 0xfe, 0xfe, 0xfe, 0xfe, 0xfe, 0xfe, 0xfe, 0xfe, 0xfe, 0xfe, 0xfe, 0xfe, 0xfe, 0xfe, 0xfe, 0xfe, 0xfe, 0xfe, 0xfe, 0xfe, 0xfe,
  0xfe, 0xfe, 0xfe, 0xfe, 0xfe, 0xfe, 0xfe, 0xfe, 0xfe, 0xfe, 0xfe, 0xfe, 0xfe, 0xfe, 0xfe, 0xfe, 0xfe, 0xfe, 0xfe, 0xfe, 0xfe, 0xfe, 0xfe, 0xfe,
  0xfe, 0xfe, 0xfe, 0xfe, 0xfe, 0xfe, 0xfe, 0xfe, 0xfe, 0xfe, 0xfe, 0xfe, 0x4e, 0x02, 0x15, 0xe4, 0x05, 0x02, 0xfe, 0xfe, 0xfe, 0xfe, 0xfe, 0x5e,
  0x02, 0x0e, 0x02, 0xe5, 0x34, 0xfe, 0xfe, 0xfe, 0xae, 0xfe, 0xfe, 0xfe, 0x4e, 0x06, 0xc0, 0x0f, 0x30, 0x07, 0xfe, 0xfe, 0xfe, 0xfe, 0xfe, 0x7e,
  0x02, 0x50, 0x4f, 0x00, 0x3f, 0x00, 0x0f, 0x03, 0x02, 0xfe, 0xfe, 0xfe, 0x9e, 0xfe, 0xfe, 0xfe, 0x42, 0x07, 0x30, 0x7f, 0x50, 0x03, 0x04, 0x32,
  0xfe, 0xfe, 0xfe, 0xfe, 0xde, 0x42, 0x06, 0x60, 0x1f, 0x40, 0x1f, 0x10, 0x03, 0x04, 0x32, 0xfe, 0xfe, 0xfe, 0x5e, 0xfe, 0xfe, 0xfe, 0x07, 0x80,
  0x6f, 0xc0, 0x05, 0xfe, 0xfe, 0xfe, 0xfe, 0xbe, 0x02, 0x07, 0xf0, 0x30, 0x3f, 0x33, 0x00, 0x05, 0xfe, 0xfe, 0xfe, 0x4e, 0xfe, 0xfe, 0xce, 0x12,
  0x05, 0xa0, 0x5f, 0xc0, 0x06, 0x12, 0xfe, 0xfe, 0xfe, 0xfe, 0x7e, 0x02, 0x15, 0x03, 0xf0, 0x20, 0x8f, 0x00, 0x03, 0x04, 0x12, 0xfe, 0xfe, 0xfe,
  0x1e, 0xfe, 0xfe, 0xbe, 0x02, 0x03, 0xf0, 0xe0, 0x0f, 0x00, 0x0f, 0x00, 0x04, 0xfe, 0xfe, 0xfe, 0xfe, 0x6e, 0x06, 0xf0, 0x60, 0x9f, 0x10, 0x06,
  0xfe, 0xfe, 0xfe, 0x1e, 0xfe, 0xfe, 0xae, 0x02, 0x05, 0xf0, 0xf0, 0x1f, 0x10, 0x07, 0x05, 0x02, 0xfe, 0xfe, 0xfe, 0xfe, 0x2e, 0x06, 0x07, 0x03,
  0xf0, 0x70, 0x7f, 0x20, 0x03, 0x05, 0x02, 0xfe, 0xfe, 0xfe, 0xfe, 0xfe, 0x9e, 0x04, 0x03, 0xf0, 0xf0, 0x00, 0x3f, 0x10, 0x04, 0xfe, 0xfe, 0xfe,
  0xfe, 0x22, 0x03, 0xf0, 0xa0, 0x5f, 0x50, 0x03, 0x02, 0xfe, 0xfe, 0xee, 0xfe, 0xfe, 0x6e, 0x02, 0x14, 0x06, 0xf0, 0xf0, 0x70, 0x03, 0x06, 0x07,
  0x05, 0xfe, 0xfe, 0xfe, 0xce, 0x06, 0x00, 0x03, 0xc0, 0x1f, 0xf0, 0x0f, 0x80, 0x17, 0x06, 0xfe, 0xfe, 0xce, 0xfe, 0xfe, 0x6e, 0x06, 0xf0, 0xf0,
  0xd0, 0x03, 0x02, 0xfe, 0xfe, 0xfe, 0xae, 0x06, 0xe0, 0x2f, 0xf0, 0xb0, 0x0f, 0x04, 0xfe, 0xfe, 0xbe, 0xfe, 0xfe, 0x5e, 0x04, 0x03, 0xf0, 0xf0,
  0xe0, 0x03, 0x05, 0xfe, 0xfe, 0xfe, 0x8e, 0x05, 0xe0, 0x0f, 0xf0, 0xf0, 0x03, 0x05, 0xfe, 0xfe, 0xae, 0xfe, 0xfe, 0x4e, 0x06, 0xf0, 0xf0, 0xf0,
  0x10, 0x03, 0x02, 0xfe, 0xfe, 0xfe, 0x6e, 0x06, 0xf0, 0xf0, 0xf0, 0x10, 0x03, 0x02, 0xfe, 0xfe, 0x9e, 0xfe, 0xfe, 0x3e, 0x02, 0x03, 0xf0, 0x70,
  0x06, 0x05, 0x86, 0xf0, 0x03, 0x04, 0xfe, 0xfe, 0xfe, 0x4e, 0x04, 0x03, 0xe0, 0x06, 0x85, 0x06, 0xf0, 0x70, 0x0f, 0x03, 0x04, 0xfe, 0xfe, 0x8e,
  0xfe, 0xfe, 0x2e, 0x05, 0x03, 0xf0, 0x50, 0x23, 0x02, 0x4e, 0x22, 0x0e, 0x04, 0x03, 0x20, 0x0f, 0xb0, 0x06, 0x02, 0xfe, 0xfe, 0xfe, 0x2e, 0x05,
  0x03, 0xc0, 0x23, 0x02, 0x8e, 0x02, 0x03, 0xf0, 0x60, 0x0f, 0x00, 0x06, 0x02, 0xfe, 0xfe, 0x7e, 0xfe, 0xfe, 0x1e, 0x02, 0x03, 0xf0, 0x50, 0x03,
  0x04, 0x92, 0x04, 0x02, 0x14, 0x05, 0x04, 0x06, 0xd0, 0x07, 0x02, 0xfe, 0xfe, 0xfe, 0x0e, 0x02, 0x03, 0xc0, 0x03, 0x24, 0xa2, 0x24, 0x07, 0xf0,
  0x20, 0x1f, 0x10, 0x07, 0xfe, 0xfe, 0x7e, 0xfe, 0xfe, 0x0e, 0x05, 0x03, 0xf0, 0x40, 0x03, 0x07, 0x05, 0xf2, 0x0e, 0x04, 0x13, 0x00, 0x0f, 0x90,
  0x03, 0x06, 0x02, 0xfe, 0xfe, 0xee, 0x02, 0x07, 0xb0, 0x03, 0x06, 0x04, 0xf2, 0x02, 0x05, 0x13, 0xf0, 0x00, 0x4f, 0x06, 0x02, 0xfe, 0xfe, 0x5e,
  0xfe, 0xfe, 0x0e, 0x06, 0xf0, 0x40, 0x03, 0x04, 0x42, 0x04, 0x05, 0x34, 0x35, 0x04, 0x42, 0x04, 0x03, 0x00, 0x0f, 0xa0, 0x05, 0xfe, 0xfe, 0xee,
  0x05, 0x00, 0x0f, 0xa0, 0x06, 0x42, 0x94, 0x52, 0x04, 0xf0, 0x00, 0x3f, 0x00, 0x0f, 0x04, 0xfe, 0xfe, 0x5e, 0xfe, 0xfe, 0x0e, 0x05, 0xf0, 0x30,
  0x06, 0x05, 0x52, 0x0a, 0x81, 0x0b, 0x52, 0x04, 0x03, 0xb0, 0x05, 0x0e, 0x02, 0xfe, 0xfe, 0xce, 0x05, 0xa0, 0x03, 0x06, 0x04, 0x32, 0x04, 0x91,
  0x04, 0x52, 0x06, 0x03, 0x00, 0x0f, 0xf0, 0x00, 0x1f, 0x02, 0xfe, 0xfe, 0x5e, 0xfe, 0xfe, 0x02, 0x06, 0xf0, 0x20, 0x03, 0x42, 0x05, 0x09, 0x08,
  0x0d, 0x81, 0x0d, 0x08, 0x05, 0x42, 0x04, 0x03, 0x0f, 0x90, 0x05, 0xfe, 0xfe, 0xde, 0x02, 0x06, 0xa0, 0x04, 0x32, 0x05, 0x18, 0x91, 0x08, 0x09,
  0x04, 0x42, 0x05, 0x10, 0x1f, 0xf0, 0x00, 0x05, 0x02, 0xfe, 0xfe, 0x4e, 0xfe, 0xee, 0x02, 0x07, 0x0f, 0xf0, 0x10, 0x07, 0x05, 0x32, 0x04, 0x0d,
  0xd1, 0x0d, 0x04, 0x52, 0x03, 0x00, 0x0f, 0x70, 0x03, 0x05, 0xfe, 0xfe, 0xbe, 0x02, 0x07, 0x90, 0x03, 0x05, 0x32, 0x04, 0x0c, 0xd1, 0x0b, 0x42,
  0x04, 0x05, 0x03, 0x00, 0x0f, 0xf0, 0x10, 0x06, 0xfe, 0xfe, 0x4e, 0xfe, 0xee, 0x02, 0xf0, 0x20, 0x03, 0x04, 0x32, 0x04, 0x08, 0xf1, 0x0a, 0x08,
  0x42, 0x04, 0x03, 0x90, 0x03, 0x02, 0xfe, 0xfe, 0xae, 0x02, 0x03, 0x80, 0x03, 0x06, 0x32, 0x06, 0x0a, 0xf1, 0x0a, 0x05, 0x0e, 0x12, 0x0e, 0x02,
  0x06, 0x00, 0x0f, 0xf0, 0x10, 0x07, 0xfe, 0xfe, 0x4e, 0xfe, 0xde, 0x02, 0x06, 0xf0, 0x10, 0x03, 0x05, 0x32, 0x04, 0x0d, 0xf1, 0x21, 0x04, 0x42,
  0x06, 0x03, 0x0f, 0x70, 0x03, 0x04, 0x02, 0xfe, 0xfe, 0x8e, 0x05, 0x07, 0x0f, 0x70, 0x03, 0x04, 0x42, 0x0b, 0xf1, 0x11, 0x0b, 0x04, 0x42, 0x06,
  0xf0, 0x20, 0x03, 0x06, 0x02, 0xfe, 0xfe, 0x2e, 0xfe, 0xde, 0x07, 0xf0, 0x20, 0x03, 0x04, 0x32, 0x08, 0xf1, 0x31, 0x0a, 0x05, 0x42, 0x07, 0x00,
  0x0f, 0x80, 0x05, 0xfe, 0xfe, 0x8e, 0x05, 0x90, 0x03, 0x04, 0x22, 0x05, 0x0c, 0xf1, 0x31, 0x0a, 0x32, 0x0e, 0x05, 0xf0, 0x10, 0x0f, 0x10, 0x02,
  0xfe, 0xfe, 0x2e, 0xfe, 0xde, 0x06, 0xf0, 0x10, 0x03, 0x05, 0x22, 0x04, 0x0a, 0xf1, 0x51, 0x0a, 0x05, 0x32, 0x06, 0x03, 0x0f, 0x80, 0x04, 0xfe,
  0xfe, 0x8e, 0x04, 0x80, 0x06, 0x04, 0x32, 0x0a, 0xf1, 0x51, 0x0c, 0x04, 0x32, 0x05, 0x03, 0xf0, 0x10, 0x03, 0x02, 0xfe, 0xfe, 0x2e, 0xfe, 0xbe,
  0x12, 0x06, 0xf0, 0x10, 0x06, 0x22, 0x0e, 0x04, 0xf1, 0x71, 0x0a, 0x42, 0x04, 0x03, 0x00, 0x0f, 0x50, 0x0f, 0x05, 0x02, 0xfe, 0xfe, 0x6e, 0x04,
  0x07, 0x80, 0x06, 0x42, 0x0a, 0xf1, 0x61, 0x0b, 0x32, 0x0e, 0x06, 0xf0, 0x10, 0x03, 0x07, 0x04, 0xfe, 0xfe, 0x1e, 0xfe, 0xbe, 0x04, 0xf0, 0x30,
  0x06, 0x22, 0x04, 0x05, 0x0a, 0xf1, 0x61, 0x0a, 0x42, 0x04, 0x03, 0x90, 0x07, 0x02, 0xfe, 0xfe, 0x5e, 0x07, 0x90, 0x07, 0x22, 0x04, 0x09, 0x0a,
  0xf1, 0x61, 0x0a, 0x42, 0x07, 0xf0, 0x2f, 0x00, 0x06, 0xfe, 0xfe, 0x1e, 0xfe, 0xbe, 0x05, 0xf0, 0x20, 0x03, 0x05, 0x22, 0x0c, 0xf1, 0x81, 0x0d,
  0x0c, 0x04, 0x22, 0x04, 0x03, 0x90, 0x07, 0x02, 0xfe, 0xfe, 0x5e, 0x07, 0x00, 0x0f, 0x60, 0x06, 0x04, 0x22, 0x0c, 0xf1, 0x91, 0x0a, 0x05, 0x22,
  0x05, 0x03, 0xc0, 0x4f, 0x00, 0x06, 0xfe, 0xfe, 0x1e, 0xfe, 0xbe, 0x05, 0xf0, 0x10, 0x03, 0x04, 0x02, 0x04, 0x12, 0x0c, 0xf1, 0xa1, 0x08, 0x22,
  0x14, 0x06, 0x80, 0x03, 0x02, 0xfe, 0xfe, 0x5e, 0x07, 0x00, 0x0f, 0x60, 0x04, 0x32, 0x0c, 0xf1, 0xa1, 0x08, 0x32, 0x04, 0x0f, 0x40, 0x0f, 0x10,
  0x8f, 0x00, 0x06, 0xfe, 0xfe, 0x1e, 0xfe, 0xbe, 0x04, 0xf0, 0x20, 0x04, 0x32, 0x0c, 0xf1, 0xa1, 0x08, 0x02, 0x24, 0x02, 0x05, 0x80, 0x03, 0x02,
  0xfe, 0xfe, 0x5e, 0x06, 0x70, 0x03, 0x04, 0x32, 0x0b, 0xf1, 0xa1, 0x05, 0x32, 0x04, 0x0f, 0x30, 0xcf, 0x00, 0x05, 0xfe, 0xfe, 0x1e, 0xfe, 0xbe,
  0x02, 0xf0, 0x10, 0x03, 0x04, 0x22, 0x0e, 0x09, 0xf1, 0xa1, 0x08, 0x12, 0x14, 0x02, 0x06, 0x80, 0x07, 0xfe, 0xfe, 0x6e, 0x06, 0x70, 0x03, 0x32,
  0x0e, 0x0c, 0xf1, 0xa1, 0x05, 0x32, 0x04, 0x0f, 0x00, 0xff, 0x00, 0x06, 0xfe, 0xfe, 0x1e, 0xfe, 0x9e, 0x12, 0x06, 0xf0, 0x20, 0x04, 0x12, 0x04,
  0x09, 0x0b, 0xf1, 0xa1, 0x0b, 0x09, 0x24, 0x02, 0x06, 0x60, 0x0f, 0x00, 0x03, 0x05, 0x02, 0xfe, 0xfe, 0x2e, 0x04, 0x06, 0x03, 0x70, 0x03, 0x04,
  0x12, 0x04, 0x09, 0x0a, 0xf1, 0xa1, 0x0c, 0x05, 0x04, 0x12, 0x04, 0x10, 0xff, 0x00, 0x03, 0x06, 0x04, 0xfe, 0xfe, 0xfe, 0x9e, 0x02, 0xf0, 0x20,
  0x03, 0x06, 0x04, 0x12, 0x08, 0xf1, 0xe1, 0x05, 0x02, 0x04, 0x02, 0x06, 0x60, 0x2f, 0x00, 0x07, 0xfe, 0xfe, 0x2e, 0x05, 0x10, 0x0f, 0x50, 0x06,
  0x24, 0x02, 0x08, 0xf1, 0xe1, 0x04, 0x12, 0x04, 0x07, 0x03, 0xff, 0x0f, 0x10, 0x06, 0xfe, 0xfe, 0xfe, 0x9e, 0x04, 0xf0, 0x20, 0x05, 0x12, 0x04,
  0x02, 0x08, 0xf1, 0xe1, 0x05, 0x02, 0x04, 0x02, 0x04, 0x06, 0x03, 0x40, 0x1f, 0x10, 0x07, 0xfe, 0xfe, 0x2e, 0x05, 0x10, 0x1f, 0x30, 0x0f, 0x04,
  0x02, 0x14, 0x02, 0x08, 0xf1, 0xe1, 0x04, 0x22, 0x0e, 0x05, 0x00, 0xff, 0x0f, 0x00, 0x06, 0xfe, 0xfe, 0xfe, 0x9e, 0x04, 0xf0, 0x10, 0x0f, 0x05,
  0x12, 0x04, 0x02, 0x08, 0xf1, 0xe1, 0x05, 0x02, 0x14, 0x12, 0x07, 0x40, 0x1f, 0x10, 0x07, 0xfe, 0xfe, 0x2e, 0x05, 0x10, 0x1f, 0x30, 0x0f, 0x04,
  0x12, 0x04, 0x02, 0x08, 0xf1, 0xe1, 0x04, 0x22, 0x0e, 0x06, 0x00, 0xff, 0x0f, 0x00, 0x06, 0xfe, 0xfe, 0xfe, 0x9e, 0x04, 0xf0, 0x10, 0x0f, 0x05,
  0x12, 0x04, 0x02, 0x08, 0xf1, 0xe1, 0x05, 0x02, 0x24, 0x02, 0x07, 0x30, 0x3f, 0x00, 0x07, 0xfe, 0xfe, 0x2e, 0x05, 0x10, 0x1f, 0x30, 0x0f, 0x04,
  0x12, 0x04, 0x02, 0x08, 0xf1, 0xe1, 0x04, 0x32, 0x06, 0x00, 0xff, 0x0f, 0x00, 0x06, 0xfe, 0xfe, 0xfe, 0x9e, 0x04, 0xf0, 0x20, 0x05, 0x02, 0x14,
  0x02, 0x08, 0xf1, 0xe1, 0x05, 0x02, 0x24, 0x02, 0x07, 0x30, 0x3f, 0x00, 0x07, 0xfe, 0xfe, 0x2e, 0x06, 0x00, 0x0f, 0x00, 0x1f, 0x20, 0x0f, 0x04,
  0x12, 0x04, 0x02, 0x08, 0xf1, 0xe1, 0x04, 0x32, 0x06, 0x00, 0xff, 0x0f, 0x00, 0x06, 0xfe, 0xfe, 0xfe, 0x9e, 0x04, 0xf0, 0x20, 0x05, 0x02, 0x14,
  0x02, 0x08, 0xf1, 0xe1, 0x05, 0x02, 0x24, 0x02, 0x07, 0x30, 0x3f, 0x00, 0x07, 0xfe, 0xfe, 0x2e, 0x06, 0x00, 0x0f, 0x00, 0x2f, 0x10, 0x0f, 0x04,
  0x12, 0x04, 0x02, 0x08, 0xf1, 0xe1, 0x04, 0x32, 0x06, 0x00, 0xff, 0x0f, 0x00, 0x05, 0xfe, 0xfe, 0xfe, 0x9e, 0x05, 0xf0, 0x20, 0x05, 0x02, 0x14,
  0x02, 0x08, 0xf1, 0xe1, 0x05, 0x02, 0x14, 0x12, 0x06, 0x00, 0x0f, 0x00, 0x4f, 0x00, 0x07, 0xfe, 0xfe, 0x2e, 0x06, 0x00, 0x0f, 0x10, 0x2f, 0x00,
  0x0f, 0x04, 0x12, 0x04, 0x02, 0x09, 0xf1, 0xe1, 0x04, 0x32, 0x06, 0x00, 0xff, 0x0f, 0x00, 0x05, 0xfe, 0xfe, 0xfe, 0x9e, 0x05, 0xf0, 0x20, 0x05,
  0x02, 0x14, 0x02, 0x08, 0xf1, 0xe1, 0x05, 0x42, 0x06, 0x00, 0x2f, 0x40, 0x07, 0xfe, 0xfe, 0x2e, 0x06, 0x30, 0x2f, 0x00, 0x0f, 0x04, 0x32, 0x09,
  0xf1, 0xe1, 0x04, 0x32, 0x06, 0x00, 0xff, 0x0f, 0x00, 0x05, 0xfe, 0xfe, 0xfe, 0x9e, 0x05, 0xf0, 0x20, 0x05, 0x02, 0x14, 0x02, 0x08, 0xf1, 0xe1,
  0x05, 0x42, 0x06, 0x00, 0x2f, 0x40, 0x07, 0xfe, 0xfe, 0x2e, 0x06, 0x40, 0x1f, 0x00, 0x0f, 0x04, 0x32, 0x09, 0xf1, 0xe1, 0x04, 0x32, 0x06, 0x00,
  0xff, 0x0f, 0x00, 0x05, 0xfe, 0xfe, 0xfe, 0x9e, 0x05, 0xf0, 0x20, 0x05, 0x02, 0x14, 0x02, 0x08, 0xf1, 0xe1, 0x05, 0x42, 0x06, 0x00, 0x2f, 0x40,
  0x07, 0xfe, 0xfe, 0x2e, 0x06, 0x40, 0x1f, 0x00, 0x0f, 0x04, 0x32, 0x09, 0xf1, 0xe1, 0x04, 0x32, 0x06, 0x00, 0xff, 0x0f, 0x00, 0x05, 0xfe, 0xfe,
  0xfe, 0x9e, 0x05, 0xf0, 0x20, 0x05, 0x02, 0x14, 0x02, 0x08, 0xf1, 0xe1, 0x05, 0x42, 0x06, 0x00, 0x2f, 0x40, 0x07, 0xfe, 0xfe, 0x2e, 0x06, 0x40,
  0x1f, 0x00, 0x0f, 0x04, 0x32, 0x09, 0xf1, 0xe1, 0x04, 0x32, 0x06, 0x00, 0xff, 0x0f, 0x00, 0x06, 0xfe, 0xfe, 0xfe, 0x9e, 0x05, 0xf0, 0x20, 0x05,
  0x02, 0x14, 0x02, 0x08, 0xf1, 0xe1, 0x05, 0x42, 0x06, 0x00, 0x2f, 0x40, 0x07, 0xfe, 0xfe, 0x2e, 0x06, 0x40, 0x1f, 0x00, 0x0f, 0x04, 0x32, 0x09,
  0xf1, 0xe1, 0x04, 0x32, 0x06, 0x00, 0xff, 0x0f, 0x00, 0x06, 0xfe, 0xfe, 0xfe, 0x9e, 0x05, 0xf0, 0x20, 0x05, 0x02, 0x14, 0x02, 0x09, 0xf1, 0xe1,
  0x09, 0x42, 0x06, 0x00, 0x2f, 0x40, 0x07, 0xfe, 0xfe, 0x2e, 0x06, 0x40, 0x1f, 0x00, 0x0f, 0x04, 0x32, 0x09, 0xf1, 0xd1, 0x0a, 0x04, 0x32, 0x06,
  0x00, 0xff, 0x0f, 0x00, 0x06, 0xfe, 0xfe, 0xfe, 0x9e, 0x05, 0xf0, 0x20, 0x05, 0x02, 0x04, 0x32, 0x0b, 0xf1, 0xa1, 0x0d, 0x08, 0x04, 0x42, 0x06,
  0x00, 0x2f, 0x40, 0x07, 0xfe, 0xfe, 0x2e, 0x06, 0x80, 0x04, 0x32, 0x04, 0x09, 0x0a, 0xf1, 0xa1, 0x08, 0x52, 0x06, 0x00, 0xff, 0x0f, 0x00, 0x06,
  0xfe, 0xfe, 0xfe, 0x9e, 0x05, 0xf0, 0x20, 0x05, 0x02, 0x04, 0x32, 0x08, 0xf1, 0xa1, 0x0b, 0x62, 0x06, 0x00, 0x2f, 0x40, 0x07, 0xfe, 0xfe, 0x2e,
  0x06, 0x80, 0x04, 0x02, 0x04, 0x32, 0x0b, 0xf1, 0xa1, 0x09, 0x52, 0x06, 0x00, 0xff, 0x0f, 0x00, 0x06, 0xfe, 0xfe, 0xfe, 0x9e, 0x05, 0xf0, 0x20,
  0x05, 0x52, 0x08, 0xf1, 0xa1, 0x0b, 0x62, 0x06, 0x00, 0x3f, 0x30, 0x07, 0xfe, 0xfe, 0x2e, 0x06, 0x80, 0x04, 0x02, 0x04, 0x12, 0x04, 0x02, 0x0b,
  0xf1, 0xa1, 0x09, 0x52, 0x06, 0x00, 0xff, 0x0f, 0x00, 0x06, 0xfe, 0xfe, 0xfe, 0x9e, 0x05, 0xf0, 0x20, 0x04, 0x52, 0x08, 0xf1, 0xa1, 0x0b, 0x02,
  0x04, 0x42, 0x06, 0x00, 0x3f, 0x30, 0x07, 0xfe, 0xfe, 0x2e, 0x05, 0x80, 0x04, 0x02, 0x14, 0x02, 0x04, 0x02, 0x0b, 0xf1, 0xa1, 0x09, 0x42, 0x0e,
  0x05, 0x00, 0xff, 0x0f, 0x00, 0x06, 0xfe, 0xfe, 0xfe, 0x9e, 0x05, 0xf0, 0x20, 0x04, 0x62, 0x05, 0xf1, 0x81, 0x0a, 0x09, 0x02, 0x14, 0x02, 0x04,
  0x12, 0x06, 0x00, 0x3f, 0x30, 0x07, 0xfe, 0xfe, 0x2e, 0x05, 0x80, 0x06, 0x05, 0x02, 0x04, 0x22, 0x09, 0x0b, 0xf1, 0x71, 0x0a, 0x08, 0x04, 0x42,
  0x04, 0x06, 0x00, 0xff, 0x0f, 0x00, 0x06, 0xfe, 0xfe, 0xfe, 0x9e, 0x05, 0xf0, 0x20, 0x03, 0x06, 0x52, 0x04, 0xf1, 0x71, 0x0a, 0x04, 0x02, 0x34,
  0x02, 0x04, 0x05, 0x03, 0x00, 0x1f, 0x00, 0x1f, 0x20, 0x07, 0xfe, 0xfe, 0x2e, 0x05, 0x90, 0x03, 0x02, 0x04, 0x42, 0x0a, 0xf1, 0x61, 0x0c, 0x12,
  0x04, 0x02, 0x04, 0x02, 0x04, 0x03, 0xff, 0x2f, 0x00, 0x06, 0xfe, 0xfe, 0xfe, 0x9e, 0x04, 0xf0, 0x30, 0x03, 0x52, 0x04, 0x05, 0x0a, 0xf1, 0x51,
  0x0a, 0x12, 0x34, 0x02, 0x05, 0x0f, 0x00, 0x0f, 0x00, 0x5f, 0x00, 0x07, 0xfe, 0xfe, 0x2e, 0x06, 0x90, 0x03, 0x02, 0x04, 0x42, 0x0a, 0xf1, 0x61,
  0x08, 0x32, 0x04, 0x02, 0x04, 0x10, 0xff, 0x1f, 0x00, 0x06, 0xfe, 0xfe, 0xfe, 0x9e, 0x05, 0xf0, 0x30, 0x03, 0x72, 0x0c, 0xf1, 0x41, 0x0a, 0x05,
  0x02, 0x04, 0x02, 0x04, 0x02, 0x04, 0x02, 0x05, 0x0f, 0x00, 0x0f, 0x10, 0x3f, 0x10, 0x07, 0xfe, 0xfe, 0x2e, 0x05, 0x90, 0x03, 0x02, 0x04, 0x42,
  0x05, 0x0c, 0xf1, 0x41, 0x05, 0x62, 0x04, 0x03, 0x00, 0xff, 0x0f, 0x10, 0x05, 0xfe, 0xfe, 0xfe, 0x9e, 0x02, 0x06, 0x03, 0xf0, 0x10, 0x03, 0x62,
  0x14, 0x08, 0xf1, 0x21, 0x08, 0x62, 0x04, 0x02, 0x05, 0x0f, 0x20, 0x3f, 0x00, 0x03, 0x04, 0x02, 0xfe, 0xfe, 0x3e, 0x02, 0x07, 0x70, 0x03, 0x82,
  0x0b, 0xf1, 0x11, 0x0d, 0x08, 0x52, 0x04, 0x12, 0x03, 0x00, 0xff, 0x00, 0x07, 0x04, 0x02, 0xfe, 0xfe, 0xfe, 0xbe, 0x05, 0xf0, 0x10, 0x03, 0x12,
  0x04, 0x22, 0x14, 0x02, 0x05, 0x0b, 0xf1, 0x0d, 0x0b, 0x04, 0x62, 0x04, 0x02, 0x04, 0x50, 0x1f, 0x00, 0x03, 0x02, 0xfe, 0xfe, 0x5e, 0x07, 0x00,
  0x0f, 0x50, 0x03, 0x04, 0x72, 0x09, 0x0b, 0xf1, 0x0d, 0x09, 0x62, 0x04, 0x02, 0x04, 0x03, 0x00, 0xff, 0x00, 0x06, 0xfe, 0xfe, 0x1e, 0xfe, 0xbe,
  0x05, 0xf0, 0x20, 0x07, 0x04, 0x12, 0x14, 0x22, 0x04, 0x02, 0x05, 0xe1, 0x05, 0x82, 0x14, 0x06, 0x80, 0x03, 0x02, 0xfe, 0xfe, 0x5e, 0x07, 0x90,
  0x04, 0x82, 0x0c, 0xd1, 0x0a, 0x92, 0x06, 0x00, 0xff, 0x1f, 0x00, 0x07, 0xfe, 0xfe, 0x1e, 0xfe, 0xbe, 0x05, 0xf0, 0x30, 0x06, 0x02, 0x14, 0x52,
  0x04, 0x18, 0x0d, 0x81, 0x0d, 0x19, 0xa2, 0x03, 0x80, 0x0f, 0x07, 0x02, 0xfe, 0xfe, 0x5e, 0x07, 0x90, 0x92, 0x05, 0x09, 0x08, 0x91, 0x0b, 0x08,
  0x05, 0x92, 0x03, 0x00, 0xff, 0x1f, 0x00, 0x06, 0xfe, 0xfe, 0x1e, 0xfe, 0xbe, 0x05, 0xf0, 0x30, 0x05, 0x02, 0x14, 0x82, 0x0b, 0x81, 0x0c, 0xc2,
  0x07, 0x90, 0x07, 0x02, 0xfe, 0xfe, 0x5e, 0x07, 0x80, 0x03, 0xc2, 0x0d, 0x81, 0x09, 0xb2, 0x03, 0x00, 0x0f, 0x00, 0xff, 0x00, 0x07, 0xfe, 0xfe,
  0x1e, 0xfe, 0xbe, 0x05, 0xf0, 0x30, 0x06, 0x14, 0x92, 0x84, 0xd2, 0x04, 0x03, 0x60, 0x1f, 0x03, 0x05, 0xfe, 0xfe, 0x6e, 0x06, 0x03, 0x80, 0x07,
  0x04, 0xa2, 0x94, 0xa2, 0x04, 0x06, 0x03, 0x00, 0xff, 0x1f, 0x03, 0x05, 0xfe, 0xfe, 0x1e, 0xfe, 0xbe, 0x02, 0x06, 0x03, 0xf0, 0x20, 0x03, 0x04,
  0xf2, 0xf2, 0x02, 0x06, 0x80, 0x03, 0x04, 0xfe, 0xfe, 0x8e, 0x02, 0x03, 0x80, 0x04, 0xf2, 0xf2, 0x07, 0x00, 0xff, 0x1f, 0x00, 0x03, 0x04, 0xfe,
  0xfe, 0x2e, 0xfe, 0xde, 0x07, 0x00, 0x0f, 0xf0, 0x00, 0x03, 0x04, 0xf2, 0xf2, 0x07, 0x90, 0x03, 0x02, 0xfe, 0xfe, 0x8e, 0x02, 0x03, 0x80, 0x06,
  0x04, 0xf2, 0xe2, 0x07, 0x00, 0xdf, 0x00, 0x1f, 0x10, 0x03, 0x02, 0xfe, 0xfe, 0x2e, 0xfe, 0xde, 0x07, 0xf0, 0x30, 0x06, 0xf2, 0xf2, 0x03, 0x90,
  0x03, 0x02, 0xfe, 0xfe, 0x8e, 0x02, 0xa0, 0x06, 0xf2, 0xd2, 0x06, 0x03, 0xef, 0x40, 0x03, 0x02, 0xfe, 0xfe, 0x2e, 0xfe, 0xce, 0x02, 0x06, 0x03,
  0xf0, 0x30, 0x05, 0xf2, 0xc2, 0x04, 0x06, 0x03, 0x80, 0x03, 0x04, 0xfe, 0xfe, 0x9e, 0x02, 0x06, 0x03, 0x80, 0x03, 0x04, 0xf2, 0xb2, 0x05, 0xff,
  0x0f, 0x30, 0x03, 0x04, 0xfe, 0xfe, 0x3e, 0xfe, 0xde, 0x02, 0x05, 0xf0, 0x30, 0x03, 0x05, 0xf2, 0xa2, 0x0e, 0x06, 0xa0, 0x06, 0xfe, 0xfe, 0xce,
  0x06, 0x70, 0x0f, 0x00, 0x03, 0x12, 0x04, 0xf2, 0x72, 0x04, 0x03, 0xff, 0x1f, 0x00, 0x0f, 0x00, 0x07, 0xfe, 0xfe, 0x4e, 0xfe, 0xee, 0x04, 0xf0,
  0x20, 0x0f, 0x00, 0x03, 0x04, 0xf2, 0x92, 0x05, 0x03, 0x90, 0x03, 0x05, 0xfe, 0xfe, 0xce, 0x05, 0xa0, 0x06, 0x05, 0xf2, 0x72, 0x06, 0x03, 0xff,
  0x2f, 0x10, 0x07, 0x05, 0xfe, 0xfe, 0x4e, 0xfe, 0xee, 0x02, 0x05, 0x07, 0xf0, 0x00, 0x0f, 0x00, 0x0f, 0x07, 0x06, 0xf2, 0x72, 0x06, 0xa0, 0x03,
  0x04, 0xfe, 0xfe, 0xee, 0x02, 0x07, 0x90, 0x03, 0xf2, 0x52, 0x14, 0x03, 0x00, 0xff, 0x4f, 0x04, 0xfe, 0xfe, 0x5e, 0xfe, 0xfe, 0x0e, 0x06, 0xf0,
  0x10, 0x1f, 0x00, 0x03, 0x04, 0xf2, 0x52, 0x06, 0xc0, 0x04, 0xfe, 0xfe, 0xee, 0x02, 0x03, 0x00, 0x0f, 0x80, 0x03, 0x06, 0x04, 0xf2, 0x22, 0x07,
  0x00, 0xff, 0x4f, 0x10, 0x05, 0xfe, 0xfe, 0x5e, 0xfe, 0xfe, 0x02, 0x03, 0xf0, 0x20, 0x0f, 0x10, 0x13, 0x05, 0xf2, 0x02, 0x04, 0x06, 0x07, 0x03,
  0xb0, 0x03, 0x04, 0xfe, 0xfe, 0xee, 0x02, 0x07, 0x1f, 0xa0, 0x03, 0x04, 0xf2, 0x06, 0x03, 0x0f, 0x00, 0xff, 0x4f, 0x03, 0x06, 0x02, 0xfe, 0xfe,
  0x5e, 0xfe, 0xfe, 0x0e, 0x05, 0x03, 0xf0, 0x10, 0x1f, 0x20, 0x03, 0x24, 0xa2, 0x04, 0x05, 0x04, 0x05, 0xd0, 0x03, 0x02, 0xfe, 0xfe, 0xfe, 0x0e,
  0x02, 0x06, 0x00, 0x1f, 0x90, 0x03, 0x17, 0x04, 0x92, 0x06, 0x07, 0x06, 0x03, 0x10, 0xff, 0x4f, 0x00, 0x06, 0xfe, 0xfe, 0x7e, 0xfe, 0xfe, 0x1e,
  0x04, 0xf0, 0x70, 0x03, 0x10, 0x04, 0x0e, 0x82, 0x06, 0x10, 0x03, 0xc0, 0x03, 0x05, 0xfe, 0xfe, 0xfe, 0x2e, 0x02, 0x13, 0xd0, 0x05, 0x92, 0x03,
  0x10, 0xff, 0x7f, 0x07, 0x02, 0xfe, 0xfe, 0x7e, 0xfe, 0xfe, 0x2e, 0x06, 0xf0, 0x90, 0x06, 0x04, 0x65, 0x16, 0x03, 0xe0, 0x03, 0x05, 0xfe, 0xfe,
  0xfe, 0x4e, 0x02, 0x03, 0x00, 0x0f, 0xb0, 0xa3, 0xff, 0x1f, 0x00, 0x6f, 0x07, 0x02, 0xfe, 0xfe, 0x8e, 0xfe, 0xfe, 0x2e, 0x02, 0x06, 0xf0, 0xb0,
  0x0f, 0xf0, 0x50, 0x0f, 0x05, 0xfe, 0xfe, 0xfe, 0x6e, 0x02, 0x07, 0xf0, 0x80, 0xef, 0x10, 0x0f, 0x20, 0x1f, 0x00, 0x03, 0x02, 0xfe, 0xfe, 0x9e,
  0xfe, 0xfe, 0x3e, 0x02, 0x06, 0xf0, 0xf0, 0xf0, 0x10, 0x06, 0xfe, 0xfe, 0xfe, 0x8e, 0x04, 0xe0, 0xff, 0x8f, 0x60, 0x0f, 0x03, 0x04, 0xfe, 0xfe,
  0xae, 0xfe, 0xfe, 0x4e, 0x02, 0x06, 0xf0, 0xf0, 0xf0, 0x05, 0xfe, 0xfe, 0xfe, 0xae, 0x04, 0x0f, 0xd0, 0xff, 0x6f, 0x80, 0x04, 0xfe, 0xfe, 0xbe,
  0xfe, 0xfe, 0x5e, 0x02, 0x07, 0x00, 0x03, 0x0f, 0xf0, 0xf0, 0x70, 0x23, 0x06, 0xfe, 0xfe, 0xfe, 0xce, 0x06, 0x13, 0x0f, 0x90, 0xff, 0x8f, 0x30,
  0x0f, 0x06, 0x15, 0x02, 0xfe, 0xfe, 0xbe, 0xfe, 0xfe, 0x6e, 0x12, 0x04, 0x03, 0xf0, 0xf0, 0x70, 0x06, 0x22, 0xfe, 0xfe, 0xfe, 0xde, 0x12, 0x03,
  0x00, 0x3f, 0x50, 0xff, 0x7f, 0x10, 0x0f, 0x00, 0x07, 0x02, 0xfe, 0xfe, 0xee, 0xfe, 0xfe, 0x9e, 0x06, 0x13, 0xf0, 0xf0, 0x30, 0x03, 0x07, 0x05,
  0xfe, 0xfe, 0xfe, 0xfe, 0x2e, 0x16, 0x03, 0x80, 0xdf, 0x20, 0x1f, 0x00, 0x0f, 0x40, 0x03, 0x04, 0x02, 0xfe, 0xfe, 0xfe, 0xfe, 0xfe, 0x9e, 0x12,
  0x07, 0xf0, 0xf0, 0x30, 0x06, 0x02, 0xfe, 0xfe, 0xfe, 0xfe, 0x5e, 0x05, 0x00, 0x03, 0x2f, 0x50, 0xbf, 0x40, 0x2f, 0x10, 0x07, 0x03, 0x05, 0xfe,
  0xfe, 0xfe, 0x1e, 0xfe, 0xfe, 0xbe, 0x04, 0x17, 0x03, 0x0f, 0xf0, 0xc0, 0x03, 0x05, 0x06, 0x02, 0xfe, 0xae, 0xf2, 0x02, 0xfe, 0xae, 0x22, 0x06,
  0x80, 0xbf, 0x70, 0x07, 0x22, 0xfe, 0xfe, 0xfe, 0x1e, 0xfe, 0xfe, 0xce, 0x02, 0x0e, 0x05, 0xf0, 0xd0, 0x05, 0xfe, 0xce, 0x02, 0x07, 0x03, 0x07,
  0xc3, 0x07, 0xfe, 0xde, 0x04, 0x33, 0x0f, 0x40, 0xaf, 0x20, 0x03, 0x07, 0x03, 0x17, 0x05, 0xfe, 0xfe, 0xfe, 0x4e, 0xfe, 0xfe, 0xee, 0x02, 0x06,
  0x17, 0x06, 0x03, 0xf0, 0x20, 0x03, 0x06, 0x35, 0x02, 0xfe, 0xae, 0x02, 0x05, 0x06, 0x0f, 0x00, 0x0f, 0xc0, 0x0f, 0x05, 0x02, 0x04, 0x02, 0xfe,
  0x9e, 0x42, 0x06, 0xd0, 0x0f, 0x20, 0x0f, 0x04, 0x32, 0xfe, 0xfe, 0xfe, 0x5e, 0xfe, 0xfe, 0xfe, 0x1e, 0x02, 0x0e, 0x05, 0xf0, 0x20, 0x07, 0xfe,
  0xfe, 0x06, 0x03, 0x10, 0xff, 0x1f, 0x10, 0x05, 0x02, 0xfe, 0xde, 0x04, 0xf0, 0x10, 0x03, 0x02, 0xfe, 0xfe, 0xfe, 0x9e, 0xfe, 0xfe, 0xfe, 0x3e,
  0x02, 0x07, 0x03, 0xc7, 0x03, 0x17, 0x03, 0x05, 0xfe, 0xde, 0x04, 0x06, 0x10, 0xff, 0x4f, 0x00, 0x03, 0x07, 0x04, 0xfe, 0xae, 0x02, 0x0e, 0x02,
  0x24, 0x35, 0x44, 0x12, 0x44, 0x02, 0xfe, 0xfe, 0xfe, 0x9e, 0xfe, 0xfe, 0xfe, 0x4e, 0xf2, 0x22, 0xfe, 0xde, 0x04, 0x03, 0x00, 0xff, 0x7f, 0x10,
  0x03, 0x02, 0xfe, 0xfe, 0xfe, 0xfe, 0xfe, 0xfe, 0xae, 0xfe, 0xfe, 0xfe, 0xfe, 0xfe, 0xfe, 0x4e, 0x05, 0x03, 0x00, 0xff, 0xbf, 0x07, 0x02, 0xfe,
  0xfe, 0xfe, 0xfe, 0xfe, 0xfe, 0x9e, 0xfe, 0xfe, 0xfe, 0xfe, 0xfe, 0xfe, 0x3e, 0x02, 0x03, 0x00, 0xff, 0xcf, 0x00, 0x07, 0xfe, 0xfe, 0xfe, 0xfe,
  0xfe, 0xfe, 0x9e, 0xfe, 0xfe, 0xfe, 0xfe, 0xfe, 0xfe, 0x2e, 0x02, 0x03, 0xff, 0xff, 0x00, 0x06, 0x02, 0xfe, 0xfe, 0xfe, 0xfe, 0xfe, 0xfe, 0x7e,
  0xfe, 0xfe, 0xfe, 0xfe, 0xfe, 0xfe, 0x2e, 0x04, 0x10, 0xff, 0xef, 0x10, 0x05, 0xfe, 0xfe, 0xfe, 0xfe, 0xfe, 0xfe, 0x7e, 0xfe, 0xfe, 0xfe, 0xfe,
  0xfe, 0xfe, 0x2e, 0x05, 0x00, 0xff, 0xff, 0x10, 0x05, 0xfe, 0xfe, 0xfe, 0xfe, 0xfe, 0xfe, 0x7e, 0xfe, 0xfe, 0xfe, 0xfe, 0xfe, 0xfe, 0x1e, 0x05,
  0x03, 0xff, 0xff, 0x0f, 0x00, 0x0f, 0x06, 0x02, 0xfe, 0xfe, 0xfe, 0xfe, 0xfe, 0xfe, 0x6e, 0xfe, 0xfe, 0xfe, 0xfe, 0xfe, 0xfe, 0x0e, 0x02, 0x03,
  0x00, 0xff, 0xff, 0x2f, 0x00, 0x07, 0xfe, 0xfe, 0xfe, 0xfe, 0xfe, 0xfe, 0x6e, 0xfe, 0xfe, 0xfe, 0xfe, 0xfe, 0xfe, 0x0e, 0x02, 0x03, 0x00, 0xff,
  0xff, 0x2f, 0x00, 0x07, 0xfe, 0xfe, 0xfe, 0xfe, 0xfe, 0xfe, 0x6e, 0xfe, 0xfe, 0xfe, 0xfe, 0xfe, 0xfe, 0x0e, 0x02, 0x03, 0x00, 0xff, 0xff, 0x2f,
  0x00, 0x07, 0x02, 0xfe, 0xfe, 0xfe, 0xfe, 0xfe, 0xfe, 0x5e, 0xfe, 0xfe, 0xfe, 0xfe, 0xfe, 0xfe, 0x0e, 0x02, 0x03, 0x00, 0xff, 0xff, 0x2f, 0x00,
  0x07, 0xfe, 0xfe, 0xfe, 0xfe, 0xfe, 0xfe, 0x6e, 0xfe, 0xfe, 0xfe, 0xfe, 0xfe, 0xfe, 0x02, 0x06, 0x03, 0x00, 0xff, 0xff, 0x2f, 0x00, 0x03, 0x04,
  0xfe, 0xfe, 0xfe, 0xfe, 0xfe, 0xfe, 0x5e, 0xfe, 0xfe, 0xfe, 0xfe, 0xfe, 0xfe, 0x07, 0x10, 0x0f, 0x00, 0xff, 0xff, 0x0f, 0x30, 0x04, 0xfe, 0xfe,
  0xfe, 0xfe, 0xfe, 0xfe, 0x4e, 0xfe, 0xfe, 0xfe, 0xfe, 0xfe, 0xfe, 0x07, 0x00, 0x0f, 0x10, 0xff, 0xff, 0x0f, 0x30, 0x05, 0xfe, 0xfe, 0xfe, 0xfe,
  0xfe, 0xfe, 0x4e, 0xfe, 0xfe, 0xfe, 0xfe, 0xfe, 0xfe, 0x06, 0x00, 0x0f, 0x10, 0xff, 0xff, 0x0f, 0x30, 0x05, 0xfe, 0xfe, 0xfe, 0xfe, 0xfe, 0xfe,
  0x4e, 0xfe, 0xfe, 0xfe, 0xfe, 0xfe, 0xfe, 0x07, 0x00, 0x1f, 0x00, 0xff, 0xff, 0x0f, 0x30, 0x05, 0xfe, 0xfe, 0xfe, 0xfe, 0xfe, 0xfe, 0x4e, 0xfe,
  0xfe, 0xfe, 0xfe, 0xfe, 0xfe, 0x07, 0x00, 0xff, 0xff, 0x3f, 0x30, 0x05, 0xfe, 0xfe, 0xfe, 0xfe, 0xfe, 0xfe, 0x4e, 0xfe, 0xfe, 0xfe, 0xfe, 0xfe,
  0xfe, 0x06, 0x00, 0xff, 0xff, 0x3f, 0x30, 0x05, 0xfe, 0xfe, 0xfe, 0xfe, 0xfe, 0xfe, 0x4e, 0xfe, 0xfe, 0xfe, 0xfe, 0xfe, 0xfe, 0x06, 0x00, 0xff,
  0xff, 0x3f, 0x30, 0x05, 0xfe, 0xfe, 0xfe, 0xfe, 0xfe, 0xfe, 0x4e, 0xfe, 0xfe, 0xfe, 0xfe, 0xfe, 0xfe, 0x06, 0x00, 0xff, 0xff, 0x3f, 0x30, 0x05,
  0xfe, 0xfe, 0xfe, 0xfe, 0xfe, 0xfe, 0x4e, 0xfe, 0xfe, 0xfe, 0xfe, 0xfe, 0xfe, 0x06, 0x00, 0xff, 0xff, 0x3f, 0x30, 0x05, 0xfe, 0xfe, 0xfe, 0xfe,
  0xfe, 0xfe, 0x4e, 0xfe, 0xfe, 0xfe, 0xfe, 0xfe, 0xfe, 0x06, 0x00, 0xff, 0xff, 0x3f, 0x30, 0x05, 0xfe, 0xfe, 0xfe, 0xfe, 0xfe, 0xfe, 0x4e, 0xfe,
  0xfe, 0xfe, 0xfe, 0xfe, 0xfe, 0x06, 0x00, 0xff, 0xff, 0x3f, 0x30, 0x05, 0xfe, 0xfe, 0xfe, 0xfe, 0xfe, 0xfe, 0x4e, 0xfe, 0xfe, 0xfe, 0xfe, 0xfe,
  0xfe, 0x06, 0x00, 0xff, 0xff, 0x3f, 0x30, 0x05, 0xfe, 0xfe, 0xfe, 0xfe, 0xfe, 0xfe, 0x4e, 0xfe, 0xfe, 0xfe, 0xfe, 0xfe, 0xfe, 0x06, 0x00, 0xff,
  0xff, 0x3f, 0x30, 0x05, 0xfe, 0xfe, 0xfe, 0xfe, 0xfe, 0xfe, 0x4e, 0xfe, 0xfe, 0xfe, 0xfe, 0xfe, 0xfe, 0x07, 0x00, 0xff, 0xff, 0x3f, 0x30, 0x05,
  0xfe, 0xfe, 0xfe, 0xfe, 0xfe, 0xfe, 0x4e, 0xfe, 0xfe, 0xfe, 0xfe, 0xfe, 0xfe, 0x07, 0x00, 0xff, 0xff, 0x3f, 0x30, 0x05, 0xfe, 0xfe, 0xfe, 0xfe,
  0xfe, 0xfe, 0x4e, 0xfe, 0xfe, 0xfe, 0xfe, 0xfe, 0xfe, 0x07, 0x00, 0xff, 0xff, 0x3f, 0x30, 0x05, 0xfe, 0xfe, 0xfe, 0xfe, 0xfe, 0xfe, 0x4e, 0xfe,
  0xfe, 0xfe, 0xfe, 0xfe, 0xfe, 0x07, 0x00, 0xff, 0xff, 0x3f, 0x30, 0x05, 0xfe, 0xfe, 0xfe, 0xfe, 0xfe, 0xfe, 0x4e, 0xfe, 0xfe, 0xfe, 0xfe, 0xfe,
  0xfe, 0x06, 0x00, 0xff, 0xff, 0x3f, 0x30, 0x05, 0xfe, 0xfe, 0xfe, 0xfe, 0xfe, 0xfe, 0x4e, 0xfe, 0xfe, 0xfe, 0xfe, 0xfe, 0xfe, 0x06, 0x00, 0xff,
  0xff, 0x3f, 0x30, 0x05, 0xfe, 0xfe, 0xfe, 0xfe, 0xfe, 0xfe, 0x4e, 0xfe, 0xfe, 0xfe, 0xfe, 0xfe, 0xfe, 0x06, 0x00, 0xff, 0xff, 0x3f, 0x30, 0x05,
  0xfe, 0xfe, 0xfe, 0xfe, 0xfe, 0xfe, 0x4e, 0xfe, 0xfe, 0xfe, 0xfe, 0xfe, 0xfe, 0x07, 0x00, 0xff, 0xff, 0x3f, 0x30, 0x05, 0xfe, 0xfe, 0xfe, 0xfe,
  0xfe, 0xfe, 0x4e, 0xfe, 0xfe, 0xfe, 0xfe, 0xfe, 0xfe, 0x07, 0x00, 0xff, 0xff, 0x3f, 0x30, 0x05, 0xfe, 0xfe, 0xfe, 0xfe, 0xfe, 0xfe, 0x4e, 0xfe,
  0xfe, 0xfe, 0xfe, 0xfe, 0xfe, 0x07, 0x00, 0xff, 0xff, 0x3f, 0x30, 0x05, 0xfe, 0xfe, 0xfe, 0xfe, 0xfe, 0xfe, 0x4e, 0xfe, 0xfe, 0xfe, 0xfe, 0xfe,
  0xfe, 0x07, 0x00, 0xff, 0xff, 0x3f, 0x30, 0x04, 0xfe, 0xfe, 0xfe, 0xfe, 0xfe, 0xfe, 0x4e, 0xfe, 0xfe, 0xfe, 0xfe, 0xfe, 0xfe, 0x07, 0x00, 0xff,
  0xff, 0x3f, 0x30, 0x04, 0xfe, 0xfe, 0xfe, 0xfe, 0xfe, 0xfe, 0x4e, 0xfe, 0xfe, 0xfe, 0xfe, 0xfe, 0xfe, 0x07, 0x00, 0xff, 0xff, 0x3f, 0x30, 0x05,
  0xfe, 0xfe, 0xfe, 0xfe, 0xfe, 0xfe, 0x4e, 0xfe, 0xfe, 0xfe, 0xfe, 0xfe, 0xfe, 0x07, 0x00, 0xff, 0xff, 0x2f, 0x40, 0x05, 0xfe, 0xfe, 0xfe, 0xfe,
  0xfe, 0xfe, 0x4e, 0xfe, 0xfe, 0xfe, 0xfe, 0xfe, 0xfe, 0x07, 0x00, 0xff, 0xff, 0x2f, 0x40, 0x05, 0xfe, 0xfe, 0xfe, 0xfe, 0xfe, 0xfe, 0x4e, 0xfe,
  0xfe, 0xfe, 0xfe, 0xfe, 0xfe, 0x07, 0x00, 0xff, 0xff, 0x3f, 0x30, 0x05, 0xfe, 0xfe, 0xfe, 0xfe, 0xfe, 0xfe, 0x4e, 0xfe, 0xfe, 0xfe, 0xfe, 0xfe,
  0xfe, 0x07, 0x00, 0xff, 0xff, 0x2f, 0x40, 0x05, 0xfe, 0xfe, 0xfe, 0xfe, 0xfe, 0xfe, 0x4e, 0xfe, 0xfe, 0xfe, 0xfe, 0xfe, 0xfe, 0x07, 0x00, 0xff,
  0xff, 0x2f, 0x40, 0x05, 0xfe, 0xfe, 0xfe, 0xfe, 0xfe, 0xfe, 0x4e, 0xfe, 0xfe, 0xfe, 0xfe, 0xfe, 0xfe, 0x07, 0x00, 0xff, 0xff, 0x2f, 0x40, 0x05,
  0xfe, 0xfe, 0xfe, 0xfe, 0xfe, 0xfe, 0x4e, 0xfe, 0xfe, 0xfe, 0xfe, 0xfe, 0xfe, 0x06, 0x00, 0xff, 0xff, 0x3f, 0x30, 0x05, 0xfe, 0xfe, 0xfe, 0xfe,
  0xfe, 0xfe, 0x4e, 0xfe, 0xfe, 0xfe, 0xfe, 0xfe, 0xfe, 0x02, 0x04, 0x00, 0xff, 0xff, 0x3f, 0x00, 0x07, 0x12, 0xfe, 0xfe, 0xfe, 0xfe, 0xfe, 0xfe,
  0x4e, 0xfe, 0xfe, 0xfe, 0xfe, 0xfe, 0xfe, 0x0e, 0x02, 0x03, 0x00, 0xff, 0xff, 0x2f, 0x00, 0x05, 0xfe, 0xfe, 0xfe, 0xfe, 0xfe, 0xfe, 0x6e, 0xfe,
  0xfe, 0xfe, 0xfe, 0xfe, 0xfe, 0x0e, 0x02, 0x10, 0xff, 0xff, 0x2f, 0x00, 0x06, 0xfe, 0xfe, 0xfe, 0xfe, 0xfe, 0xfe, 0x6e, 0xfe, 0xfe, 0xfe, 0xfe,
  0xfe, 0xfe, 0x0e, 0x02, 0x03, 0x00, 0xff, 0xff, 0x1f, 0x10, 0x06, 0xfe, 0xfe, 0xfe, 0xfe, 0xfe, 0xfe, 0x6e, 0xfe, 0xfe, 0xfe, 0xfe, 0xfe, 0xfe,
  0x1e, 0x04, 0x03, 0x00, 0xff, 0xff, 0x10, 0x06, 0x02, 0xfe, 0xfe, 0xfe, 0xfe, 0xfe, 0xfe, 0x6e, 0xfe, 0xfe, 0xfe, 0xfe, 0xfe, 0xfe, 0x2e, 0x07,
  0x00, 0x0f, 0x00, 0xff, 0xdf, 0x10, 0x04, 0xfe, 0xfe, 0xfe, 0xfe, 0xfe, 0xfe, 0x7e, 0xfe, 0xfe, 0xfe, 0xfe, 0xfe, 0xfe, 0x2e, 0x04, 0x06, 0x10,
  0xff, 0xcf, 0x00, 0x03, 0x05, 0x02, 0xfe, 0xfe, 0xfe, 0xfe, 0xfe, 0xfe, 0x7e, 0xfe, 0xfe, 0xfe, 0xfe, 0xfe, 0xfe, 0x3e, 0x02, 0x03, 0x00, 0x0f,
  0x00, 0xff, 0x9f, 0x10, 0x06, 0xfe, 0xfe, 0xfe, 0xfe, 0xfe, 0xfe, 0x9e, 0xfe, 0xfe, 0xfe, 0xfe, 0xfe, 0xfe, 0x4e, 0x02, 0x05, 0x20, 0xff, 0x5f,
  0x20, 0x07, 0x05, 0x02, 0xfe, 0xfe, 0xfe, 0xfe, 0xfe, 0xfe, 0x9e, 0xfe, 0xfe, 0xfe, 0xfe, 0xfe, 0xfe, 0x6e, 0x05, 0x07, 0x06, 0x0f, 0xf0, 0x40,
  0x03, 0x06, 0x07, 0x02, 0xfe, 0xfe, 0xfe, 0xfe, 0xfe, 0xfe, 0xbe, 0xfe, 0xfe, 0xfe, 0xfe, 0xfe, 0xfe, 0x8e, 0x02, 0x07, 0x00, 0xe3, 0x40, 0x06,
  0x12, 0xfe, 0xfe, 0xfe, 0xfe, 0xfe, 0xfe, 0xce, 0xfe, 0xfe, 0xfe, 0xfe, 0xfe, 0xfe, 0x9e, 0x02, 0x04, 0xe2, 0x44, 0x02, 0xfe, 0xfe, 0xfe, 0xfe,
  0xfe, 0xfe, 0xee, 0xfe, 0xfe, 0xfe, 0xfe, 0xfe, 0xfe, 0xfe, 0xfe, 0xfe, 0xfe, 0xfe, 0xfe, 0xfe, 0xfe, 0xfe, 0xfe, 0xfe, 0xfe, 0xfe, 0xfe, 0xfe,
  0xfe, 0xfe, 0xfe, 0xfe, 0xfe, 0xfe, 0xfe, 0xfe, 0xfe, 0xfe, 0xfe, 0xfe, 0xfe, 0xfe, 0xfe, 0xfe, 0xfe, 0xfe, 0xfe, 0xfe, 0xfe, 0xfe, 0xfe, 0xfe,
  0xfe, 0xfe, 0xfe, 0xfe, 0xfe, 0xfe, 0xfe, 0xfe, 0xfe, 0xfe, 0xfe, 0xfe, 0xfe, 0xfe, 0xfe, 0xfe, 0xfe, 0xfe, 0xfe, 0xfe, 0xfe, 0xfe, 0xfe, 0xfe,
  0xfe, 0xfe, 0xfe, 0xfe, 0xfe, 0xfe, 0xfe, 0xfe, 0xfe, 0xfe, 0xfe, 0xfe, 0xfe, 0xfe, 0xfe, 0xfe, 0xfe, 0xfe, 0xfe, 0xfe, 0xfe, 0xfe, 0xfe, 0xfe,
  0xfe, 0xfe, 0xfe, 0xfe, 0xfe, 0xfe, 0xfe, 0xfe, 0xfe, 0xfe, 0xfe, 0xfe, 0xfe, 0xfe, 0xfe, 0xfe, 0xfe, 0xfe, 0xfe, 0xfe, 0xfe, 0xfe, 0xfe, 0xfe,
  0xfe, 0xfe, 0xfe, 0xfe, 0xfe, 0xfe, 0xfe, 0xfe, 0xfe, 0xfe, 0xfe, 0xfe, 0xfe, 0xfe, 0xfe, 0xfe, 0xfe, 0xfe, 0xfe, 0xfe, 0xfe, 0xfe, 0xfe, 0xfe,
  0xfe, 0xfe, 0xfe, 0xfe, 0xfe, 0xfe, 0xfe, 0xfe, 0xfe, 0xfe, 0xfe, 0xfe, 0xfe, 0xfe, 0xfe, 0xfe, 0xfe, 0xfe, 0xfe, 0xfe, 0xfe, 0xfe, 0xfe, 0xfe,
  0xfe, 0xfe, 0xfe, 0xfe, 0xfe, 0xfe, 0xfe, 0xfe, 0xfe, 0xfe, 0xfe, 0xfe, 0xfe, 0xfe, 0xfe, 0xfe, 0xfe, 0xfe, 0xfe, 0xfe, 0xfe, 0xfe, 0xfe, 0xfe,
  0xfe, 0xfe, 0xfe, 0xfe, 0xfe, 0xfe, 0xfe, 0xfe, 0xfe, 0xfe, 0xfe, 0xfe, 0xfe, 0xfe, 0xfe, 0xfe, 0xfe, 0xfe, 0xfe, 0xfe, 0xfe,
};

static const FaceBitmap FACE_BITMAPS[] = {
  {240, 202, FACE_00_PALETTE, FACE_00_RUNS, sizeof(FACE_00_RUNS)}, // 00
  {240, 202, FACE_01_PALETTE, FACE_01_RUNS, sizeof(FACE_01_RUNS)}, // 01
  {240, 202, FACE_02_PALETTE, FACE_02_RUNS, sizeof(FACE_02_RUNS)}, // 02
  {240, 202, FACE_03_PALETTE, FACE_03_RUNS, sizeof(FACE_03_RUNS)}, // 03
  {240, 202, FACE_04_PALETTE, FACE_04_RUNS, sizeof(FACE_04_RUNS)}, // 04
  {240, 202, FACE_05_PALETTE, FACE_05_RUNS, sizeof(FACE_05_RUNS)}, // 05
  {240, 202, FACE_06_PALETTE, FACE_06_RUNS, sizeof(FACE_06_RUNS)}, // 06
  {240, 202, FACE_07_PALETTE, FACE_07_RUNS, sizeof(FACE_07_RUNS)}, // 07
  {240, 202, FACE_08_PALETTE, FACE_08_RUNS, sizeof(FACE_08_RUNS)}, // 08
  {240, 202, FACE_09_PALETTE, FACE_09_RUNS, sizeof(FACE_09_RUNS)}, // 09
  {240, 202, FACE_10_PALETTE, FACE_10_RUNS, sizeof(FACE_10_RUNS)}, // 10
  {240, 202, FACE_11_PALETTE, FACE_11_RUNS, sizeof(FACE_11_RUNS)}, // 11
  {240, 202, FACE_12_PALETTE, FACE_12_RUNS, sizeof(FACE_12_RUNS)}, // 12
  {240, 202, FACE_13_PALETTE, FACE_13_RUNS, sizeof(FACE_13_RUNS)}, // 13
  {240, 202, FACE_14_PALETTE, FACE_14_RUNS, sizeof(FACE_14_RUNS)}, // 14
  {240, 202, FACE_15_PALETTE, FACE_15_RUNS, sizeof(FACE_15_RUNS)}, // 15
};
#endif
